# File exported by Houdini 21.0.440 (www.sidefx.com)
# 4976 points
# 19896 vertices
# 4974 primitives
# Bounds: [-5.06251812, -2.75479221, -3.12988663] to [5.2883997, 3.62114882, 3.38148665]
g 
v -4.94274902 -0.149321944 -0.446380824
v -4.95309496 0.0490647331 -0.468468487
v -5.04336786 0.0421006233 -0.191282019
v -5.02345228 -0.165926814 -0.184685394
v -4.91037989 -0.349518597 -0.41793403
v -4.78323078 -0.316018194 -0.665661395
v -4.7989912 -0.122449398 -0.697198033
v -4.79535866 0.0717515349 -0.723324418
v -4.97784424 -0.370357633 -0.171533823
v -4.75413847 0.26797089 -0.734820724
v -4.92655039 0.249922246 -0.469212174
v -4.61431074 -0.0862542391 -0.898152351
v -4.57956314 0.107192867 -0.930824459
v -4.52696896 0.297239155 -0.939377964
v -4.61844969 -0.918641269 -0.0686568469
v -4.4395752 -1.05712783 -0.038575042
v -4.409585 -1.02877998 -0.265724629
v -4.58254719 -0.89485991 -0.303904325
v -4.72362232 -0.726454854 -0.349693209
v -4.77805901 -0.747643709 -0.105691269
v -4.78858471 -0.744235575 0.133563682
v -4.62746859 -0.910216212 0.161851913
v -4.44373226 -1.0494386 0.189392984
v -4.22699261 -1.14909387 -0.0151227769
v -4.20322847 -1.12283087 -0.234103084
v -4.2224164 -1.14010274 0.202932596
v -4.48300266 -0.428280294 -1.39879155
v -4.49515295 -0.426712394 -1.18089676
v -4.46791553 -0.620310903 -1.13575232
v -4.46140957 -0.641909242 -1.35016286
v -4.42421198 -0.421089888 -1.61011076
v -4.39165926 -0.194281727 -1.638273
v -4.4614749 -0.216400921 -1.43750668
v -4.41355085 -0.642485499 -1.56086135
v -4.48438597 -0.223671228 -1.22392654
v -4.35068226 -0.854935467 -1.49757862
v -4.27008629 -0.840347171 -1.69029462
v -4.32192278 -0.629933178 -1.75614774
v -4.32744217 -0.404867053 -1.79845154
v -4.39271021 -0.837497294 -1.29367685
v -4.47922039 -0.422888249 -0.988458455
v -4.44005442 -0.59665513 -0.940706849
v -4.47746181 -0.24158299 -1.02740204
v -4.36071205 -0.76320976 -0.890265107
v -4.393085 -0.808758259 -1.08390796
v -4.61323547 -0.275634497 -0.865978658
v -4.57528925 -0.450219721 -0.818278968
v -4.49948931 -0.623830736 -0.769788563
v -4.39144754 -0.773046672 -0.717590332
v -4.50452518 -0.845886588 -0.528986454
v -4.62759399 -0.681703448 -0.577395141
v -4.34068108 -0.970471442 -0.481159002
v -4.26843071 -0.895747423 -0.670188069
v -4.72514153 -0.503598332 -0.617136002
v -4.8349061 -0.544174731 -0.388449878
v -4.28346682 -0.1585273 -1.81154191
v -4.45258379 -0.0512644164 -1.06142163
v -4.43024206 -0.0295194685 -1.25779283
v -4.39539051 0.130528584 -1.08141339
v -4.33534145 0.162717536 -1.25908494
v -4.16998386 -1.03019905 -1.62452185
v -4.24122047 -1.03346598 -1.43687916
v -4.08251667 -1.19836903 -1.37363851
v -4.01875257 -1.18270004 -1.57684743
v -3.92289019 -1.13428068 -1.77094269
v -4.07067013 -0.998900592 -1.79047966
v -4.16251469 -0.814504385 -1.85677838
v -4.27151966 -1.02955973 -1.22445524
v -4.11955929 -1.17630136 -1.16709411
v -4.28693771 -0.972029507 -1.0188638
v -4.13633966 -1.11781776 -0.963634789
v -4.25730228 -0.915644467 -0.836148977
v -4.12017679 -0.990671396 -0.630162537
v -4.1280427 -1.0318476 -0.788937271
v -3.97912621 -1.22087801 -0.928323209
v -3.96102595 -1.28478801 -1.128106
v -3.91926718 -1.30390012 -1.33722651
v -3.98020148 -1.12786269 -0.74364233
v -4.17193556 -1.06746483 -0.442081243
v -4.19369793 -0.380195498 -1.9555006
v -4.19783211 -0.609901905 -1.92019987
v -4.03702116 -0.594965696 -2.05888462
v -4.03397226 -0.357757419 -2.08733702
v -3.99412131 -0.09418872 -2.05970168
v -4.14899397 -0.115329906 -1.95392013
v -4.00893068 -0.804721892 -1.99418986
v -3.85647249 -0.348880768 -2.17334318
v -3.82339621 -0.0597243607 -2.12700915
v -3.858284 -0.600471795 -2.15071917
v -4.29920959 0.0551055223 -1.63411403
v -4.39176702 0.00142858468 -1.46162915
v -4.1735549 0.116069116 -1.77978504
v -3.74330759 -1.37312865 -1.31555355
v -3.67081356 -1.33809364 -1.54590929
v -3.84066629 -1.28414869 -1.56087661
v -3.78193974 -1.3514868 -1.09161437
v -3.61446261 -1.38585937 -1.07543612
v -3.56274581 -1.39797544 -1.29567516
v -3.52252436 -1.36370087 -1.53050506
v -3.59909678 -1.24227142 -1.7764343
v -3.75677872 -1.20320749 -1.77556777
v -3.45643163 -1.26265264 -1.7575537
v -3.81390262 -1.28809261 -0.893910348
v -3.81825495 -1.19155645 -0.711961329
v -3.65650296 -1.22573829 -0.688219488
v -3.65466762 -1.32225311 -0.875043035
v -3.50627804 -1.33874571 -0.866047561
v -3.4653194 -1.39014018 -1.06079161
v -3.42372656 -1.40026724 -1.2789259
v -3.79817581 -1.21553111 0.00939905364
v -3.81311178 -1.19514132 -0.196549356
v -4.00702524 -1.18273699 -0.205106303
v -4.00718927 -1.20198619 -0.00148015074
v -3.99041605 -1.19517887 0.214237332
v -3.7656374 -1.20331442 0.211241111
v -3.58661819 -1.1949898 0.0136465356
v -3.62207341 -1.18331897 -0.187538996
v -3.56963944 -1.18682039 0.193297744
v -3.34621572 -1.10274529 -1.9391073
v -3.50563955 -1.08626592 -1.96716201
v -3.6792655 -1.05789006 -1.97026801
v -3.97519326 -1.06395757 -0.593186259
v -3.81590176 -1.10536182 -0.555182099
v -3.66824985 -1.11516702 -0.52734375
v -3.52178836 -1.11546886 -0.50288862
v -3.5285778 -1.2429713 -0.681961238
v -3.81497049 -1.13834572 -0.38860321
v -3.64677787 -1.13321996 -0.364107639
v -3.50957108 -1.1193229 -0.328619272
v -3.4112072 -1.16178799 -0.292951614
v -3.43720865 -1.14827287 -0.468886822
v -3.44350386 -1.30368114 -0.66264993
v -3.8294785 0.193704799 -1.98441839
v -4.01388121 0.162085623 -1.89814973
v -3.59988379 0.161307782 -2.07454538
v -3.66410303 -0.614385307 -2.20595622
v -3.67037272 -0.348972619 -2.22745037
v -3.66377401 -0.161433756 -2.18371892
v -3.33257103 -2.03201485 -0.915013134
v -3.24033618 -2.2117033 -0.922666192
v -3.12171292 -2.17721367 -1.10323942
v -3.21611714 -2.00716281 -1.10267186
v -3.41562629 -2.03315616 -0.717366993
v -3.32567453 -2.22266698 -0.724880099
v -3.38770914 -1.83620465 -0.904242814
v -3.46593547 -1.82885206 -0.702882648
v -3.27409506 -1.82295156 -1.08504331
v -3.19877124 -2.38867831 -0.721316099
v -3.11075807 -2.37184787 -0.914395869
v -2.99224448 -2.32988381 -1.08956265
v -3.37104869 -2.21309876 -0.519205451
v -3.37543726 -2.19083786 -0.3087686
v -3.25647402 -2.36438632 -0.309572756
v -3.24821615 -2.3827219 -0.519328952
v -3.45504045 -2.01909208 -0.510314405
v -3.45560718 -1.99574959 -0.301942647
v -3.4986732 -1.8069824 -0.493154794
v -3.34206629 -2.15540171 -0.109548755
v -3.23014426 -2.32751632 -0.112058893
v -3.41744041 -1.96288037 -0.100585781
v -3.11052251 -2.51119304 -0.303589463
v -3.09556699 -2.53093052 -0.510451257
v -3.09315348 -2.4744246 -0.111806899
v -3.2758472 -2.10382152 0.0771880448
v -3.17428231 -2.27347803 0.0731617063
v -3.34336734 -1.92790723 0.086085096
v -3.3019073 -1.64397395 -1.06478846
v -3.4068284 -1.63876259 -0.888107419
v -3.47979116 -1.61889291 -0.680995286
v -3.32412767 -1.27270651 -1.73017013
v -3.21729422 -1.12203336 -1.89954042
v -3.38576889 -1.36759591 -1.50927472
v -3.23572946 -1.33504307 -1.72153127
v -3.15099478 -1.2048167 -1.90442371
v -3.28166103 -1.40940344 -1.50109363
v -3.19834733 -1.44191527 -1.73081136
v -3.12302375 -1.34562302 -1.94507682
v -3.23346281 -1.50273871 -1.4971801
v -3.29831195 -1.41553414 -1.2583828
v -3.36012101 -1.41466379 -1.05091333
v -3.21393371 -1.62371004 -1.49252117
v -3.17045593 -1.59649408 -1.74087608
v -3.23946691 -1.510499 -1.24232614
v -3.2208569 -1.63937867 -1.24321079
v -3.42832899 -1.39358306 -0.859822989
v -3.39968252 -1.49402654 -0.863381505
v -3.30408144 -1.51128089 -1.04367888
v -3.45896554 -1.44911993 -0.659018874
v -3.17128181 -1.80187845 -1.25490522
v -3.4429028 -1.55817103 -0.104458101
v -3.44842958 -1.761222 -0.0960795656
v -3.49027252 -1.78047526 -0.289683968
v -3.4848721 -1.56933367 -0.281930745
v -3.36726832 -1.54585731 0.0697052851
v -3.37097263 -1.74018407 0.0872427151
v -3.40530586 -1.36246765 -0.119646199
v -3.34351206 -1.37062466 0.0324420035
v -3.43870425 -1.35327303 -0.274355859
v -3.64176035 -0.856349885 -2.12045026
v -3.4433887 -0.877917349 -2.12368441
v -3.44952655 -0.629004061 -2.21987963
v -3.83708858 -0.82175982 -2.07750487
v -3.83892751 -1.01380813 -1.94902468
v -3.48194575 -1.15871632 -0.160504669
v -3.38832331 -1.21307659 -0.139173731
v -3.44669509 -1.179129 0.00680083549
v -3.34697676 -1.23952055 0.0101629458
v -3.25080562 -0.88674134 -2.08657765
v -3.27166986 -0.615055084 -2.19989896
v -3.30172515 -0.348648876 -2.22675109
v -3.4859159 -0.351498842 -2.24322987
v -3.13059878 -0.579119921 -2.20722079
v -3.16548443 -0.329128861 -2.23220539
v -3.11070991 -0.884685934 -2.10409331
v -3.3363626 -0.100673623 -2.19268918
v -3.49755287 -0.0756042898 -2.196697
v -2.94698191 -2.62683034 -0.297583461
v -2.93020082 -2.64359093 -0.495310634
v -2.869591 -2.64341593 -0.684207261
v -3.04556322 -2.52889681 -0.708605826
v -2.73751068 -2.72260761 -0.467650235
v -2.67357635 -2.71643758 -0.649031162
v -2.78177643 -2.61445165 -0.860493839
v -2.95787716 -2.50834656 -0.893498659
v -2.58817434 -2.68276262 -0.809631646
v -2.92964458 -2.58070493 -0.10522607
v -2.76870704 -2.69748664 -0.281435519
v -2.75311637 -2.65331483 -0.0918951035
v -2.57680511 -2.6860199 -0.0733243898
v -2.58818007 -2.73710251 -0.255927533
v -2.55078864 -2.75386405 -0.431084275
v -2.78422213 -2.26408005 -1.67067611
v -2.91730857 -2.10516 -1.70192385
v -2.96394563 -2.11292338 -1.47441626
v -2.83355069 -2.26378894 -1.43887174
v -2.71341372 -2.23201656 -1.88606095
v -2.84409714 -2.06596684 -1.92763233
v -2.67482638 -2.39473319 -1.39018512
v -2.62250161 -2.39941692 -1.60862458
v -2.5474565 -2.37108636 -1.82023621
v -2.95251751 -1.88923728 -1.95881045
v -3.02913928 -1.94171226 -1.72741139
v -3.07344151 -1.96247733 -1.48337615
v -2.61021471 -2.16890812 -2.08345628
v -2.74045324 -2.00108957 -2.1337924
v -2.84192014 -1.81781936 -2.15839052
v -3.14923215 -1.79062891 -1.49354815
v -3.10788465 -1.76614845 -1.73923063
v -3.10532665 -1.9673208 -1.26866794
v -3.00297332 -2.12347603 -1.26628959
v -3.08642626 -1.53534436 -1.96866369
v -3.03304958 -1.07412803 -2.06925631
v -3.01649141 -1.24155807 -2.12491703
v -2.8667376 -1.14218342 -2.28680873
v -2.87991452 -0.967552543 -2.24076009
v -2.92180037 -0.761406422 -2.25787139
v -2.97617841 -1.43126202 -2.15393543
v -2.83758688 -1.33645892 -2.32655668
v -2.98696685 -0.519962907 -2.32581639
v -3.02705288 -0.286011517 -2.33958578
v -2.80824327 -0.455819279 -2.46463752
v -2.85244179 -0.231267765 -2.47477388
v -2.74286795 -0.671930611 -2.4152782
v -2.8862083 0.00192999328 -2.43834376
v -3.05596352 -0.0655331835 -2.31863022
v -3.19658995 -0.0988360867 -2.21224809
v -2.49969912 -2.49718356 -1.33237839
v -2.43431783 -2.51017785 -1.54008341
v -2.56566548 -2.49026871 -1.15275323
v -2.38838434 -2.55414724 -1.083395
v -2.30697751 -2.57305241 -1.25341749
v -2.73063636 -2.39240623 -1.20869792
v -2.22381186 -2.59703994 -1.45472729
v -2.35742569 -2.49270582 -1.74150705
v -2.14204979 -2.58151722 -1.64683855
v -2.84772468 -2.46384096 -1.06159878
v -2.66983318 -2.55644679 -1.02075362
v -2.88028383 -2.2686286 -1.2472614
v -2.48238778 -2.62297821 -0.967318237
v -2.48124051 -2.74918246 -0.585458517
v -2.41729808 -2.74226999 -0.23696366
v -2.36772037 -2.75479221 -0.384471059
v -2.29046392 -2.74675035 -0.514810979
v -2.39536476 -2.71775126 -0.745478213
v -2.20003867 -2.71137714 -0.653704882
v -2.29308701 -2.64872622 -0.895014346
v -2.71943331 -2.57553744 0.0921410397
v -2.54199314 -2.60720515 0.109486043
v -2.88755322 -2.50998712 0.0796868429
v -2.4522562 -2.3163619 -2.01828766
v -2.4428637 -1.82373893 -2.45502114
v -2.33089852 -1.99305904 -2.41152906
v -2.14958096 -1.89113259 -2.52364492
v -2.25054336 -1.73129261 -2.57223678
v -2.33782053 -1.55008411 -2.59598517
v -2.54218411 -1.64491177 -2.48715591
v -2.70664287 -1.73229706 -2.33319926
v -2.61050701 -1.91710281 -2.3095479
v -2.49071789 -2.08910942 -2.25624871
v -2.78517771 -1.53804934 -2.33855605
v -2.92514277 -1.6301192 -2.17018986
v -2.61302686 -1.44784403 -2.48772764
v -2.40923524 -1.35365546 -2.59409666
v -2.12415528 -1.45702195 -2.65784454
v -2.19742918 -1.2612592 -2.66732645
v -2.24592018 -1.05800724 -2.63437271
v -2.45517111 -1.1565994 -2.56882739
v -2.66336918 -1.24635148 -2.47038841
v -2.48790193 -0.961011946 -2.52648902
v -2.27836609 -0.858194947 -2.57750726
v -2.30204391 -0.696685553 -2.54088974
v -2.50360847 -0.772426903 -2.48143387
v -2.68426538 -1.05122435 -2.42398357
v -2.7019124 -0.86557132 -2.37773395
v -2.54816484 -0.6009112 -2.52615476
v -2.60667491 -0.384491563 -2.55851817
v -2.34344363 -0.532709897 -2.58906627
v -2.39637542 -0.305088937 -2.61762094
v -2.65209627 -0.157917082 -2.56479645
v -2.4392755 -0.0826865733 -2.61812639
v -2.16775298 -2.36393762 -2.10429549
v -2.34624028 -2.24259806 -2.19269776
v -2.26758599 -2.44708991 -1.93966913
v -2.05241418 -2.26674223 -2.25166392
v -2.19944239 -2.14179373 -2.34150314
v -1.97744191 -2.46032786 -2.00891447
v -1.87863255 -2.3575716 -2.15159225
v -2.05919719 -2.52973819 -1.83054829
v -2.00719595 -2.62605906 -1.3392992
v -1.91882622 -2.61607671 -1.5285604
v -2.10885024 -2.60535097 -1.16459572
v -1.90615344 -2.60076928 -1.0459733
v -1.7837131 -2.61460662 -1.20950603
v -1.6777215 -2.60767603 -1.40138304
v -2.10645032 -2.64660978 -0.782844603
v -2.00870538 -2.57433057 -0.906214118
v -2.20400143 -2.58476353 -1.01099133
v -2.0186379 -2.66789317 -0.526679754
v -1.92611575 -2.60518217 -0.65263623
v -1.84311044 -2.52866817 -0.787665069
v -2.03139162 -2.03372717 -2.45379877
v -1.91086161 -2.15215683 -2.37250352
v -1.76910317 -2.23559189 -2.28237915
v -2.04173684 -1.63864899 -2.63931513
v -1.94990551 -1.79552364 -2.58788323
v -1.91831958 -1.3655982 -2.69176316
v -1.98148501 -1.16992879 -2.68611908
v -2.0433197 -0.96963352 -2.65160894
v -1.83682358 -1.54311121 -2.66269422
v -1.6410265 -1.45347035 -2.6489296
v -1.71322751 -1.274894 -2.67799377
v -1.78366482 -1.08206069 -2.66516423
v -2.07422996 -0.792417467 -2.58687258
v -1.84520876 -0.89004755 -2.63678312
v -1.87040317 -0.719076455 -2.57015157
v -2.10418725 -0.624805927 -2.56421566
v -2.13800287 -0.451088578 -2.6186161
v -1.92230654 -0.364730239 -2.60244441
v -1.94874716 -0.157342032 -2.62667608
v -2.18259907 -0.22982429 -2.64772415
v -1.89993787 -0.55004555 -2.56711626
v -1.83516109 -2.57943153 -1.71970379
v -1.75971591 -2.49599338 -1.91093063
v -1.67421126 -2.39031672 -2.07018781
v -1.6059339 -2.56922889 -1.60581374
v -1.53057706 -2.48767257 -1.80908728
v -1.71263659 -2.54675889 -0.928683817
v -1.56056607 -2.55049062 -1.06556571
v -1.78983557 -2.53064227 -0.502702594
v -1.88067365 -2.600106 -0.368625939
v -1.70402408 -2.45019555 -0.642961562
v -1.68001235 -2.42470646 -0.331245571
v -1.5917089 -2.33700895 -0.481903017
v -1.77402103 -2.4876554 -0.203106478
v -1.58602834 -2.45510292 -0.753857493
v -1.48452711 -2.30763006 -0.585351586
v -1.35511255 -2.30738354 -0.680379272
v -1.43814981 -2.44953537 -0.864784658
v -1.97963524 -2.63908887 -0.252435386
v -2.11593056 -2.71057749 -0.411110193
v -1.88837922 -2.52923512 -0.0810073167
v -2.201437 -2.73015237 -0.317196935
v -2.09557819 -2.65987563 -0.153101966
v -2.02858377 -2.55696893 0.0220324807
v -1.58059144 -2.26360965 -2.20674825
v -1.74926186 -1.70558143 -2.60871696
v -1.8450042 -1.93418372 -2.52524781
v -1.65229881 -1.85077548 -2.53572989
v -1.56172705 -1.62975764 -2.60221744
v -1.47217894 -1.77841794 -2.50785804
v -1.66213 -0.819343209 -2.5868597
v -1.60852921 -1.00538993 -2.6295557
v -1.46941936 -0.930183828 -2.60857415
v -1.5252248 -0.744097769 -2.59759927
v -1.69942272 -0.645251513 -2.52822137
v -1.55801678 -0.56552577 -2.55778241
v -1.54090261 -1.19028091 -2.6389873
v -1.40353227 -1.11137295 -2.59354401
v -1.71720088 -0.470796436 -2.52530384
v -1.57447052 -0.393137187 -2.5201664
v -1.73427665 -0.286118805 -2.5585959
v -1.75059927 -0.0943875685 -2.57077813
v -1.57815456 -0.2176117 -2.50667167
v -1.59333897 -0.0406935178 -2.49831343
v -1.30878246 -2.4306891 -1.70877278
v -1.26050377 -2.31730437 -1.89684033
v -1.46753192 -2.37141395 -1.99257708
v -1.37390387 -2.50443506 -1.5016017
v -1.36898041 -2.08302236 -2.27777505
v -1.39176702 -2.23683524 -2.14646792
v -1.22551906 -2.18864369 -2.0621655
v -1.20397568 -2.0345068 -2.20041394
v -1.22105944 -1.8726244 -2.3305819
v -1.37547565 -1.92268038 -2.39777017
v -1.55779159 -1.96672809 -2.44950128
v -1.52299869 -2.09671021 -2.33529115
v -1.13181067 -2.35674286 -1.64777446
v -1.09082556 -2.25884819 -1.81633115
v -1.06336033 -2.12524867 -1.96754706
v -1.05629134 -1.98370326 -2.1113925
v -1.28689754 -2.40365362 -0.943706214
v -1.21603441 -2.28451419 -0.769938827
v -1.0552789 -2.30054069 -0.808166564
v -1.1273073 -2.38052726 -0.994602323
v -1.18690872 -2.42656302 -1.20223856
v -1.41719949 -2.49856353 -1.22289908
v -1.51074958 -2.19902253 -0.327448219
v -1.40685725 -2.14862585 -0.443339616
v -1.27248991 -2.13486266 -0.533635259
v -1.20841396 -1.9731108 -0.432343125
v -1.3353951 -1.98998821 -0.331513792
v -1.23098433 -1.9233644 -0.258267641
v -1.15662336 -1.94963908 -0.361501426
v -1.03047168 -1.95244145 -0.39389348
v -1.0721525 -1.99708688 -0.504285932
v -1.13132644 -2.13099337 -0.617348671
v -1.54591906 -2.17023182 -0.0421668701
v -1.44070017 -2.07047606 -0.200304732
v -1.60577834 -2.29453063 -0.170877263
v -1.71065223 -2.35323882 -0.036669746
v -1.66635084 -2.24484825 0.105424851
v -1.41010153 -2.12272882 0.0367154144
v -1.31816137 -2.02009773 -0.118067808
v -1.53055954 -2.1908772 0.261498898
v -1.25320375 -1.45582712 -2.50639081
v -1.33660972 -1.28803217 -2.56781101
v -1.47238874 -1.37080574 -2.61041093
v -1.39124429 -1.54744947 -2.5518775
v -1.11132133 -1.37421119 -2.49021816
v -1.18589532 -1.21843803 -2.59209347
v -1.29941702 -1.71588159 -2.45833278
v -1.15370309 -1.63201261 -2.3984499
v -1.03020775 -1.53716898 -2.34742308
v -1.2717005 -1.04528558 -2.64629483
v -1.32977784 -0.8610062 -2.6722579
v -1.3809793 -0.669475615 -2.66592264
v -1.42198801 -0.485636383 -2.62576938
v -1.21608233 -0.596893549 -2.71677446
v -1.24818254 -0.411138117 -2.67239952
v -1.43257904 -0.311771661 -2.55692434
v -1.25045323 -0.234542623 -2.59725618
v -1.17001772 -0.790880859 -2.72536278
v -1.43602431 -0.142840683 -2.47623777
v -1.17178321 -2.41931868 -1.45427036
v -0.943542421 -2.35415006 -1.6335032
v -0.905075848 -2.25722885 -1.78773439
v -0.988040864 -2.41676569 -1.45778942
v -0.880804896 -2.12150311 -1.9246434
v -0.882072985 -1.9577868 -2.03637075
v -0.785827518 -2.39281845 -1.45977044
v -0.745120347 -2.33268094 -1.60852456
v -0.708079994 -2.24640203 -1.73789632
v -0.674546599 -2.11974287 -1.86543357
v -0.978289783 -2.17306042 -0.653760731
v -0.80809021 -2.19600177 -0.694237888
v -0.874751568 -2.31815696 -0.839448094
v -0.941948712 -2.39884925 -1.01303983
v -0.987742424 -2.43225694 -1.22646821
v -0.933023095 -2.04962182 -0.541770518
v -0.769561648 -2.09776306 -0.587118983
v -0.647894084 -2.18374014 -0.749865651
v -0.697866857 -2.29761863 -0.893289328
v -0.755749881 -2.37825322 -1.05694675
v -0.610761464 -2.09188557 -0.634017289
v -1.03023505 -2.22803497 -0.119023107
v -0.841361165 -2.39757514 -0.130258754
v -0.788742304 -2.31081033 -0.296218544
v -0.972825587 -2.15245986 -0.277953029
v -1.07483292 -2.26841426 0.0556960404
v -0.894685566 -2.43675447 0.0490326658
v -1.17074907 -2.05277443 -0.0891120806
v -1.24078393 -2.10327339 0.0786942095
v -1.09489584 -1.98996007 -0.245937943
v -0.914458454 -2.04689932 -0.424266458
v -0.748490751 -2.16588306 -0.459472865
v -0.946913302 -1.3062886 -2.54810929
v -1.02182245 -1.14942384 -2.64447951
v -0.868264616 -1.44800067 -2.41160893
v -0.9312374 -0.905021548 -2.72726965
v -0.995669007 -0.721259654 -2.74808383
v -1.09692037 -0.978678286 -2.70521903
v -0.788887799 -0.843035161 -2.78683615
v -0.843870461 -0.662404418 -2.80946517
v -0.863925159 -1.06502366 -2.67149329
v -0.723907292 -1.01005983 -2.73153138
v -1.03197908 -0.531216621 -2.73179841
v -0.883619905 -0.470224023 -2.79707408
v -0.90248841 -0.282564193 -2.74825954
v -1.05188191 -0.348624468 -2.68373609
v -0.663844705 -0.80099076 -2.90220571
v -0.712222278 -0.608652174 -2.92625117
v -0.74662292 -0.406427741 -2.91500235
v -0.765619397 -0.0175923947 -2.77147436
v -0.600367785 0.0362794958 -2.86804938
v -0.57523489 0.204560176 -2.7431047
v -0.738794684 0.150842294 -2.64961267
v -0.905784488 -0.104449242 -2.66221571
v -0.768090665 -0.213002935 -2.86496544
v -0.601331472 -0.153944299 -2.96028376
v -0.880848944 0.0745823085 -2.54794049
v -0.505476236 -2.19584274 -1.64543676
v -0.466115415 -2.0678401 -1.75348616
v -0.338108569 -2.11024714 -1.48895025
v -0.297465146 -1.98932076 -1.60392261
v -0.551702499 -2.27662945 -1.52991927
v -0.398767173 -2.20378447 -1.36666965
v -0.439500302 -1.910079 -1.8554219
v -0.651190877 -1.95367539 -1.96978998
v -0.284489512 -1.84535146 -1.71073651
v -0.53814441 -2.24983144 -0.962527752
v -0.597891867 -2.33862758 -1.13129902
v -0.665785253 -2.36349058 -1.27474296
v -0.8003847 -2.41899371 -1.25630653
v -0.498286545 -2.13527393 -0.822579741
v -0.405313671 -2.18842912 -1.06524086
v -0.304435879 -2.10631227 -1.1850667
v -0.477460563 -2.27645135 -1.24382412
v -0.358955622 -2.05725312 -0.899886131
v -0.260802537 -1.99339902 -1.02834237
v -0.525868237 -2.24070525 -0.469727904
v -0.465733886 -2.04159164 -0.698290348
v -0.368953973 -2.0988462 -0.613518536
v -0.237283915 -1.98997545 -0.69615525
v -0.335059971 -1.95760584 -0.783060849
v -0.704316974 -2.55665207 0.0656973049
v -0.644010186 -2.51284194 -0.109715462
v -0.56771493 -2.44902515 -0.26141575
v -0.61333257 -1.59901893 -2.1031301
v -0.500447512 -1.4830004 -2.16585708
v -0.599004328 -1.44155502 -2.32062793
v -0.772595584 -1.5534718 -2.24905324
v -0.434300363 -1.57122087 -1.96431124
v -0.35195142 -1.47144949 -2.01960802
v -0.644586325 -1.76536155 -2.04566503
v -0.441227823 -1.73842216 -1.92702484
v -0.881144941 -1.7270931 -2.18415713
v -0.55697155 -1.27851689 -2.52559614
v -0.695285022 -1.34269524 -2.46322441
v -0.462982565 -1.37182581 -2.39493942
v -0.325725287 -1.37196457 -2.49759126
v -0.431104273 -1.27595234 -2.62605715
v -0.64933151 -1.15566301 -2.64335895
v -0.784726143 -1.21786511 -2.58857608
v -0.520471394 -1.14689279 -2.74656034
v -0.356427372 -1.4348129 -2.25672221
v -0.227788419 -1.45949996 -2.11395597
v -0.207239106 -1.43636215 -2.36436534
v -0.294911623 -1.67532218 -1.79018331
v -0.294761211 -1.52691555 -1.82429409
v -0.232517138 -1.44845808 -1.87919092
v -0.598564804 -0.989021182 -2.84159732
v -0.507485449 -0.764391124 -3.0019114
v -0.554744065 -0.55973202 -3.02647996
v -0.45145148 -0.954942346 -2.93489981
v -0.299257785 -0.908518136 -3.00593424
v -0.348775655 -0.720293224 -3.07119989
v -0.381877273 -0.51641655 -3.09907579
v -0.377704322 -1.11978149 -2.83800697
v -0.229490355 -1.07361579 -2.90775228
v -0.283567846 -1.24990582 -2.72218776
v -0.585974753 -0.354505032 -3.01433444
v -0.405110806 -0.312755913 -3.08104634
v -0.419351488 -0.114587605 -3.02576971
v -0.416053742 0.0714829564 -2.93264914
v -0.235020399 -2.54308367 -0.18771638
v -0.272301555 -2.61259317 -0.0243419092
v -0.0682795569 -2.59825134 0.0134225599
v -0.048963882 -2.5312233 -0.149007425
v -0.401569813 -2.51709294 -0.222347587
v -0.455938876 -2.58163881 -0.0693471581
v -0.170237392 -2.42109227 -0.343468189
v -0.333420098 -2.39788604 -0.3802149
v -0.0161715094 -2.41976523 -0.30021587
v -0.230244026 -2.01239038 -1.31225133
v -0.19198297 -1.89611983 -1.43877518
v -0.18742843 -1.90383196 -1.15438747
v -0.225465298 -2.21058559 -0.544530749
v -0.0600573905 -2.24824381 -0.485569477
v 0.0401317291 -2.11283422 -0.587431252
v -0.114303038 -2.07195091 -0.64803642
v 0.0979663134 -2.25640321 -0.416182727
v 0.221987635 -2.11536503 -0.491953701
v 0.141760752 -2.07885981 -0.707586288
v -0.0113501167 -2.04219055 -0.782298207
v 0.318752259 -2.04772544 -0.610155225
v -0.193648443 -1.61098361 -1.64248765
v -0.202630714 -1.47320008 -1.68775833
v -0.177919447 -1.75722098 -1.5522908
v -0.138164401 -1.80636442 -1.27962399
v -0.127826363 -1.68136263 -1.39523697
v -0.150814414 -1.83724427 -1.02600551
v -0.0923121423 -1.74350142 -1.15080237
v -0.0506956093 -1.6594497 -1.27412844
v -0.126025215 -1.5473721 -1.49206722
v 0.0687381476 -1.70608521 -1.1999048
v 0.11409314 -1.62273729 -1.3342011
v -0.0374238491 -1.54752266 -1.38453948
v 0.0120098023 -1.78481627 -1.07222581
v 0.157690406 -1.85634315 -1.01467907
v 0.213335186 -1.77847719 -1.13974237
v -0.0447628908 -1.89056563 -0.96134752
v 0.085885562 -1.9669503 -0.909963548
v -0.124534927 -1.96092701 -0.839649558
v -0.221888199 -1.90886915 -0.905108273
v -0.174275473 -1.34731066 -2.59930134
v -0.0244847368 -1.28222692 -2.68872666
v -0.140282542 -1.20021749 -2.79599786
v -0.0507220812 -1.39858747 -2.46974802
v 0.0926743001 -1.33352065 -2.57119942
v 0.121569626 -1.18732548 -2.76702857
v 0.0153344972 -1.1218282 -2.85942316
v -0.0751095712 -1.01938462 -2.95461702
v 0.23013635 -1.22333264 -2.66534805
v -0.0819927678 -1.45722497 -2.22407532
v 0.0672349781 -1.42159724 -2.34174061
v -0.102540739 -1.45297492 -1.97464013
v 0.0397484414 -1.44971061 -2.0873363
v -0.13469179 -1.40696394 -1.75468254
v -0.128580466 -1.41152906 -1.55481112
v 0.0136708599 -1.43758118 -1.48444712
v 0.0883987993 -1.35561049 -1.59641063
v -0.0491924956 -1.34920824 -1.65146351
v -0.134547204 -0.861049652 -3.04269218
v -0.173264414 -0.675279737 -3.10586405
v -0.196069047 -0.478991389 -3.12495685
v -0.213291854 -0.280640513 -3.10781837
v -4.86965466 -0.503623724 0.608849466
v -4.95726347 -0.317286611 0.641780734
v -4.91970587 -0.315788954 0.90473783
v -4.83804417 -0.498791724 0.865211666
v -4.88845778 -0.529368758 0.362971634
v -4.96824646 -0.334265471 0.374548435
v -4.72240448 -0.663246334 0.811557472
v -4.73967838 -0.673566639 0.583596885
v -4.76671648 -0.712101161 0.359581828
v -5.03805494 0.0737050474 0.697146237
v -5.01606178 -0.131424338 0.667140603
v -5.01014042 -0.144460082 0.388384044
v -5.02644539 0.0529724136 0.410865754
v -4.99355268 0.0805794671 0.95632714
v -4.97402191 -0.124824204 0.933279216
v -5.02293491 0.278484583 0.709889174
v -4.97433567 0.283071578 0.962270319
v -5.01436758 0.257010669 0.423567712
v -4.81930876 -0.318431854 1.13718569
v -4.74522877 -0.5081563 1.0949719
v -4.87616062 -0.121811882 1.16964805
v -4.67816591 -0.322316051 1.33306837
v -4.60833836 -0.500494242 1.28203094
v -4.7298398 -0.132191941 1.36576927
v -4.57746315 -0.824975431 0.59094274
v -4.610466 -0.87272048 0.385737479
v -4.562994 -0.814513206 0.7840029
v -4.35820293 -0.936907291 0.802430987
v -4.3851881 -0.943900943 0.606741846
v -4.4208436 -0.998984754 0.414410323
v -4.63880301 -0.664850354 1.03646255
v -4.51466179 -0.792816699 0.98032558
v -4.50829649 -0.66187942 1.21345246
v -4.45069838 -0.481181413 1.43808472
v -4.36790609 -0.627540648 1.36732042
v -4.26730299 -0.761430502 1.28655958
v -4.39354181 -0.782558322 1.15169251
v -4.51383305 -0.30457592 1.48954773
v -4.30013895 -0.448706031 1.54552746
v -4.22429895 -0.587150693 1.47525716
v -4.35518742 -0.286481619 1.59726822
v -4.75087166 0.062312752 1.37865674
v -4.57746887 0.0563818924 1.54015756
v -4.55511761 -0.129788488 1.5267185
v -4.89770222 0.076996468 1.18688536
v -4.20116997 -1.09224224 0.431637734
v -4.16799927 -1.03028882 0.642577291
v -3.96193314 -1.14803946 0.429013073
v -4.13456583 -0.719369113 1.39227962
v -4.11816359 -0.578723311 1.57855213
v -4.02175713 -0.696126342 1.49002206
v -4.19387579 -0.441617966 1.65505266
v -4.15091705 -0.503205359 1.82145858
v -4.06305313 -0.649315417 1.73696423
v -3.95759749 -0.773557603 1.64639926
v -3.84321904 -0.875628293 1.53717673
v -3.91481328 -0.800679684 1.38616955
v -4.02977419 -0.835059524 1.27981555
v -4.24894762 -0.297197342 1.71893144
v -4.20595837 -0.345891029 1.89832747
v -3.99149561 -0.721979439 1.92940784
v -3.88278222 -0.860623777 1.82150912
v -4.09042645 -0.568783462 2.03244042
v -4.14912415 -0.3898485 2.12104011
v -4.04857206 -0.419286937 2.32941556
v -3.98251653 -0.614457488 2.23814178
v -3.88810635 -0.787411153 2.12285876
v -3.77557254 -0.927353084 2.00177956
v -4.39134359 -0.122105911 1.63726318
v -4.39978123 0.0562662967 1.65893912
v -4.30301332 0.0494193919 1.78483474
v -4.28529549 -0.134144127 1.7550261
v -4.27324295 0.025886897 1.99217284
v -4.25265837 -0.168495774 1.95428491
v -4.29603958 0.230067208 1.79655945
v -4.26826334 0.230680585 2.00783134
v -4.20420456 0.226656824 2.23537946
v -4.21059418 0.0136407129 2.22201276
v -4.19288158 -0.195618734 2.1905694
v -4.10152912 -0.215258852 2.39876652
v -3.73520589 -1.15739238 0.419500142
v -3.94068408 -1.06422412 0.654651463
v -4.14230824 -1.00570774 0.842741728
v -3.87767768 -0.987032115 0.939346313
v -3.7187295 -1.06929588 0.632927954
v -3.68416238 -1.0190767 0.876739562
v -3.75872588 -0.963643372 1.70100081
v -3.80664206 -0.877689898 1.27523959
v -3.71219802 -0.944110334 1.41739297
v -3.58369231 -0.984524488 1.29718018
v -3.67918968 -0.922573149 1.16165066
v -3.94204235 -0.923578858 1.16094828
v -3.65116 -1.0415858 1.8746177
v -3.50436282 -1.11842978 1.74055314
v -3.62831593 -1.04790056 1.5746882
v -3.64310932 -0.971634507 2.16962218
v -3.51777673 -1.08817077 2.03121543
v -3.36468863 -1.16982591 1.88630652
v -3.75533748 -0.826033771 2.31315637
v -3.84665012 -0.639332056 2.43005538
v -3.67946291 -0.662134409 2.58995605
v -3.59553313 -0.850896776 2.46679044
v -3.49283123 -0.99198693 2.31438255
v -3.36895013 -1.10592592 2.17061901
v -4.14786005 -0.875633419 1.17967999
v -4.10453033 -0.95907408 1.020329
v -3.91361237 -0.441654742 2.5176158
v -3.74795794 -0.460241437 2.68403888
v -3.54235458 -0.466833919 2.82576895
v -3.49459982 -0.667774796 2.72121501
v -3.42082715 -0.857315004 2.58533216
v -3.79147029 -0.248282239 2.75891995
v -3.57572365 -0.25493148 2.90568781
v -3.95982289 -0.235288829 2.59100866
v -3.97248626 -0.0091593666 2.62551546
v -3.79731703 -0.0182769801 2.79794955
v -3.5880549 -0.027658863 2.9451766
v -3.23141551 -1.88367617 0.246758044
v -3.18157625 -2.05239344 0.236191019
v -3.09736252 -2.19491076 0.237772018
v -3.25613117 -1.71388447 0.247054994
v -3.26559138 -1.54868472 0.214413807
v -3.24409485 -1.84960699 0.629115343
v -3.25140691 -1.8369031 0.785072446
v -3.20303941 -2.01614285 0.771312118
v -3.19095969 -2.02280736 0.617063642
v -3.20655203 -1.85355961 0.494919866
v -3.21501684 -1.6863066 0.504396677
v -3.24865484 -1.66755939 0.647086501
v -3.24751258 -1.65146029 0.80902791
v -3.15016913 -2.01677966 0.486348718
v -3.20990849 -1.64668286 0.958837509
v -3.22569108 -1.82546771 0.931691468
v -3.18328238 -2.00368714 0.908218503
v -3.15614033 -1.49408972 0.971661448
v -3.08210897 -1.51205194 1.10778308
v -3.13966465 -1.66177404 1.09622562
v -3.19990015 -1.49281824 0.824629903
v -3.16564679 -1.82517588 1.0641166
v -3.29704618 -1.25244141 0.164986223
v -3.26059556 -1.38022673 0.181078389
v -3.28632689 -1.26364028 0.348017901
v -3.22263718 -1.38978076 0.350048304
v -3.41301942 -1.18184125 0.172374353
v -3.39484668 -1.1781348 0.35895294
v -3.18262768 -1.5384239 0.370882392
v -3.18153429 -1.69814169 0.375092417
v -3.17359257 -1.86156976 0.373373151
v -3.27657008 -1.25262547 0.532062173
v -3.2111237 -1.38076186 0.532984436
v -3.19138336 -1.5245558 0.522023976
v -3.37914658 -1.14875674 0.552034378
v -3.24678898 -1.23041165 0.701821268
v -3.19946408 -1.3614713 0.689078391
v -3.33712983 -1.1021626 0.724112391
v -3.20914316 -1.50316954 0.671621978
v -3.16731882 -1.34922349 0.837964535
v -3.19771361 -1.19991326 0.854682207
v -3.26219392 -1.06212103 0.87943244
v -3.1828723 -1.07223499 1.02218854
v -3.13429141 -1.20906079 0.998365581
v -3.11172557 -1.35044765 0.979848623
v -3.54504848 -1.14154851 0.377780527
v -3.52592587 -1.07280564 0.582197249
v -3.47541785 -1.00849605 0.778955519
v -3.38980484 -0.967723608 0.93306458
v -3.5381217 -0.93476516 1.04002762
v -3.44225144 -1.00341725 1.1820966
v -3.29851484 -1.01229382 1.08740139
v -3.18560028 -1.1129775 1.23558497
v -3.08350444 -1.15107417 1.16556811
v -3.0366931 -1.25935185 1.13585222
v -3.48797965 -1.09042573 1.44788802
v -3.33550334 -1.10936773 1.3330723
v -3.35285735 -1.16971588 1.60433245
v -3.19825816 -1.19114578 1.47669041
v -3.06281495 -1.18428135 1.37039471
v -3.21146989 -1.21626675 1.75340104
v -3.21077657 -1.19720387 2.01620483
v -3.05660105 -1.22840333 1.89129364
v -3.06075072 -1.22680485 1.62058949
v -3.32720613 -0.998754025 2.43368578
v -3.21150064 -1.11461747 2.26650476
v -3.33058167 -0.266413122 3.00663471
v -3.30508494 -0.484075487 2.92213511
v -3.27145839 -0.672277808 2.81311989
v -3.04328656 -0.683678746 2.84585261
v -3.01135635 -0.852478921 2.70592451
v -3.2218082 -0.849513233 2.67509341
v -3.07550383 -0.490476638 2.96270418
v -3.34424257 -0.0327309296 3.04545045
v -3.78607678 0.219357401 2.81204033
v -3.58200669 0.209342346 2.95511007
v -3.33870268 0.198741943 3.05723214
v -3.10630965 -0.0549112484 3.08755779
v -3.09440112 -0.281633079 3.0467217
v -3.10172415 0.176846132 3.10294962
v -2.863482 -0.0796638131 3.09440279
v -2.86058784 -0.294238448 3.04965544
v -2.85823083 0.145481646 3.112185
v -3.04565191 -2.41002893 0.0686398447
v -2.97160077 -2.32466912 0.232064679
v -2.84044909 -2.40483189 0.251750946
v -2.68349743 -2.44818306 0.274427682
v -3.12064481 -2.01048207 0.373374075
v -3.02963471 -2.13891745 0.37451908
v -2.91583323 -2.2523787 0.377242476
v -2.93614745 -2.26599145 0.502819419
v -2.79901719 -2.33637524 0.519260645
v -2.79251003 -2.3211019 0.387047112
v -3.06165314 -2.1562016 0.494874775
v -3.08987212 -2.15395427 0.907972157
v -3.10144234 -2.17099929 0.766864717
v -3.08946991 -2.17174387 0.617515802
v -2.97349644 -2.29131651 0.774517953
v -2.96077394 -2.29309964 0.632200181
v -2.81482887 -2.36564875 0.810063243
v -2.81069756 -2.36790419 0.661094189
v -2.96318388 -2.26670647 0.91549921
v -2.81553888 -2.32871318 0.948272347
v -3.03577757 -1.68967032 1.21148658
v -3.07122874 -1.84768534 1.17219257
v -3.13183284 -1.99511135 1.02924812
v -3.06336093 -2.00690794 1.11937881
v -2.79207897 -1.80084968 1.35437322
v -2.72271085 -1.67100561 1.36514997
v -2.58738852 -1.76498842 1.37697291
v -2.65693331 -1.8866061 1.36456513
v -2.91655803 -1.73707032 1.30472696
v -2.85861897 -1.59968543 1.31274629
v -2.73378682 -1.99430096 1.3209095
v -2.85526657 -1.93390727 1.30512381
v -2.96619081 -1.87280095 1.26026452
v -3.02962899 -1.38503277 1.10649431
v -2.92437983 -1.42491162 1.21699095
v -2.97979164 -1.54538798 1.22357666
v -2.92774224 -1.31039035 1.24694622
v -2.97297812 -1.22177732 1.29233038
v -2.83489299 -1.2436502 1.41253388
v -2.79427361 -1.35635877 1.35580802
v -2.80084944 -1.4785527 1.31578326
v -2.92493153 -1.21669805 1.49403632
v -2.78480816 -1.22379661 1.63303256
v -2.68589783 -1.24792767 1.53001785
v -2.60829329 -1.40486455 1.46723545
v -2.90802169 -1.23965156 1.7685219
v -3.04449272 -1.19607604 2.12180018
v -2.87518907 -1.20985019 2.07040882
v -2.72586226 -1.18039453 1.99798703
v -2.63159275 -1.20969427 1.78016114
v -3.14544392 -0.994006455 2.51497626
v -2.97587919 -0.999401391 2.5301075
v -2.93249917 -1.12850547 2.29562283
v -3.09648132 -1.07904315 2.35903478
v -2.81963468 -0.866895914 2.68481898
v -2.83553553 -0.696447432 2.83418202
v -2.63429165 -0.877589047 2.63067174
v -2.64516997 -1.0061208 2.4590559
v -2.80643058 -1.00809836 2.50690556
v -2.63428521 -0.719297826 2.77941298
v -2.84420896 -0.506713986 2.95948887
v -2.60630012 0.103057332 3.07874227
v -2.63237119 -0.110883139 3.05972195
v -2.63683963 -0.326171786 3.00584435
v -2.51333714 -2.46468854 0.29017058
v -2.36156893 -2.6055119 0.114387706
v -2.4033711 -2.69034266 -0.0644133762
v -2.33384347 -2.45932579 0.289889604
v -2.1571126 -2.45060349 0.254024327
v -2.18649435 -2.57742476 0.097778365
v -2.49512386 -2.35617113 0.426042378
v -2.33675456 -2.3298285 0.431340188
v -2.16557264 -2.31578565 0.394622207
v -2.64271116 -2.39081812 0.855561137
v -2.63759899 -2.39759064 0.697344959
v -2.6403451 -2.37689519 0.549705148
v -2.64658403 -2.34847832 0.410573244
v -2.47722888 -2.36798739 0.572544932
v -2.32051563 -2.31711125 0.589659035
v -2.64715195 -2.3439734 0.99889648
v -2.47879243 -2.3041544 1.0524137
v -2.46374369 -2.36241126 0.896280766
v -2.67274952 -2.26417565 1.1228739
v -2.52121615 -2.20052266 1.18633366
v -2.81888795 -2.26706052 1.06905794
v -2.40242314 -2.09109402 1.24080801
v -2.32437301 -2.20273471 1.10222018
v -2.29556179 -2.28576994 0.922578216
v -2.46155548 -2.38704324 0.727286994
v -2.30180764 -2.32422233 0.744705796
v -2.65682721 -1.54632878 1.38298702
v -2.51669574 -1.64975202 1.39868128
v -2.44865894 -1.87050998 1.34915519
v -2.52291131 -1.98808205 1.32852423
v -2.37613559 -1.75858867 1.37562883
v -2.2289567 -1.85977817 1.32814288
v -2.31577992 -1.95913315 1.27043343
v -2.47198582 -0.878033817 2.55847645
v -2.50240922 -0.990964174 2.40310478
v -2.65781713 -1.10247886 2.28776932
v -2.80433154 -1.12191808 2.29513693
v -2.52607203 -1.07894588 2.25360036
v -2.45893908 -0.726340532 2.70078087
v -2.3276 -0.735041082 2.61100101
v -2.34827685 -0.875680506 2.49364042
v -2.37474012 -0.973106802 2.36284041
v -2.63646078 -0.53552103 2.91364622
v -2.45467091 -0.56561023 2.82420254
v -2.44209337 -0.363687068 2.91613746
v -2.42331171 -0.157660767 2.97581983
v -2.23814249 -2.67604709 -0.0807747319
v -1.98857725 -2.43101692 0.184172228
v -1.97738969 -2.30867743 0.316051304
v -2.1710043 -2.24863052 0.547866762
v -2.15938616 -2.23968005 0.730985999
v -1.96622968 -2.2669301 0.476414233
v -1.96312392 -2.24307823 0.67150712
v -2.15004349 -2.18738532 0.910188854
v -2.15659332 -2.07784534 1.12159395
v -1.94561517 -2.18266964 0.864155233
v -1.92910218 -2.10318828 1.05551147
v -1.70959735 -2.19165802 0.785738409
v -1.73545551 -2.24254465 0.596733689
v -1.67286611 -2.11569142 0.970457256
v -2.12628198 -1.76546645 1.42853093
v -2.02925658 -1.67334616 1.52191699
v -1.85748255 -1.74872112 1.47480571
v -1.95145941 -1.85130942 1.37330806
v -2.2875526 -1.66612566 1.46843421
v -2.18964005 -1.57741046 1.56409216
v -2.06366801 -1.93678534 1.26961601
v -2.1180861 -1.52179503 1.66667235
v -1.9724412 -1.63885891 1.64451849
v -1.8170191 -1.73280346 1.59492373
v -2.4434526 -1.54626024 1.48778915
v -2.33321953 -1.45769942 1.57508528
v -2.24265122 -1.39598954 1.67306054
v -2.22792244 -1.38800764 1.81381392
v -2.10858321 -1.53226948 1.81249952
v -2.4610157 -1.32744682 1.57957458
v -2.35113406 -1.26545966 1.67171848
v -2.32220531 -1.24007022 1.80344725
v -2.22994232 -1.37589264 1.96624851
v -2.09986711 -1.53307271 1.97934818
v -2.31952238 -1.22952199 1.95186722
v -2.21266294 -1.35377347 2.14288855
v -2.08001828 -1.5069263 2.16367936
v -2.31246972 -1.19996083 2.10265803
v -2.1947794 -1.28787243 2.29627323
v -2.05464649 -1.44766963 2.33284187
v -2.29227281 -1.13853943 2.24043608
v -2.27046061 -1.05235922 2.37627554
v -2.16671348 -1.1967845 2.43894601
v -2.02699518 -1.35002255 2.49120092
v -1.94830787 -1.665411 1.96797144
v -1.96242142 -1.65853608 1.78988147
v -1.91985762 -1.64314151 2.16097713
v -2.41531157 -1.13952637 1.94178021
v -2.41681242 -1.11695981 2.08391666
v -2.3979938 -1.06671309 2.23455119
v -2.14347816 -1.06355917 2.56162953
v -2.24278545 -0.937466383 2.49061537
v -2.21531034 -0.791464686 2.57796001
v -2.1141026 -0.909596503 2.65096879
v -1.97868633 -1.03778839 2.74104667
v -2.00292277 -1.21716368 2.62716961
v -2.30015516 -0.592805445 2.72016454
v -2.19087052 -0.642263949 2.66045976
v -2.08236003 -0.731411517 2.71151233
v -2.27122307 -0.419919014 2.80173326
v -2.15287614 -0.469429374 2.70892072
v -2.03987002 -0.55097574 2.73584843
v -2.23999286 -0.223200783 2.86982417
v -2.10697722 -0.290064961 2.75197935
v -2.05737829 -0.109204337 2.7535615
v -1.95128906 -0.183958694 2.70793486
v -2.00006652 -0.366735369 2.73442483
v -2.20031571 -0.0304648895 2.87620568
v -2.16615367 0.170139149 2.86518526
v -2.01475358 0.0747226104 2.74243927
v -1.89668953 -0.00653533777 2.6575048
v -2.38994431 0.0448319539 2.99026942
v -1.81951451 -2.28172874 0.218411028
v -1.84246743 -2.40193176 0.0817631185
v -1.75472093 -2.25760055 0.397280633
v -1.61625075 -2.01644039 1.11159813
v -1.41393101 -2.00008607 1.01241326
v -1.46520996 -2.10134435 0.866729617
v -1.54337776 -1.9107914 1.22917712
v -1.36660576 -1.90027261 1.13853765
v -1.85847318 -1.99864614 1.19777095
v -1.75526762 -1.8949002 1.31141484
v -1.67886209 -1.80064833 1.41005576
v -1.62933695 -1.78856909 1.53206432
v -1.79539907 -1.76585603 1.75025725
v -1.59627426 -1.83792615 1.69630718
v -1.43769646 -1.81507289 1.46187377
v -1.49356353 -1.81835556 1.32854962
v -1.37301052 -1.87018704 1.60698175
v -1.77411032 -1.77616191 1.94221258
v -1.74698293 -1.75709975 2.14968538
v -1.56148839 -1.86236787 1.89394975
v -1.53718698 -1.83557618 2.11178493
v -1.33558965 -1.89302504 1.84445548
v -1.31235051 -1.87689948 2.07890487
v -1.89378202 -1.58651149 2.34384108
v -1.71166635 -1.69081604 2.34541607
v -1.51495755 -1.76901937 2.33504367
v -1.86503732 -1.48226166 2.51951575
v -1.84018433 -1.33789933 2.67811632
v -1.66430521 -1.42918169 2.70528674
v -1.68551683 -1.58669317 2.53822732
v -1.82150793 -1.14650273 2.80342674
v -1.64441764 -1.23767328 2.84566212
v -1.48833787 -1.65444088 2.53517604
v -1.47546828 -1.50450706 2.71276236
v -1.80279338 -0.943688869 2.8874805
v -1.63039398 -1.0315913 2.94056225
v -1.94883251 -0.843328536 2.80742311
v -1.92389143 -0.638962924 2.83831787
v -1.77615047 -0.729274094 2.92742157
v -1.60717905 -0.811059177 2.98881531
v -1.88929355 -0.441435575 2.83050752
v -1.74131918 -0.516701996 2.9226861
v -1.83793986 -0.246006534 2.78792882
v -1.69965219 -0.307724416 2.88488436
v -1.53624892 -0.371603549 2.97096443
v -1.57573855 -0.589099646 2.99994683
v -1.42562115 -0.883913875 3.01593184
v -1.44189429 -1.10418856 2.95939469
v -1.40083158 -0.649469733 3.03469992
v -1.78528702 -0.0583022684 2.71191025
v -1.65066588 -0.105511256 2.80959058
v -1.83541 0.170096248 2.56943345
v -1.717641 0.105106369 2.60874295
v -1.5909003 0.0702235773 2.6981957
v -1.49531996 -0.170685709 2.89787626
v -1.29632616 -2.12369347 0.255385876
v -1.11769664 -2.26312637 0.236375108
v -1.52529871 -2.20551491 0.512687564
v -1.31228936 -2.1277318 0.434215844
v -1.14295745 -2.22913623 0.413935542
v -1.26227057 -1.9736774 0.907446504
v -1.29335761 -2.05991292 0.7595222
v -1.5042702 -2.16445374 0.687415659
v -1.31247938 -2.11261988 0.605980456
v -1.23224545 -1.88124847 1.04897559
v -1.33455145 -1.8001405 1.24649942
v -1.26209319 -1.79042399 1.36677659
v -1.20674658 -1.77748239 1.1662215
v -1.15348709 -1.76558483 1.28636682
v -1.2792753 -1.54930508 2.6950984
v -1.28806543 -1.69667578 2.51752901
v -1.2956661 -1.80500031 2.31082392
v -1.45626843 -1.31350803 2.86422205
v -1.26244962 -1.36569846 2.84821701
v -1.25300026 -1.16205728 2.95384741
v -1.23971951 -0.946086049 3.02387118
v -1.06689847 -1.20094454 2.9245975
v -1.07074142 -1.40334964 2.81825328
v -1.06164122 -0.988909483 3.0039897
v -1.32600701 -0.226970434 2.94428253
v -1.36560404 -0.431487143 3.01210618
v -1.44300556 0.01729111 2.78594708
v -1.27996814 -0.0389399119 2.84816122
v -1.50295401 0.206229374 2.59046173
v -1.3722924 0.164696306 2.66558933
v -1.22732544 0.1134874 2.72547722
v -0.935658574 -2.44532561 0.233253434
v -0.972559333 -2.41272831 0.420061231
v -0.787028432 -2.54619026 0.442717135
v -0.748313725 -2.56642866 0.253298551
v -0.81164515 -2.48318267 0.624428332
v -0.609548807 -2.56609964 0.652195513
v -0.585337698 -2.62135935 0.470814496
v -0.996385157 -2.34947371 0.597589314
v -0.553001463 -2.64301586 0.288112581
v -1.01396334 -2.25205112 0.754104376
v -0.833763242 -2.39396715 0.788123488
v -0.632668018 -2.47650814 0.825467229
v -1.15413833 -2.17679095 0.579687595
v -1.15443885 -2.09719086 0.721429288
v -1.13615394 -2.00033307 0.850095391
v -1.00735664 -2.13707066 0.893164754
v -0.989400506 -2.00774384 1.00427091
v -0.857864976 -2.12620473 1.04874909
v -0.846668303 -2.26411247 0.93586874
v -1.10749221 -1.89726055 0.976641417
v -1.08689213 -1.78344786 1.08911598
v -0.978126943 -1.87392592 1.0860182
v -0.853258193 -1.99548507 1.12494302
v -0.905424833 -1.89665043 2.29722548
v -0.900236785 -1.96718228 2.06647944
v -1.10113692 -1.89666259 2.05980921
v -1.09722173 -1.83125424 2.29018784
v -1.08928072 -1.72054017 2.49449062
v -0.900210977 -1.78534544 2.50353312
v -0.696699262 -1.93548775 2.29196334
v -0.69206965 -2.00423741 2.07135582
v -0.692612469 -1.83513033 2.50144482
v -0.896378577 -1.9956286 1.83189619
v -1.10769784 -1.91381013 1.81470752
v -0.681416273 -2.02408957 1.84575915
v -1.08211958 -1.57996476 2.66935825
v -0.887840569 -1.64809871 2.68372226
v -0.879760206 -1.47088182 2.83821559
v -0.683056295 -1.69295049 2.68146896
v -0.675380111 -1.5162282 2.83995676
v -0.884278417 -1.26663303 2.95338154
v -0.887544632 -1.03983665 3.0321815
v -0.683103979 -1.08035648 3.05611324
v -0.680026412 -1.31566155 2.96362638
v -1.2193495 -0.71400398 3.0472703
v -1.1921649 -0.485240489 3.02468705
v -1.02212048 -0.537964642 3.01481199
v -1.04664648 -0.765032589 3.03152847
v -0.850714147 -0.573360801 3.05327797
v -0.640736997 -0.6020298 3.08414745
v -0.664659321 -0.844654858 3.0904839
v -0.87420845 -0.803911269 3.06753826
v -0.989592433 -0.33065933 2.96603489
v -0.819179893 -0.358949274 3.00950217
v -0.626550674 -0.377364278 3.0416913
v -1.15602565 -0.280410588 2.96287966
v -1.11771929 -0.0925248936 2.87403059
v -0.954315305 -0.136787862 2.88207865
v -1.06828666 0.0628190637 2.75064564
v -0.90933162 0.0300665554 2.76840711
v -0.509004712 -2.62797165 0.104687944
v -0.303052753 -2.65643692 0.147750646
v -0.335888445 -2.66865015 0.329217672
v -0.389017463 -2.59799266 0.692714393
v -0.359997958 -2.6528573 0.51399827
v -0.416192085 -2.51613951 0.863710284
v -0.160202682 -2.58388591 0.715777516
v -0.131592482 -2.63865781 0.543316126
v -0.194586262 -2.5062592 0.881478906
v -0.69649756 -2.0900898 1.16765249
v -0.681424737 -2.21788573 1.09326255
v -0.511113822 -2.14149427 1.21122718
v -0.484346598 -2.2701869 1.12048399
v -0.716662645 -1.97001994 1.23320448
v -0.537409008 -2.01844358 1.27446258
v -0.868675232 -1.88432336 1.2039609
v -0.661144853 -2.35923171 0.975107074
v -0.450444877 -2.40026808 1.00409448
v -0.416612059 -1.97933149 1.50739479
v -0.440751791 -2.00992084 1.67107844
v -0.249696985 -1.97840118 1.67361307
v -0.230995014 -1.93362069 1.51313508
v -0.3856543 -1.94751263 1.3672297
v -0.573543966 -1.9564265 1.35058594
v -0.615240872 -1.9850688 1.48616421
v -0.657179594 -2.01243949 1.64933336
v -0.199405909 -1.92248142 1.38273501
v -0.466834277 -1.70893919 2.66287971
v -0.475039095 -1.85187912 2.47921252
v -0.464799315 -1.53467953 2.82290363
v -0.251538634 -1.53015769 2.77888393
v -0.249687433 -1.69804442 2.61967278
v -0.256460607 -1.82930124 2.43666291
v -0.467376411 -1.34071314 2.95130563
v -0.25406298 -1.33822453 2.91362762
v -0.468148291 -1.10541975 3.0486424
v -0.261107266 -1.11361659 3.00954914
v -0.441280395 -0.627847731 3.07754302
v -0.456729114 -0.867059946 3.08283162
v -0.436174005 -0.395916849 3.03581071
v -0.787526906 -0.147451773 2.92386174
v -0.603955626 -0.166101456 2.95590496
v -0.412319362 -0.184719771 2.94639111
v -0.253171712 -0.217498511 2.93498516
v -0.260774732 -0.410927355 3.01149297
v -0.563816249 0.0243234579 2.82637477
v -0.40087989 -0.00105178822 2.85929227
v -0.253186941 -0.0287414584 2.9110384
v -0.108037002 -2.65449381 0.363227665
v -0.0861520767 -2.64592004 0.184269071
v 0.0948344842 -2.569489 0.551368356
v 0.109995812 -2.58755541 0.377179205
v 0.123358399 -2.57689786 0.203647628
v 0.0330459476 -2.44654679 0.88013643
v 0.06864658 -2.52123761 0.722561955
v -0.230605677 -2.39903378 1.01977003
v -0.0103322798 -2.34995914 1.02080786
v -0.0526820049 -2.23873568 1.13336885
v -0.272749752 -2.27897811 1.13725424
v -0.312285334 -2.14953637 1.232952
v -0.0979603678 -2.11386251 1.22951055
v 0.102925003 -2.0155828 1.20608068
v 0.165114015 -2.13718057 1.1149292
v 0.212544158 -2.24055862 0.996569932
v -0.349060029 -2.01407552 1.29258108
v -0.153648332 -1.98579884 1.29737532
v -0.463889778 -2.02217221 1.86097014
v -0.25690642 -1.99269211 1.85276663
v -0.0328395553 -1.84612453 1.38065839
v 0.0226754267 -1.90083683 1.28976727
v 0.132884771 -1.73939872 1.39151573
v 0.199258223 -1.79986048 1.28786051
v -0.0587193817 -1.87074792 1.50231159
v 0.0998126492 -1.77835727 1.51862979
v -0.0313803218 -1.84968293 2.18864584
v -0.262104183 -1.91657531 2.24075365
v -0.0330719948 -1.76295781 2.37442255
v 0.162298828 -1.74596357 2.10781455
v 0.134840295 -1.79982221 1.92852485
v -0.0427633934 -1.89839876 1.99847162
v 0.172271445 -1.67201924 2.29864597
v -0.271262497 -1.97618818 2.0428915
v -0.0560827106 -1.3017621 2.84729624
v -0.0440772139 -1.48686206 2.72121382
v -0.060159158 -1.08812892 2.94006109
v 0.12956138 -1.22695398 2.7626133
v 0.146254599 -1.4072789 2.64410806
v 0.110089436 -1.03772426 2.85603428
v -0.257259518 -0.885239899 3.05282164
v -0.0606550798 -0.856883585 2.97760892
v -0.0879284665 -0.638958216 2.98554516
v 0.0573661253 -0.626642644 2.9186573
v 0.0945415497 -0.826606989 2.90310812
v -0.248468712 -0.639047325 3.05157733
v -0.108080804 -0.426184148 2.95902085
v -0.106193252 -0.238948599 2.93785048
v 0.0385843217 -0.255635679 2.95363832
v 0.0383629464 -0.439153552 2.91434002
v -0.105395041 -0.0550254658 2.95960355
v -4.87845278 0.439436585 -0.454918951
v -4.97080231 0.4437612 -0.160457119
v -5.0201931 0.248517364 -0.179727435
v -4.69152021 0.456242472 -0.727203786
v -4.63259888 0.647685051 -0.664397478
v -4.80044365 0.632004023 -0.422837704
v -4.89422131 0.637923062 -0.127055094
v -4.90214491 0.635095119 0.165537491
v -4.98153019 0.450974435 0.143395111
v -5.03791332 0.257866234 0.121500097
v -4.48757362 0.475581408 -0.897015095
v -4.4509716 0.666635275 -0.815645278
v -4.39662933 0.834208727 -0.712348044
v -4.5573473 0.81530273 -0.567684412
v -4.70206976 0.793716848 -0.373139888
v -4.46720219 0.962746859 -0.457874805
v -4.59508133 0.945345819 -0.282070696
v -4.33058691 0.983802617 -0.60262686
v -4.23092747 1.10418308 -0.489479959
v -4.3409853 1.08813143 -0.348106086
v -4.46025038 1.07185471 -0.18175903
v -4.51190853 1.06166124 0.0391639695
v -4.66252089 0.935779989 -0.0411505699
v -4.78606653 0.792411029 -0.0932242647
v -4.16751289 0.278402925 -1.57308042
v -4.27745676 0.20626393 -1.43333793
v -4.01749706 0.33771193 -1.70017612
v -4.04749489 0.441790372 -1.49737477
v -4.16273308 0.392738372 -1.35399568
v -3.89322639 0.48093012 -1.63537157
v -4.22424459 0.341392457 -1.1992743
v -4.33621407 0.307008386 -1.0612179
v -4.05983448 0.642895401 -1.48570418
v -4.17675829 0.594720781 -1.33661509
v -4.25251007 0.542835534 -1.17361653
v -4.31937599 0.494203806 -1.02621186
v -4.24068451 1.13937771 -0.927423358
v -4.15515137 1.21806085 -1.10317457
v -4.07110357 1.37508357 -0.976442516
v -4.15723419 1.2945447 -0.806382716
v -4.20721865 1.19675159 -0.633753479
v -4.28387594 1.05197275 -0.755453348
v -4.28995514 0.958123207 -1.03822422
v -4.2007947 1.0262835 -1.21472466
v -4.32905531 0.879717052 -0.858362079
v -4.1306324 1.20417964 -0.394717753
v -4.21024561 1.16884995 -0.252557755
v -4.09452963 1.30664051 -0.53017956
v -3.99961352 1.276263 -0.301331401
v -4.06347847 1.23498356 -0.156462461
v -4.30891562 1.16302443 -0.0856150314
v -4.12967968 1.23738837 0.0113422619
v -4.0736475 1.07519734 -1.37733543
v -4.03116798 1.27334344 -1.2642175
v -3.94717264 1.43995404 -1.13573349
v -3.944978 1.50704682 -0.842858613
v -4.03646708 1.41686809 -0.680434406
v -3.95741987 1.39600301 -0.417293012
v -3.84461617 1.31558287 -0.199167743
v -3.89688253 1.26231837 -0.0670285821
v -3.79572439 1.4389112 -0.305384189
v -3.88775945 1.50703454 -0.557662189
v -3.83707285 0.353959143 -1.83197558
v -3.73997712 0.497550189 -1.80399382
v -3.59508681 0.284648389 -2.01100159
v -3.59147096 0.480039924 -1.99313211
v -3.65275216 0.728386343 -1.98468852
v -3.77094817 0.694304287 -1.79750347
v -3.89669895 0.671125472 -1.62868357
v -4.0778904 0.860022068 -1.45581412
v -4.20874786 0.81941402 -1.29872572
v -3.9168222 0.894530475 -1.59748709
v -3.68343186 0.978718638 -1.942361
v -3.79748321 0.933066547 -1.75690842
v -3.49705172 0.756674767 -2.15904331
v -3.53083086 1.02655768 -2.1137085
v -3.4280622 0.490208507 -2.16070628
v -3.6795752 1.22443962 -1.86646736
v -3.79364967 1.15649903 -1.6833303
v -3.52888942 1.27915454 -2.02820396
v -3.9169538 1.10418725 -1.52016735
v -3.87593985 1.30181623 -1.40612376
v -3.80740261 1.46325076 -1.27071691
v -3.75500846 1.36775458 -1.57170093
v -3.69274259 1.54271603 -1.43218231
v -3.70356059 1.58866024 -1.1240257
v -3.83209896 1.56444597 -0.990857363
v -3.59932065 1.68878651 -1.27627671
v -3.63727331 1.4501313 -1.75125349
v -3.5689137 1.63311791 -1.59974575
v -3.48109937 1.78411806 -1.42861414
v -3.79757547 1.59352601 -0.707982361
v -3.68518138 1.64387023 -0.847026885
v -3.62147045 1.63490319 -0.588289857
v -3.71898222 1.55208552 -0.44093737
v -3.51068735 1.6895113 -0.732055604
v -3.69389772 1.31592059 -0.0956794024
v -3.73926497 1.26659048 0.0349130109
v -3.63943958 1.43704164 -0.208299518
v -3.49789357 1.42506552 -0.120983765
v -3.56292868 1.30637741 0.00043604488
v -3.62390542 1.28004658 0.146446005
v -3.54760718 1.5574857 -0.337550193
v -3.41241431 1.52673101 -0.242001235
v -3.43266821 1.63830996 -0.49018234
v -3.42911673 1.70647132 -1.74410534
v -3.33901072 1.85571706 -1.56139231
v -3.49294567 1.5087285 -1.90400243
v -3.32432413 0.279222906 -2.13440204
v -3.22627592 0.105895996 -2.14571786
v -3.0805378 0.14177987 -2.26495862
v -3.15796971 0.329189241 -2.25722361
v -3.25516605 0.54021132 -2.30153012
v -3.39308715 0.116315112 -2.11108041
v -3.31826949 0.799541593 -2.30456662
v -3.34984016 1.06585026 -2.25499034
v -3.14079809 1.10081732 -2.35939121
v -3.14750147 1.34855473 -2.26942658
v -3.35281825 1.32038248 -2.16027904
v -3.10615945 0.844695747 -2.40254521
v -3.32201004 1.55274069 -2.03244185
v -3.26465058 1.756464 -1.87023175
v -3.17491627 1.91102874 -1.67148137
v -3.06648088 2.01809049 -1.46490788
v -3.23207808 1.96845257 -1.3713609
v -3.36695695 1.89383781 -1.25166082
v -3.47485375 1.80242896 -1.11474514
v -3.32852101 1.88544428 -0.969404399
v -3.41926169 1.78155077 -0.837724328
v -3.57507133 1.69712996 -0.973865449
v -3.23626256 1.96635902 -1.0824219
v -3.11493778 2.01355529 -0.947957218
v -3.20049119 1.93524587 -0.847748816
v -3.26272559 1.85366619 -0.741501033
v -3.10434008 2.02789903 -1.19049859
v -3.0093925 2.07890415 -1.03630829
v -3.33054781 1.74488759 -0.627856076
v -3.24668741 1.90578783 -0.194791138
v -3.3783946 1.99272609 -0.0318824947
v -3.4577508 1.83132517 -0.025017269
v -3.30105495 1.70883811 -0.205404043
v -3.23333097 1.84576225 -0.426652908
v -3.10103464 2.02237344 -0.293906152
v -3.17811656 2.07532287 -0.153197825
v -3.28599262 2.14598703 -0.00784727465
v -3.29716325 1.61839688 -0.367311835
v -2.69161367 0.0653987303 -2.52034068
v -2.72170711 0.263705999 -2.45522666
v -2.91401792 0.202386439 -2.3772912
v -2.96745706 0.3837488 -2.35856938
v -3.04800987 0.597473204 -2.39811206
v -2.76426506 0.450061798 -2.41973972
v -2.8255415 0.659107625 -2.45347691
v -2.87320399 0.893157363 -2.46421194
v -2.59017491 0.716008008 -2.47210312
v -2.62958717 0.934251547 -2.48056936
v -2.90756989 1.13192785 -2.4290266
v -2.6657393 1.16205764 -2.45176148
v -2.92613435 1.37264061 -2.34076929
v -3.12801147 1.58394945 -2.13505912
v -2.91579771 1.59790909 -2.20344067
v -3.07490253 1.78541231 -1.96654904
v -2.86795115 1.79808915 -2.02827668
v -2.99746442 1.94708979 -1.7608453
v -2.89723158 2.04906082 -1.54208624
v -2.79991579 1.95770419 -1.82272625
v -2.7201159 2.05768561 -1.59432495
v -2.80457759 2.0953095 -1.33652592
v -2.95742273 2.0787878 -1.26856017
v -2.63838983 2.0977807 -1.38688648
v -2.87964511 2.12732244 -1.10863709
v -2.73538423 2.16989326 -1.16943848
v -2.68569732 2.29657817 -1.02770567
v -2.8421185 2.2427876 -0.978914499
v -2.96877098 2.17376828 -0.91434145
v -3.06566882 2.21719766 -0.105664209
v -2.92786789 2.32646918 -0.0519997478
v -3.02195168 2.39813066 0.0906977579
v -3.17018318 2.28899479 0.0365115404
v -2.98458266 2.16018295 -0.22306706
v -2.8555522 2.25204158 -0.172010645
v -2.96595836 2.18593287 -0.344832748
v -3.10572147 2.05587196 -0.435272217
v -3.08255148 2.12207079 -0.588719964
v -2.95519376 2.23690271 -0.464013368
v -2.82228065 2.27125907 -0.289497167
v -2.80386996 2.3298738 -0.405962139
v -2.71216798 2.31094623 -0.123124152
v -2.77974105 2.39716625 0.0064011123
v -2.85570002 2.47163391 0.139852509
v -2.67476606 2.32462883 -0.248446003
v -2.48258662 0.133702233 -2.58145475
v -2.51484084 0.334554255 -2.50703025
v -2.54757881 0.51814568 -2.44588637
v -2.32233882 0.587987661 -2.43167496
v -2.3469522 0.76032269 -2.44429374
v -2.38168502 0.970653474 -2.44635057
v -2.25798726 0.211748391 -2.59490991
v -2.28981018 0.414656878 -2.50682306
v -2.41971087 1.18935645 -2.41640139
v -2.45203733 1.39930487 -2.33642983
v -2.69070816 1.38196599 -2.36571264
v -2.18320107 1.20559132 -2.33233404
v -2.21738839 1.4067297 -2.25914669
v -2.15595961 1.00531971 -2.36004019
v -2.69341135 1.59904349 -2.23497462
v -2.46396971 1.59263217 -2.21898532
v -2.43959689 1.77581966 -2.04985547
v -2.6528604 1.79323268 -2.0597415
v -2.2369709 1.58972669 -2.14586592
v -2.23144078 1.75115001 -1.99926603
v -2.41265464 2.18614864 -1.2334218
v -2.46905923 2.08478332 -1.39820993
v -2.30658269 2.05217576 -1.39025891
v -2.25521255 2.16822028 -1.22884536
v -2.57807183 2.18675637 -1.21525121
v -2.35490608 2.32253981 -1.07147801
v -2.52087641 2.32515478 -1.06003547
v -2.1937139 2.29311132 -1.06285107
v -2.63454318 2.38437104 -0.871720254
v -2.79015136 2.33733058 -0.837688208
v -2.47310853 2.40942931 -0.889999986
v -2.44530892 2.4503479 -0.698375404
v -2.60929728 2.430722 -0.703485429
v -2.75690031 2.38042593 -0.67769444
v -2.51811409 2.33964705 -0.197349414
v -2.55410838 2.32684922 -0.0735059679
v -2.60235763 2.41993117 0.0475007333
v -2.66582108 2.49920106 0.189621657
v -2.22568107 -0.0064337845 -2.63472724
v -1.98734057 0.0611542761 -2.6061728
v -2.02244711 0.2709409 -2.558182
v -2.05741262 0.474298149 -2.47855186
v -2.10084844 0.637540102 -2.37831712
v -2.12814546 0.810986817 -2.36352849
v -1.80291355 0.323326647 -2.49098635
v -1.83293617 0.516037405 -2.40776777
v -1.88183403 0.678643584 -2.30151963
v -1.97029829 1.22042918 -2.20845342
v -2.00735188 1.40764213 -2.13997722
v -1.94370437 1.02631998 -2.23523736
v -2.02977538 1.57515609 -2.03022122
v -1.85714555 1.55748951 -1.92603707
v -1.87423801 1.70839787 -1.81073725
v -2.04044342 1.72208953 -1.89195621
v -1.82245946 1.39601183 -2.00390196
v -2.20441508 1.87108064 -1.79733384
v -2.39628506 1.91580987 -1.84554029
v -2.04263473 1.82602429 -1.72117734
v -2.5328989 2.04085493 -1.61887074
v -2.34953237 2.00342393 -1.61710203
v -2.14592409 2.01019597 -1.37280428
v -1.99957466 2.03591418 -1.37816036
v -1.9633559 2.15705395 -1.21618712
v -2.10399485 2.13731861 -1.20457149
v -2.17669916 1.95748174 -1.58977389
v -2.01669645 1.92350042 -1.55203664
v -2.14506817 2.36693168 -0.878399074
v -2.30645084 2.4037807 -0.888788402
v -2.05084252 2.2468183 -1.04239976
v -2.00858355 2.31279874 -0.858057797
v -1.98296404 2.33876538 -0.656823874
v -2.12255883 2.40090752 -0.673973978
v -2.27947974 2.44185019 -0.687489331
v -1.92294729 2.24569201 -1.0367223
v -1.88493586 2.29367995 -0.843646348
v -1.86757839 2.29296231 -0.641693473
v -2.12046981 2.38623428 -0.466005385
v -2.15906072 2.33739448 -0.272062033
v -2.3136611 2.38828659 -0.308443904
v -2.28128886 2.43614697 -0.493273228
v -1.987059 2.31947994 -0.452284962
v -2.02453732 2.25856256 -0.249123186
v -2.06573176 2.18982768 -0.0803233013
v -2.20320582 2.25874853 -0.120035112
v -2.3526473 2.3187151 -0.158746168
v -1.77633858 0.119972885 -2.55141521
v -1.60310078 0.365639001 -2.38672853
v -1.63309157 0.544324875 -2.30640388
v -1.58514249 0.166149393 -2.4626441
v -1.9198792 0.845656574 -2.24040055
v -1.68621445 0.707054913 -2.19581461
v -1.73527277 0.864172816 -2.09901214
v -1.75378776 1.03924215 -2.07491612
v -1.78616905 1.22264361 -2.05810237
v -1.5065881 0.732999623 -2.12287927
v -1.5558778 0.895334423 -2.03830647
v -1.59808636 1.06104887 -2.02882385
v -1.62896991 1.23310483 -2.03285217
v -1.66286945 1.40813303 -2.00115228
v -1.70020068 1.58671045 -1.95221722
v -1.47900927 1.26238525 -2.08928156
v -1.50135875 1.44456053 -2.06126356
v -1.43370831 1.09092951 -2.08481407
v -1.72281718 1.77572703 -1.8560648
v -1.52491677 1.63116467 -2.00707579
v -1.52924848 1.82585752 -1.91962814
v -1.71731651 1.94086349 -1.75560713
v -1.87672019 1.85631871 -1.70477414
v -1.51297128 1.99497235 -1.80890262
v -1.47584069 2.14906311 -1.68790483
v -1.68159509 2.10029125 -1.62981868
v -1.87084174 1.99814332 -1.57446492
v -1.35136437 1.64796746 -2.07681942
v -1.33247781 1.81551003 -1.97826123
v -1.30615723 1.98684657 -1.87018788
v -1.84314215 2.14363718 -1.43117762
v -1.77503705 2.26327801 -1.27690077
v -1.62135315 2.23333144 -1.49234378
v -1.50820827 2.3797605 -1.25502121
v -1.74871349 2.34649181 -1.08125651
v -1.7453078 2.36718202 -0.848228753
v -1.5254724 2.44658756 -1.01895332
v -1.54526627 2.44967031 -0.809464395
v -1.60168719 2.41675305 -0.594162285
v -1.74089372 2.34678102 -0.621645093
v -1.87968862 2.25541902 -0.442148805
v -1.77695775 2.25856829 -0.427509129
v -1.92435682 2.19116521 -0.23457104
v -1.91835427 2.17967224 -0.089083381
v -1.6605202 2.31772208 -0.146713912
v -1.58231843 2.47425246 -0.0631387755
v -1.77369785 2.40024114 0.0585034378
v -1.84134281 2.2635479 -0.019599352
v -1.57636654 2.44730186 -0.308999419
v -1.46907794 2.58361697 -0.206717432
v -1.73755348 2.20691705 -0.204295233
v -1.67274106 2.33449411 -0.379411846
v -1.48234653 2.53725195 -0.522343874
v -1.81295609 2.21888351 -0.288791806
v -1.42466486 0.398452014 -2.27635741
v -1.45781541 0.56568408 -2.2214992
v -1.38585234 0.245351076 -2.3118031
v -1.27026999 0.600961804 -2.23668242
v -1.32748437 0.769875884 -2.15929151
v -1.38006175 0.924987912 -2.08163595
v -1.22168934 0.433001727 -2.28235865
v -1.0046128 0.485451132 -2.33207965
v -1.1268369 0.636244655 -2.28138208
v -1.20056844 0.797632515 -2.22451067
v -1.23243654 0.974065661 -2.14501047
v -1.28400946 1.13857508 -2.1257453
v -1.34255278 1.30483818 -2.15971518
v -1.36871803 1.48464084 -2.14473343
v -1.18431365 1.18419015 -2.22536612
v -1.22500658 1.35490811 -2.25197601
v -1.24689758 1.52808237 -2.23783565
v -1.22463799 1.68357706 -2.15574121
v -1.16843879 1.81471598 -2.02504873
v -1.13336563 1.96221101 -1.90792954
v -1.27229679 2.14490223 -1.74102998
v -1.08091342 2.10569429 -1.78615189
v -1.20318782 2.27544188 -1.59252024
v -1.41375661 2.27710557 -1.54317033
v -1.0239749 2.23287296 -1.64017546
v -1.37923503 2.57859254 -0.935141206
v -1.38137066 2.58524299 -0.720188379
v -1.31130719 2.56243253 -1.11322749
v -1.24343884 2.71486211 -1.07065225
v -1.28998387 2.73829079 -0.868856072
v -1.20082188 2.52867985 -1.25374317
v -1.12834811 2.70007062 -1.20505118
v -1.30787158 2.39317274 -1.37368035
v -1.02761829 2.81672096 -1.15049767
v -1.14478612 2.82514906 -1.02924895
v -1.1671319 2.85979581 -0.809886813
v -1.36079085 2.72308612 -0.0486277901
v -1.2469852 2.83362293 -0.180807978
v -1.10555756 2.93617368 0.0203265417
v -1.23180676 2.82397318 0.128186285
v -1.47696149 2.61286736 0.0715908706
v -1.36235559 2.68937135 -0.369582653
v -1.35885787 2.72330475 0.225870967
v -1.13144195 2.90972447 -0.303496629
v -0.990083098 3.01740193 -0.0880564153
v -1.25358272 2.75828433 -0.578974366
v -0.825280905 0.212979659 -2.42118025
v -0.974643588 0.147552267 -2.36257219
v -1.02404034 -0.00898286235 -2.47849131
v -1.05562782 -0.175000072 -2.60310078
v -0.686825037 0.289624333 -2.52436543
v -0.641897142 0.391488582 -2.43567443
v -0.788674593 0.347344428 -2.34735155
v -0.949087262 0.308166713 -2.29856634
v -1.16439974 0.850146294 -2.3525424
v -1.18824935 1.02251029 -2.27365041
v -1.07555544 0.698973477 -2.40343118
v -0.905490816 0.846939385 -2.65527868
v -0.747509956 0.911752284 -2.70366931
v -0.810431302 1.06845224 -2.70461416
v -0.974028766 0.993141711 -2.62742591
v -1.09958589 0.914964557 -2.50535226
v -1.02415168 0.775811613 -2.54373646
v -0.822511494 0.69704324 -2.61160469
v -0.692342281 0.75531584 -2.66297293
v -0.92793721 0.684673548 -2.52649283
v -1.13063753 1.08659828 -2.42605758
v -1.00580275 1.15393233 -2.55485106
v -1.08883095 1.23909402 -2.35457444
v -0.997998774 1.30440927 -2.48095083
v -0.89766556 1.40262532 -2.65312576
v -0.909907639 1.59146845 -2.62207127
v -1.01635182 1.49047077 -2.45327091
v -1.10318732 1.41961181 -2.32585287
v -0.855185151 1.22773552 -2.67467189
v -0.733264685 1.50173748 -2.8352561
v -0.747106791 1.68959105 -2.79360771
v -0.700467825 1.3200351 -2.85043168
v -1.11108708 1.58524668 -2.29263139
v -1.09144878 1.72955859 -2.21619296
v -1.01309454 1.67538273 -2.40510058
v -0.908913612 1.78402805 -2.56478429
v -0.88169533 1.95872509 -2.47043395
v -0.999402404 1.8389293 -2.32474589
v -0.741953671 1.87951708 -2.7204957
v -0.714200795 2.06258559 -2.62016916
v -0.839716971 2.10930586 -2.36399531
v -0.96895504 1.98858821 -2.21988893
v -0.668775141 2.21601152 -2.49646711
v -1.04943752 1.87128711 -2.10134983
v -0.910001934 2.11418486 -2.09973383
v -1.00378752 2.00128007 -1.98115695
v -0.779577732 2.24132776 -2.23833513
v -0.834110439 2.22516537 -1.97123635
v -0.936124384 2.10596681 -1.85225379
v -0.701705039 2.34591579 -2.09332871
v -0.606001139 2.35065532 -2.35514259
v -0.872340143 2.22637725 -1.71415448
v -0.824821591 2.35620379 -1.57009721
v -0.956563115 2.34854436 -1.48370695
v -1.13318586 2.37955832 -1.436324
v -0.753512204 2.30089355 -1.82594824
v -0.624047458 2.41256475 -1.91954219
v -1.05604172 2.51239514 -1.34075642
v -0.985282183 2.68387485 -1.28682601
v -0.903932333 2.49190497 -1.38565445
v -0.7653054 2.49384189 -1.43657303
v -0.686793327 2.62509179 -1.32803345
v -0.830572248 2.65217805 -1.32626247
v -0.959264338 2.93217254 -0.667651474
v -0.820714355 2.96128702 -0.715411246
v -0.713010848 3.05381751 -0.540204883
v -0.864084482 3.02144718 -0.487618566
v -1.00669146 2.97184539 -0.412964076
v -1.10276115 2.8687923 -0.632748008
v -1.03194857 2.92692995 -0.841122806
v -0.89469707 2.94966125 -0.88351655
v -0.853966355 3.07266736 -0.188097209
v -0.673210919 3.13618064 0.0208754875
v -0.813847423 3.06943822 0.117843747
v -0.952367187 2.99692774 0.214363083
v -0.707499146 3.12166214 -0.275816232
v -0.533851624 3.16130042 -0.0780950859
v -0.221579581 -0.0903438106 -3.05371141
v -0.222005129 0.0872401595 -2.96823502
v -0.397839934 0.228371516 -2.81388283
v -0.207247421 0.243540928 -2.84286141
v -0.534203768 0.330567479 -2.61015534
v -0.486405015 0.429089755 -2.50815344
v -0.368627161 0.349305749 -2.68279648
v -0.336837888 0.449398398 -2.59050655
v -0.631652772 0.500138819 -2.43653536
v -0.480904847 0.54434526 -2.50739741
v -0.515983701 0.665967524 -2.61949396
v -0.652992725 0.613187671 -2.55004859
v -0.784994423 0.564028978 -2.49136829
v -0.788301826 0.468676716 -2.37395549
v -0.33913964 0.557457924 -2.60812569
v -0.370588452 0.679598868 -2.73048878
v -0.549497008 0.806184292 -2.73109913
v -0.397589535 0.822579861 -2.83994293
v -0.424548268 0.992886186 -2.92397285
v -0.598479033 0.962118149 -2.80088854
v -0.658460438 1.13404429 -2.84340501
v -0.464877009 1.17807698 -2.98206854
v -0.499154657 1.37248397 -2.99764156
v -0.522215486 1.5647459 -2.98461986
v -0.532945454 1.75940108 -2.9406507
v -0.282596588 1.61418831 -3.07686114
v -0.288066596 1.8169167 -3.02994323
v -0.523102105 1.95338094 -2.8599391
v -0.28197661 2.01286888 -2.94399714
v -0.504573286 2.13634443 -2.74171257
v -0.466821283 2.29834604 -2.60519171
v -0.420881629 2.43265533 -2.40907502
v -0.569072425 2.47759891 -1.74526536
v -0.709473491 2.40845418 -1.68058717
v -0.475275785 2.50379562 -1.96198905
v -0.413541734 2.53943586 -1.77663982
v -0.543431163 2.4532609 -2.16388154
v -0.368183434 2.52433252 -2.20014
v -0.64823544 2.52798557 -1.5264008
v -0.546554327 2.64260507 -1.35674107
v -0.419009417 2.70212412 -1.40472412
v -0.38538 2.82817221 -1.28409207
v -0.478368849 2.75518632 -1.21770978
v -0.510105252 2.59009337 -1.58185136
v -0.609635115 2.74101353 -1.20292699
v -0.35743311 2.64275122 -1.62181234
v -0.3022241 2.7518754 -1.46954095
v -0.752239048 2.77965522 -1.21729743
v -0.555734456 2.82856917 -1.07278025
v -0.685470939 2.8680203 -1.08010495
v -0.823520064 2.89648104 -1.0779599
v -0.894654632 2.80692482 -1.19567227
v -0.441395193 2.86330414 -1.10731936
v -0.385265887 2.95298743 -0.990453601
v -0.499523014 2.89271569 -0.946476698
v -0.633517683 2.9083879 -0.939545333
v -0.354302257 2.94293427 -1.17295456
v -0.286804229 3.04201388 -1.04169011
v -0.243111312 3.02279449 -1.24161875
v -0.169903129 3.12109709 -1.09311914
v -0.286225587 2.89412522 -1.36070335
v -0.683538079 2.98004842 -0.758005917
v -0.563724339 3.07102418 -0.592648864
v -0.414589077 3.14380121 -0.434700668
v -0.561188698 3.14339876 -0.352385759
v -0.761738658 2.9413116 -0.923605204
v -0.193463326 0.673265636 -2.79331756
v -0.176069334 0.553012371 -2.67576265
v -0.00695295678 0.552583277 -2.69293332
v -0.00463508116 0.668092787 -2.81671
v -0.207289517 0.830769777 -2.91631699
v -0.00234820787 0.825724721 -2.94444823
v -0.222139716 1.00648189 -3.00834227
v -0.243065119 1.19529772 -3.06936479
v -0.000672621187 1.00710022 -3.03731751
v -0.00221585296 1.20418894 -3.10540438
v -0.268467069 1.40216923 -3.09379554
v -0.0103765829 1.41659284 -3.12988663
v -0.0198716931 1.63578844 -3.11543322
v -0.0291831307 1.8488158 -3.06252694
v 0.233174503 1.65029156 -3.09509468
v 0.22011517 1.86425352 -3.04031086
v -0.0337851271 2.0502336 -2.97315741
v 0.211467221 2.06709433 -2.94960022
v -0.0355706811 2.22752571 -2.83824682
v -0.27355358 2.1878314 -2.81887031
v -0.255369753 2.34827518 -2.66005826
v -0.219914377 2.48788762 -2.4600997
v -0.0316143781 2.38555002 -2.66823363
v -0.0186055005 2.5112288 -2.46527791
v 0.202736974 2.24841356 -2.80730152
v 0.19472824 2.40265918 -2.63186574
v 0.186825305 2.51713037 -2.43052435
v -0.183852181 2.57590842 -2.22724557
v -0.147094831 2.60694957 -1.98743904
v -0.314192593 2.57057023 -1.97679639
v 0.00258326391 2.59478188 -2.23985362
v 0.0198718309 2.6206944 -1.99170828
v -0.256789774 2.59698868 -1.79897773
v -0.209932327 2.67824435 -1.64261675
v -0.106371842 2.61948466 -1.80066288
v -0.0729859471 2.69555402 -1.67315984
v -0.0455911569 2.83255386 -1.57797825
v -0.181075498 2.79867625 -1.53023028
v 0.0439362787 2.62398672 -1.79908991
v -0.152276456 2.95244431 -1.42971611
v -0.101671644 3.07683206 -1.29640269
v -0.0626421496 3.17887163 -0.960621476
v -0.184579983 3.12132168 -0.909093082
v -0.287796348 3.04127574 -0.862893999
v -0.0313685127 3.16738558 -1.14194894
v 0.0324583352 3.18796706 -1.021909
v -0.0556120537 3.15503693 -0.784234166
v -0.166565731 3.09176731 -0.737983286
v -0.283257693 3.05579686 -0.695069134
v -0.406018972 2.9956274 -0.822386205
v 0.191385671 3.21764398 -0.963156462
v 0.0664194748 3.2025609 -0.834908485
v 0.0394842029 3.10993838 -1.33698392
v 0.112482034 3.19543719 -1.16775763
v -0.0121843424 2.98198605 -1.47579479
v -0.419840991 3.06667352 -0.648726463
v -0.545414984 2.98739767 -0.799909592
v -0.135955662 3.09261632 -0.556393981
v -0.270901918 3.12742281 -0.501226544
v 0.080563657 3.14711571 -0.662525713
v -0.0241504759 3.09696031 -0.611539602
v 0.114525579 3.07435226 -0.502958834
v 0.00540797133 3.09653282 -0.434685558
v -0.108419746 3.1432786 -0.356987447
v -0.252040237 3.16498399 -0.270050198
v -0.39336893 3.17449951 -0.177901447
v -5.06251812 0.0529520288 0.104543328
v -4.97867489 0.457879037 0.433477968
v -4.98296547 0.475276142 0.710450947
v -4.87962961 0.273428172 1.1865133
v -4.93252945 0.47563687 0.960238099
v -4.73648453 0.256654799 1.38118052
v -4.56974363 0.24581711 1.53598297
v -4.78722048 0.790581107 0.188924521
v -4.80388355 0.808532715 0.45736137
v -4.90367842 0.645364523 0.442209512
v -4.65963125 0.932623982 0.226042897
v -4.67853165 0.959060073 0.477593154
v -4.67335463 0.966415226 0.720240772
v -4.79935694 0.821923018 0.72042501
v -4.90556288 0.660968602 0.714142323
v -4.83481216 0.462821037 1.18265712
v -4.85291576 0.657066047 0.958101332
v -4.74426794 0.818264723 0.952082813
v -4.63918257 0.812466979 1.15682316
v -4.75632286 0.644347131 1.1722697
v -4.70031977 0.448375463 1.37458742
v -4.52056885 0.431382567 1.53640926
v -4.61738014 0.963302314 0.941981256
v -4.51013803 0.959108949 1.13425291
v -4.51301813 1.0518074 0.278602362
v -4.529778 1.08639193 0.514342785
v -4.52195883 1.08957672 0.731750846
v -4.47062969 1.07620513 0.932344019
v -4.36144447 1.18567061 0.551675856
v -4.35117245 1.18337154 0.751167715
v -4.31273317 1.16557908 0.924155474
v -4.35636473 1.06516445 1.10426545
v -4.19454241 1.15726876 1.06884599
v -4.49589777 0.800662458 1.32778358
v -4.61499071 0.63052541 1.35682452
v -4.37491512 0.937736154 1.28970265
v -4.23347521 0.900541306 1.40756822
v -4.34970236 0.769607604 1.46477318
v -4.44368839 0.60681957 1.50792444
v -4.17536068 0.44267866 2.22664118
v -4.11338902 0.643454313 2.1865561
v -4.01155663 0.664613008 2.39220071
v -4.07510662 0.452793658 2.43888831
v -4.10805845 0.228292018 2.45267344
v -4.24183226 0.429057568 2.00763202
v -4.18065929 0.620318532 1.96412301
v -4.29008436 0.573840499 1.61419928
v -4.21458244 0.728873432 1.56605613
v -4.14844418 0.74614042 1.71512711
v -4.21760321 0.586345434 1.75835919
v -4.35472536 0.409159511 1.65071559
v -4.27206039 0.410729587 1.78817797
v -4.11994743 0.858816922 1.50583887
v -4.05367613 0.884978294 1.6519953
v -4.1095643 0.803034544 1.90792215
v -4.00883102 0.951177597 1.82723558
v -3.93708205 1.00372827 2.02677584
v -4.03502369 0.841300786 2.12176538
v -3.93227911 0.865708768 2.31985235
v -3.87046218 0.676841855 2.57303643
v -3.93061757 0.459459811 2.62864733
v -3.96170306 0.226580188 2.64201546
v -3.79191327 0.879198074 2.49360585
v -4.14832115 1.22078753 0.211382419
v -3.94904375 1.26028872 0.111319236
v -3.97668862 1.25776446 0.302059561
v -4.16911459 1.24241984 0.410928458
v -4.35389709 1.15970504 0.330203265
v -4.33961248 1.15450037 0.122120477
v -3.99898767 1.28227997 0.49470982
v -4.1756897 1.26090896 0.599701345
v -4.16426611 1.24996924 0.783544302
v -4.23280334 1.0493995 1.22862124
v -4.08637285 1.14639211 1.15517497
v -4.10885 1.01819527 1.32786572
v -3.99840307 0.977087259 1.41453791
v -3.94220114 1.00948882 1.54013622
v -3.98615217 1.12075484 1.22190094
v -3.88442087 1.08451557 1.29664981
v -4.00707245 1.28513849 0.679699183
v -3.90048957 1.07903624 1.72525728
v -3.82305026 1.13805151 1.91383648
v -3.82277346 1.1055423 1.44263554
v -3.78059363 1.17457736 1.62970233
v -3.70040154 1.24457395 1.79723573
v -3.60372019 1.30011165 1.95482993
v -3.71413422 1.181054 2.09331298
v -3.83043098 1.03951037 2.22005486
v -3.69510555 1.06233609 2.38712978
v -3.57196832 1.21370292 2.2509172
v -3.52053714 1.07975101 2.53107762
v -3.6156776 0.889796913 2.64586997
v -3.41091371 1.22914135 2.38110375
v -3.32846212 1.08091402 2.63843608
v -3.41426826 0.891954958 2.76642227
v -3.49275923 0.676238298 2.86263275
v -3.69322515 0.679555833 2.73409534
v -3.78354311 1.25884938 0.210308075
v -3.68400598 1.29154074 0.307046592
v -3.72503853 1.30582094 0.469848365
v -3.82888365 1.27519691 0.390821308
v -3.61939383 1.41239417 0.246280193
v -3.66091347 1.4155345 0.393385381
v -3.67980552 1.40191984 0.541789412
v -3.55732346 1.40970218 0.100526959
v -3.62033892 1.63334846 0.201736182
v -3.66395879 1.61407137 0.31562376
v -3.6852293 1.58939159 0.459781855
v -3.68993783 1.57259059 0.610000789
v -3.75659871 1.2969712 0.641319573
v -3.85845065 1.2952528 0.575793803
v -3.6930871 1.37826145 0.700511336
v -3.79764056 1.29033041 0.78500551
v -3.8975997 1.28893304 0.731207252
v -3.72899437 1.36389732 0.835769236
v -3.7571938 1.31127894 0.977117002
v -3.83122349 1.26451993 0.933242977
v -3.92223191 1.26693392 0.888855636
v -4.02431393 1.26814663 0.840082347
v -3.70978212 1.18839002 1.36013401
v -3.66666627 1.26178968 1.53541231
v -3.79659247 1.22748792 1.17746973
v -3.69336295 1.32358551 1.33580101
v -3.63535571 1.38150465 1.50034964
v -3.72925353 1.35905325 1.16900146
v -3.54874778 1.436239 1.63756788
v -3.59268713 1.32462704 1.69856095
v -3.69835949 1.49998987 1.34429312
v -3.63734889 1.5344007 1.48286712
v -3.55028725 1.5767622 1.61352849
v -3.49236465 1.37035596 1.82606852
v -3.67477846 1.78573 0.520394325
v -3.65319777 1.81551576 0.377023757
v -3.67304969 1.75403798 0.663814962
v -3.62197328 1.96879792 0.569998085
v -3.62665892 1.918468 0.718797266
v -3.59486175 2.00082755 0.423398167
v -3.71295595 1.66201401 0.938372791
v -3.72521806 1.49615157 0.878970504
v -3.69331789 1.54095185 0.749344468
v -3.68013525 1.70721948 0.804449379
v -3.66582775 1.82114041 1.00922155
v -3.68369293 1.76898551 1.14014816
v -3.7296977 1.599805 1.07958174
v -3.63427448 1.86441159 0.866458416
v -3.74146819 1.43784332 1.02565873
v -3.59407187 1.9699409 1.08996308
v -3.61102152 1.90929365 1.23605335
v -3.55742216 2.01045561 0.942616045
v -3.61498237 1.81964457 1.35503066
v -3.68809628 1.715451 1.2530632
v -3.72384548 1.53651977 1.21002758
v -3.45250678 2.14202166 1.02460134
v -3.4877665 2.08880687 1.18733346
v -3.50705004 2.00997782 1.34727156
v -3.55115342 0.44921574 2.93019414
v -3.31348991 0.435645759 3.03027892
v -3.07791829 0.409496874 3.07545471
v -3.22772717 1.23370004 2.47673249
v -3.03605771 1.22467756 2.5366776
v -3.12642026 1.06662083 2.71252227
v -3.20530343 0.880664587 2.85072875
v -3.27081227 0.66100651 2.95938683
v -3.49676061 1.50492001 -0.00669417856
v -3.58483434 1.67366219 0.123254403
v -3.44212317 1.47782445 1.75602114
v -3.31720448 1.50725698 1.86236751
v -3.36606264 1.40096319 1.94245958
v -3.46855497 1.32749879 2.09664798
v -3.44186902 1.61775172 1.73030591
v -3.54599786 1.73259223 1.5669198
v -3.43741083 1.77469528 1.679142
v -3.3036027 1.8081696 1.77808702
v -3.31360245 1.64862108 1.83313239
v -3.31029153 1.34631324 2.20629215
v -3.21993423 1.42665398 2.03698659
v -3.14032412 1.34828949 2.29849005
v -3.06079674 1.4353404 2.10142398
v -2.9563601 1.34470677 2.33900332
v -3.28667736 1.96849775 1.68975568
v -3.13506532 2.00176835 1.76535213
v -3.15228391 1.8320483 1.85625648
v -3.41853833 1.93447912 1.58975303
v -3.163589 1.66943991 1.91476572
v -3.45002103 2.19189525 0.307100058
v -3.32412577 2.33703375 0.352618039
v -3.38102317 2.31583095 0.52622056
v -3.50468898 2.17025328 0.473386943
v -3.37574267 2.18801999 0.147014439
v -3.25337052 2.32844782 0.188202724
v -3.54721308 2.02497816 0.273857594
v -3.47527266 2.02865744 0.123860776
v -3.55277514 1.86131966 0.127693251
v -3.54711604 2.07288384 0.790245533
v -3.53696966 2.13265538 0.630730152
v -3.41546249 2.26839685 0.701386094
v -3.42723083 2.19850659 0.865294635
v -3.33101344 2.24189258 1.11867452
v -3.36957622 2.17803526 1.29322624
v -3.2954607 2.3001945 0.947071791
v -3.13971996 2.36332536 1.01997542
v -3.18822765 2.31864405 1.20095086
v -3.22782922 2.24220467 1.38194036
v -3.39254498 2.08028817 1.4542799
v -3.53095198 1.87975156 1.47713149
v -3.2593689 2.1301868 1.55105782
v -2.83845353 0.377621114 3.08272195
v -2.58728671 0.32101512 3.05350089
v -2.76570964 1.32402635 2.3647635
v -2.83902311 1.19935167 2.56731749
v -2.91684794 1.03827012 2.75514889
v -2.98859787 0.848605573 2.90444088
v -2.64018321 1.15438223 2.57731485
v -2.70532537 0.983200788 2.77311468
v -2.75759363 0.806451917 2.91621137
v -3.0412097 0.633295059 3.00509572
v -2.80610776 0.593826711 3.0154233
v -3.01377511 1.52843511 2.0011692
v -3.17186451 1.52475703 1.94734859
v -2.99912095 1.66986966 1.97274899
v -2.846874 1.51304924 2.03065324
v -2.88802552 1.42307329 2.14573288
v -2.82742929 1.65594625 2.00188971
v -2.71116495 1.39249909 2.16338325
v -2.68227196 1.47712541 2.04191995
v -2.66767788 1.62191761 1.99979532
v -2.98447156 1.83610189 1.9190414
v -2.81087232 1.82408679 1.94670153
v -2.96854234 2.00703335 1.82220399
v -2.9512639 2.16278291 1.68800259
v -2.77181554 2.15036488 1.7219919
v -2.79699707 1.99478328 1.85801828
v -3.1105907 2.1584959 1.6302582
v -3.10485649 2.44072199 0.242109373
v -3.08303237 2.27403712 1.4657259
v -3.03528237 2.35785103 1.27795827
v -2.87070513 2.37787557 1.33708096
v -2.92041326 2.29124284 1.52708137
v -2.98334193 2.40567255 1.08964944
v -2.81712985 2.41574264 1.15364778
v -2.64190936 2.40631175 1.18747413
v -2.6961956 2.36398029 1.37738276
v -2.74031186 2.28163028 1.56199563
v -3.17750669 2.45573926 0.40961796
v -3.23352218 2.43539858 0.590131998
v -2.92984915 2.51554966 0.295982033
v -3.00395179 2.53377151 0.469683498
v -2.74242687 2.55558419 0.345344603
v -2.81652665 2.5710609 0.529875457
v -3.06816483 2.50902462 0.654243886
v -2.88966107 2.55460405 0.717056632
v -3.27248907 2.37736845 0.773208022
v -3.12057519 2.45164013 0.84176755
v -2.94421625 2.48819423 0.906636775
v -2.75976777 2.49035478 0.964227915
v -2.6878624 2.5566299 0.780664742
v -2.57773495 2.46548629 1.00471544
v -2.36025333 0.257500947 2.96869111
v -2.55616879 0.543694317 2.98715734
v -2.53030276 0.738742411 2.88951731
v -2.30856586 0.648916602 2.8279562
v -2.32843685 0.469524652 2.91838217
v -2.49259329 0.910264909 2.75706744
v -2.29117537 0.813993931 2.72237968
v -2.58096552 1.27634442 2.37439799
v -2.39637041 1.18321478 2.38878798
v -2.44455862 1.07650292 2.58606935
v -2.51927876 1.4327544 2.05986953
v -2.5262723 1.34129524 2.1705451
v -2.51982093 1.59843671 2.01053166
v -2.35603452 1.27299273 2.22062159
v -2.65521359 1.79789984 1.94824588
v -2.51708102 1.78077161 1.97031498
v -2.63298035 1.96945596 1.8637805
v -2.50227118 1.96089888 1.89150143
v -2.60974908 2.12211084 1.73779571
v -2.4840188 2.12657881 1.78667593
v -2.39888191 1.79434717 2.06521392
v -2.38603187 1.58760178 2.11519408
v -2.35819459 1.3982091 2.15658879
v -2.53424764 2.34826398 1.41064191
v -2.57481837 2.24908137 1.58422327
v -2.49253106 2.42273426 1.22979057
v -2.45492458 2.2788558 1.65190303
v -2.41768551 2.40393162 1.49030852
v -2.33020401 2.33549953 1.75382507
v -2.36161518 2.1748507 1.89284301
v -2.2824769 2.4956305 1.60102689
v -2.47259045 2.4874537 0.245671645
v -2.54023838 2.55142379 0.401841581
v -2.41874599 2.4020319 0.102129579
v -2.61001515 2.56947136 0.595076621
v -2.49849248 2.51354766 0.826678216
v -2.33599901 2.54852366 0.876711547
v -2.42436337 2.4929595 1.05416489
v -2.41291499 2.52523899 0.647189975
v -2.23033786 2.57537031 0.690064669
v -2.08050919 0.52499491 2.72179127
v -2.12115121 0.371322691 2.79792285
v -2.25781798 0.958785594 2.56451082
v -2.08315039 0.68880862 2.63307381
v -2.06736159 0.836726964 2.50287652
v -2.19978118 1.36226153 2.25893736
v -2.19127297 1.19239795 2.28236651
v -2.23896646 1.56825972 2.23568726
v -2.21699262 1.07431996 2.39618802
v -2.08017778 1.53586054 2.34422588
v -2.0475049 1.30633724 2.34048629
v -2.03654647 1.10440958 2.3164978
v -2.25513005 1.79853022 2.1848588
v -2.09806514 1.78968084 2.30208945
v -1.92888439 1.75331545 2.37745571
v -1.91714191 1.48339403 2.41446829
v -1.89267743 1.24337697 2.39572287
v -2.38735104 1.98213601 1.99228144
v -2.2449007 2.00919557 2.10514331
v -2.08859205 2.0213232 2.21457815
v -2.21506166 2.25284219 0.0287565645
v -2.37451959 2.30799341 -0.0271702539
v -2.04807162 2.23606873 0.0499851368
v -2.22585464 2.33930349 0.165142849
v -2.00757599 2.35920644 0.145903185
v -2.21964574 2.21401358 2.00624108
v -2.1771965 2.3955009 1.86410999
v -2.00981212 2.42877698 1.96813965
v -2.06034589 2.23520732 2.11127496
v -2.11207652 2.56076813 1.70074356
v -1.93037343 2.5981679 1.80014169
v -1.88751483 2.22876596 2.20163369
v -1.91876042 1.99862897 2.30407619
v -1.83691287 2.42931032 2.06041384
v -2.26895213 2.43057251 0.306874901
v -1.95665324 2.5193584 0.301140755
v -2.33676672 2.49475765 0.464778632
v -2.12114906 2.55494618 0.48090288
v -2.35433865 2.52735686 1.31675816
v -2.27624011 2.61062121 1.13294208
v -2.19222903 2.62359643 1.42075753
v -2.10009217 2.72908807 1.22708738
v -2.02373338 2.69770885 1.51880598
v -1.92198062 2.7901392 1.32582545
v -1.9889679 2.78231835 1.03418303
v -1.78875852 2.8626802 1.13585818
v -2.17629361 2.67766166 0.940431952
v -1.84557545 2.73618627 1.61916578
v -1.87858796 1.0449357 2.35199594
v -1.70487189 0.991918445 2.39002752
v -1.63107395 0.76615119 2.44189954
v -1.8702575 0.895292759 2.38171291
v -1.74483252 1.19479942 2.43867874
v -2.04973292 0.961648524 2.35975718
v -1.61300802 1.16159296 2.48277712
v -1.59212148 0.97491169 2.46962786
v -1.56039572 0.806144476 2.46663308
v -1.7647891 1.43287683 2.46729112
v -1.61056888 1.38569415 2.48638535
v -1.76467657 1.69889081 2.44702554
v -1.75261331 1.95679522 2.38528252
v -1.7194407 2.19281888 2.28911614
v -1.55725324 2.11505604 2.34818935
v -1.58807957 1.88382649 2.43919802
v -1.60540128 1.62525904 2.47922158
v -1.66745257 2.39450336 2.14808059
v -1.50377309 2.31624436 2.23162055
v -1.68582261 2.81907773 0.684910238
v -1.84843564 2.81625247 0.849374592
v -2.05098486 2.71485996 0.747730553
v -1.89353168 2.72023392 0.568258464
v -1.46791244 2.87962461 0.810768962
v -1.64418948 2.88274288 0.960710287
v -1.71102881 2.69818091 0.407185107
v -1.50043809 2.79207754 0.546730697
v -1.29998946 2.84592485 0.685221374
v -1.51511502 2.695683 0.307112783
v -1.34711397 2.76679564 0.451537639
v -1.67456007 2.55388641 0.164837614
v -1.73236084 2.82850003 1.42841709
v -1.7628026 2.60001564 1.89223647
v -1.67081439 2.74057603 1.71459866
v -1.59738159 2.5732348 1.98093617
v -1.50041366 2.70922232 1.81680334
v -1.43637979 2.90610003 1.08566153
v -1.58975542 2.8858757 1.24997067
v -1.40512645 2.8794322 1.37605882
v -1.54508436 2.8288703 1.53673208
v -1.62346947 0.254057437 2.51689768
v -1.28762448 0.26680246 2.55770421
v -1.15632641 0.225396752 2.60657334
v -1.40335608 0.30782339 2.4908402
v -1.24184573 0.384351671 2.53537846
v -1.13357818 0.341928422 2.59174991
v -1.33311009 0.431256413 2.47278094
v -1.29139972 0.514643669 2.6006639
v -1.17054164 0.465337336 2.67082024
v -1.37904704 0.553838491 2.53306699
v -1.38463295 0.780414224 2.69429946
v -1.25377631 0.759789109 2.80879617
v -1.22093749 0.608213007 2.75273466
v -1.34663713 0.638070583 2.64749742
v -1.4036659 0.947062314 2.72626019
v -1.27000225 0.937024057 2.85108924
v -1.48167121 0.805647314 2.576087
v -1.50864267 0.963423133 2.59642625
v -1.44162118 0.674575865 2.54934454
v -1.09458816 0.748456538 2.909235
v -1.07076526 0.575955331 2.83713198
v -1.02998447 0.426514328 2.7379663
v -1.11393785 0.930187583 2.95782518
v -1.51774073 1.14318514 2.60512972
v -1.41270912 1.12818778 2.73792768
v -1.27581215 1.12269831 2.86867976
v -1.40128529 1.33172476 2.71597242
v -1.27435589 1.30982339 2.84247112
v -1.50497079 1.35016084 2.58052754
v -1.12770116 1.30318129 2.94949269
v -1.12611258 1.1179589 2.97220874
v -1.47045529 1.56571031 2.53463864
v -1.37178433 1.5346626 2.64770508
v -1.25826526 1.50541413 2.78117824
v -1.11637437 1.49427283 2.88759017
v -1.32201743 1.72270215 2.55302238
v -1.21706545 1.69915378 2.68435621
v -1.087502 1.68618548 2.79685807
v -1.26945913 1.90312052 2.45519257
v -1.20971704 2.06581068 2.36120939
v -1.09294069 1.98429775 2.43169951
v -1.15841913 1.86311221 2.56064558
v -1.43344998 1.79824185 2.47680736
v -1.4031111 2.01049137 2.40459156
v -1.3528235 2.2038753 2.31652641
v -1.27329683 2.36296439 2.18804669
v -1.13025224 2.21772528 2.27596378
v -1.42920363 2.4942596 2.08828425
v -1.3325814 2.61780167 1.93623865
v -1.1736244 2.49375343 2.06126022
v -1.03590643 2.33738899 2.15152359
v -1.15479529 2.79357696 0.597745121
v -1.20580447 2.78356457 0.37937516
v -1.02920282 2.81122732 0.534680307
v -1.37664878 2.7829833 1.66242933
v -1.21915615 2.70814991 1.79719698
v -1.24563396 2.83357787 1.50830364
v -1.09646511 2.75628352 1.64451766
v -0.963182449 2.64826465 1.76289725
v -1.06622303 2.58080244 1.91632521
v -0.937507331 2.44616747 2.01995516
v -1.26504827 2.888345 0.940586567
v -1.10170531 2.84813523 0.824130297
v -0.92934531 2.81165743 0.962328732
v -1.09023809 2.87309766 1.06407285
v -1.25491834 2.88924527 1.2206794
v -1.09720373 2.84936285 1.35266221
v -0.967709184 2.77187371 1.4854697
v -1.00282764 0.312199056 2.6459918
v -1.01542675 0.190846533 2.63448644
v -0.906736791 0.560279667 2.8971312
v -0.88015759 0.406864107 2.78688645
v -0.863024294 0.296004325 2.68689203
v -0.873385191 0.16827777 2.67067051
v -0.738900125 0.0367580503 2.80053806
v -0.707599282 0.170416027 2.69869637
v -0.539392173 0.164075971 2.73207831
v -0.930625558 0.7393924 2.97815442
v -0.948277056 0.929741859 3.02638149
v -0.756721973 0.749534667 3.01891208
v -0.733628035 0.560962677 2.93676353
v -0.71396786 0.408709019 2.82079625
v -0.961665213 1.12491894 3.04058433
v -0.953365326 1.49074674 2.96424532
v -0.937267721 1.67736948 2.87209773
v -0.962873876 1.31206059 3.01717687
v -0.774244308 1.7011286 2.9007659
v -0.788578749 1.51532078 2.99594736
v -0.793620467 1.33137012 3.05581236
v -1.01061296 2.09585524 2.32059574
v -0.921005309 2.20050859 2.2097888
v -0.849229991 2.68113708 1.6013757
v -0.838305831 2.52167773 1.87229419
v -0.737070322 2.38352036 1.94356608
v -0.828983068 2.3059032 2.08653569
v -1.07862008 2.8841579 0.30196172
v -0.899776697 2.91367841 0.468005985
v -0.765823066 3.0130291 0.392105788
v -0.619838417 3.08116007 0.301529169
v -0.418104678 3.05294704 0.454864234
v -0.556497931 2.99860501 0.549860835
v -0.697750986 2.90601063 0.623881996
v -0.956137419 2.78516436 0.738719821
v -0.82446003 2.82132339 0.684723973
v -0.770234466 2.75469398 0.870964766
v -0.950059891 2.82107854 1.20492518
v -0.833103538 2.75940895 1.32342982
v -0.700854182 0.293050766 2.71458936
v -0.536693692 0.299398273 2.73572111
v -0.385191023 0.314306945 2.77768278
v -0.393665522 0.167472363 2.80717707
v -0.547774196 0.426980525 2.83925438
v -0.391966969 0.457133591 2.837852
v -0.23608093 0.457873344 2.87519717
v -0.22772333 0.308754772 2.8460083
v -0.246534154 0.154630184 2.88936901
v -0.554097414 0.578468978 2.95247388
v -0.401965499 0.614414334 2.94855499
v -0.256589293 0.63593781 2.96664262
v -0.776787817 0.942313492 3.06527114
v -0.602886558 0.960553408 3.08267212
v -0.586363435 0.767599821 3.0376451
v -0.789785385 1.1382035 3.07944036
v -0.615782738 1.15529823 3.09242845
v -0.443080813 0.984263122 3.06659055
v -0.42561394 0.796192706 3.02741313
v -0.457291633 1.17845964 3.07594275
v -0.308677942 1.20007658 3.07726216
v -0.297952622 1.00703621 3.07010841
v -0.285644382 0.817275584 3.03744555
v -0.462988704 1.37293839 3.04927707
v -0.622789204 1.35166419 3.07075667
v -0.322536618 1.39659381 3.04354262
v -0.620368302 1.54240894 3.00242972
v -0.467599005 1.56372368 2.97696209
v -0.315544397 1.59637129 2.98534036
v -0.451217085 1.89225304 2.73540378
v -0.592383265 1.88124859 2.75700736
v -0.582768857 2.01463723 2.59155869
v -0.446346074 2.01911521 2.56826329
v -0.309582293 1.9409194 2.75228405
v -0.318846315 1.78224134 2.88422179
v -0.46040079 1.73967755 2.86998844
v -0.323409438 2.06375527 2.58067751
v -0.607641578 1.72308195 2.8988986
v -0.742506683 1.86585903 2.76484942
v -0.718236744 1.98933363 2.62064672
v -0.492776364 2.38019037 1.6798389
v -0.567505419 2.32633066 1.84396732
v -0.644491315 2.44990516 1.78941154
v -0.552439392 2.48586965 1.62004721
v -0.476664513 2.54425526 1.51620233
v -0.412812024 2.44691658 1.57070589
v -0.351545811 2.34470129 1.60989499
v -0.434233278 2.28076124 1.73628569
v -0.506213069 2.23157835 1.8930527
v -0.642692626 2.8127768 0.809561789
v -0.529304028 2.90975213 0.748802304
v -0.442289472 3.00867438 0.898533225
v -0.563393295 2.89635873 0.958961785
v -0.655270994 2.78537273 1.01163638
v -0.497514039 2.94868374 1.11334372
v -0.597706437 2.8222177 1.15001225
v -0.789812624 2.75976396 1.08661461
v -0.697152317 2.73781943 1.20985866
v -0.738718212 2.56519556 1.70881093
v -0.633320749 2.58291316 1.52922893
v -0.722115517 2.67556071 1.43382192
v -0.648299813 2.25105 2.00500512
v -0.566912353 2.17336941 2.06639385
v -0.547380269 2.63280821 1.42897332
v -0.619699538 2.69290042 1.3258971
v -0.471950829 3.13808441 0.214184508
v -0.342202991 3.15788531 0.114113122
v -0.388038546 2.99250364 0.68039906
v -0.29693386 3.08317208 0.831458747
v -0.362926543 3.06168962 1.05215645
v -0.286002576 3.05526733 1.20601594
v -0.428822994 2.94604063 1.26419735
v -0.535831273 2.8112638 1.28973413
v -0.210687727 3.13688278 0.978746891
v -0.465193063 2.75141048 1.4190625
v -0.356132418 2.88615942 1.40330112
v -0.0870398805 0.127588198 2.94574857
v -0.0693579689 0.295404702 2.91609621
v 0.10611251 0.275387913 2.9621892
v 0.0900817662 0.110763572 2.96571255
v 0.0624115989 -0.0684010535 2.97765589
v -0.157779753 1.01974547 3.15993237
v -0.146127954 0.818159103 3.12745309
v -0.121845484 0.622515798 3.05274582
v -0.0877363011 0.436058283 2.96270633
v 0.0788827688 0.423333168 3.05087399
v 0.0568127297 0.612794816 3.1472137
v -0.169582114 1.44117534 3.13553882
v -0.167578116 1.2206434 3.17140245
v -0.165140897 1.65818048 3.06438398
v 0.0188394748 1.71209514 3.14954424
v 0.0187928565 1.47876596 3.23297644
v 0.0167198852 1.24486709 3.26457334
v 0.0270371158 1.03089988 3.25664544
v -0.169046849 2.02291656 2.80873036
v -0.162172943 1.85733545 2.96093798
v -0.188751832 2.15786147 2.63082051
v 0.00308558717 2.10430551 2.86657572
v 0.0167442299 1.92600381 3.03752279
v -0.421900332 2.18647718 1.95560801
v -0.386102408 2.23020601 1.79747486
v -0.311728209 2.24802399 1.98805523
v -0.338828117 2.21332216 2.1850729
v -0.455262363 2.16168118 2.14546275
v -0.29026857 2.25240278 1.83184671
v -0.200223967 2.31226683 2.22263026
v -0.198876098 2.25337291 2.42899585
v -0.33756879 2.15523791 2.38776612
v -0.200351432 2.33346152 2.01140714
v -0.45952937 2.11463189 2.36159801
v -0.0385920927 2.43232226 2.03220272
v -0.0366176888 2.41317248 2.24840689
v -0.0272145811 2.3473103 2.4611361
v -0.611456335 2.11577845 2.32138085
v -0.0118025606 2.2457962 2.67364001
v -0.32052955 2.56380582 1.58130682
v -0.21555455 2.68780351 1.58759499
v -0.134780511 2.57155967 1.63081861
v -0.248592913 2.45418406 1.61764419
v -0.394442648 2.66585565 1.5163635
v -0.284621269 2.79419351 1.51208186
v -0.2120177 3.00257707 1.3508656
v -0.141787171 2.91261721 1.46509397
v -0.0669697449 2.80552554 1.55763924
v 0.00548759056 2.68323731 1.60723841
v 0.0277469307 3.00633597 1.38843393
v 0.0965311378 2.89270425 1.49097061
v 0.161241293 2.77563667 1.56067646
v -0.188787088 2.37181592 1.64357722
v -0.308890343 2.27448201 1.66378152
v -0.0732686222 2.48055148 1.64640665
v -0.0425086394 2.43110061 1.71506631
v -0.164971367 2.33611536 1.71338475
v 0.0688242316 2.56509638 1.62775779
v 0.112280518 2.48963428 1.70027113
v -0.254710078 2.2876668 1.73633766
v -0.176165 2.34138608 1.84545171
v -0.0393331535 2.42592549 1.85170412
v -0.209568307 3.16418362 0.0138548827
v -0.188368678 3.16975093 0.255757779
v -0.296349227 3.11421418 0.358298898
v -0.0778829679 3.21595907 0.149951965
v -0.280127674 3.10518789 0.597229898
v -0.18256411 3.22249675 0.504068017
v -0.0498526283 3.36365533 0.662284553
v -0.185644686 3.20887446 0.750166178
v -0.0678807348 3.32394123 0.392744958
v 0.0847674832 3.46817207 0.554897189
v -0.0757730827 3.28344226 0.908682525
v -0.120784521 3.13596153 1.12131643
v -0.0452669337 3.09481406 1.26825845
v 0.057538338 3.38771009 0.27600503
v 0.227491856 3.5268321 0.446668208
v 0.527929902 -2.0452199 -0.525023758
v 0.628003895 -1.99069333 -0.662138522
v 0.408734679 -1.97024775 -0.726936281
v 0.427440643 -2.16376185 -0.356315523
v 0.236395404 -2.00415397 -0.832832813
v 0.272456169 -1.69090116 -1.27764976
v 0.329963773 -1.59281409 -1.40418935
v 0.173512623 -1.52486968 -1.45209801
v 0.382564962 -1.81495869 -1.07380736
v 0.437005907 -1.74254739 -1.21523595
v 0.486339986 -1.63879406 -1.34710944
v 0.317740053 -1.89809465 -0.938596904
v 0.493061304 -1.90800977 -0.855772018
v 0.552015007 -1.86427021 -1.01836848
v 0.286058187 -1.37266493 -2.11203051
v 0.151610851 -1.41517234 -1.98231125
v 0.259898931 -1.36153948 -1.88883197
v 0.392079383 -1.34465337 -2.0219593
v 0.515350759 -1.30108774 -2.12376118
v 0.413106471 -1.3013339 -2.22092605
v 0.316166013 -1.33846354 -2.33030295
v 0.181652263 -1.41040552 -2.21840072
v 0.248062477 -1.42036748 -1.55495107
v 0.229321912 -1.34221578 -1.70361471
v 0.106830813 -1.36723518 -1.76158261
v 0.370572805 -1.38921654 -1.65755188
v -0.00268390519 -1.41951025 -1.84580576
v 0.369593084 -1.3734678 -1.83397973
v 0.50653547 -1.3839401 -1.95421982
v 0.488507211 -1.42603552 -1.77676761
v 0.628990352 -1.43132341 -1.87858796
v 0.403071791 -1.48654675 -1.50811899
v 0.336473793 -1.23600125 -2.54882407
v 0.435020387 -1.23135924 -2.42440844
v 0.541660845 -1.09879267 -2.50607562
v 0.445662946 -1.09749591 -2.63487792
v 0.345528543 -1.07966995 -2.74700642
v 0.204627275 -1.34871423 -2.45130396
v 0.0122220879 -0.646082699 -3.09709454
v 0.196299702 -0.657017648 -3.05089307
v 0.197084665 -0.465435207 -3.07270026
v 0.000149696818 -0.46151334 -3.11777353
v 0.0336204767 -0.823311269 -3.04115772
v 0.191736028 -0.842622697 -2.98880315
v 0.356606364 -0.690555096 -2.97070575
v 0.376790553 -0.496191919 -2.99220157
v 0.318182617 -0.879171729 -2.91396737
v -0.00889773294 -0.268605918 -3.10075164
v 0.189729288 -0.275490493 -3.0571363
v -0.0166997388 -0.0871978924 -3.04880953
v 0.183820784 -0.0923812762 -3.00405955
v 0.375547886 -0.299584389 -2.97736835
v 0.369787544 -0.107072666 -2.92037702
v 0.531455696 -0.333621949 -2.86307621
v 0.531921566 -0.142833143 -2.80968523
v 0.510833383 0.051216092 -2.70980549
v 0.361338824 0.0648917481 -2.83050609
v 0.178178146 0.0835509971 -2.91462255
v 0.755648255 -2.06829119 -0.448999166
v 0.828415036 -2.06559253 -0.602278531
v 0.685856581 -2.13915443 -0.321707547
v 0.682740152 -1.99056923 -0.825758159
v 0.892087877 -2.0667007 -0.78740865
v 0.663999617 -2.25286031 0.0315443464
v 0.470765918 -2.29844928 0.0254788604
v 0.475481063 -2.334517 0.200106725
v 0.653232157 -2.26596808 0.200992525
v 0.809069514 -2.25976562 0.210601851
v 0.840680778 -2.23665977 0.0528301932
v 0.6691733 -2.209059 -0.145148516
v 0.455145359 -2.23782086 -0.156058744
v 0.873940885 -2.18581343 -0.102196291
v 0.926668525 -2.12023616 -0.240800202
v 0.983852983 -2.07549834 -0.379349381
v 0.531558454 -1.54165316 -1.45086205
v 0.595716059 -1.80192566 -1.18420577
v 0.636042356 -1.70641553 -1.3319602
v 0.659552157 -1.59301698 -1.45232368
v 0.720625579 -1.95636964 -1.00859773
v 0.760486603 -1.88307488 -1.17786336
v 0.79017067 -1.77956462 -1.33900809
v 0.930482328 -2.02136135 -0.98061049
v 0.955167651 -1.947312 -1.17098475
v 0.632859707 -1.35829329 -2.06078458
v 0.521861255 -1.20275676 -2.30983353
v 0.629184127 -1.22587299 -2.22190738
v 0.616767883 -1.0888406 -2.3808918
v 0.754170537 -1.28319538 -2.15134811
v 0.758945644 -1.39685786 -1.96548951
v 0.88888675 -1.3243252 -2.05009103
v 0.736141443 -1.44608986 -1.7544632
v 0.875408053 -1.41156375 -1.83675194
v 0.594831109 -1.44568193 -1.69111359
v 0.808946073 -1.4740144 -1.62683344
v 0.954256237 -1.4295187 -1.68590975
v 0.664598823 -1.47830749 -1.57510281
v 0.624284148 -0.94758451 -2.56933284
v 0.537647307 -0.934227467 -2.70145106
v 0.433917552 -0.911957681 -2.81622028
v 0.698102534 -0.95435524 -2.43724751
v 0.688986957 -0.776216447 -2.60118961
v 0.601370394 -0.754301131 -2.74396491
v 0.491353184 -0.724274933 -2.86515617
v 0.76111877 -0.798195064 -2.47170496
v 0.733422339 -0.593105972 -2.61544037
v 0.638005793 -0.562862515 -2.7531085
v 0.795049787 -0.630587161 -2.47022867
v 0.729367375 -1.12403274 -2.30432677
v 0.806642056 -0.990847886 -2.36166358
v 0.869869709 -0.833483458 -2.38961601
v 0.51872772 -0.528617382 -2.88069868
v 0.753424346 -0.408535004 -2.60264921
v 0.653934002 -0.368326038 -2.73823833
v 0.816597223 -0.457077324 -2.45946407
v 0.657363236 -0.184208676 -2.68483973
v 0.632278383 0.0171976835 -2.57672071
v 0.752425015 -0.229923442 -2.54911804
v 0.728600562 -0.0572884418 -2.45051336
v 0.800390244 -0.130429476 -2.3241322
v 0.859784961 -0.201828316 -2.21353269
v 0.828726053 -0.0903147385 -2.11435032
v 0.758174658 0.00719743129 -2.21182609
v 0.816413105 -0.285424769 -2.41057277
v 0.894625068 -0.336793959 -2.30018497
v 0.68228054 0.101219095 -2.32898235
v 1.09523261 -2.09038949 -0.740178883
v 1.14820945 -2.05190516 -0.95130384
v 1.04281783 -2.09168887 -0.540924847
v 1.19691133 -2.08754492 -0.333144277
v 1.2475177 -2.08564734 -0.514064968
v 1.11489892 -2.16559052 -0.211254328
v 1.31798458 -2.07874346 -0.714899063
v 1.39506698 -2.01991391 -0.924203932
v 1.03704405 -2.24606037 -0.0823512003
v 1.18718767 -2.33565903 -0.0780769587
v 1.29088628 -2.21781707 -0.219362691
v 0.977512062 -2.30469394 0.0635702088
v 1.11366868 -2.40046453 0.0741278529
v 1.34815311 -2.39703107 -0.0640370175
v 1.46032381 -2.26737142 -0.205981821
v 1.26290357 -2.4761672 0.0939832181
v 1.18154383 -1.96597481 -1.15497947
v 1.1885401 -1.84239173 -1.33227229
v 0.972813785 -1.82699358 -1.33891535
v 1.00648463 -1.33664501 -1.91287673
v 1.08517575 -1.3380084 -1.76717877
v 1.20460808 -1.21420383 -1.81807911
v 1.12532294 -1.22778499 -1.97405088
v 1.0293963 -1.59184909 -1.53720176
v 1.17747259 -1.41489422 -1.66781533
v 1.30664074 -1.23898315 -1.72119808
v 1.00534236 -1.21657467 -2.12045145
v 0.86272186 -1.17775369 -2.23280931
v 0.95162648 -1.03645301 -2.28892159
v 1.01494884 -0.87375623 -2.32249689
v 0.900197446 -0.663568854 -2.38637233
v 1.04349458 -0.699011981 -2.32604027
v 1.09581339 -1.07110059 -2.17576838
v 1.21779704 -1.08554029 -2.01985097
v 0.906895518 -0.492042005 -2.35288
v 1.04275787 -0.520051718 -2.28865767
v 1.01950526 -0.357746392 -2.221457
v 1.17777371 -0.72597152 -2.21614218
v 1.17448533 -0.539579213 -2.19045281
v 1.14313185 -0.371711075 -2.12465143
v 1.15565908 -0.905244827 -2.20987082
v 1.27440643 -0.9230057 -2.05682111
v 1.29650164 -0.73742944 -2.08105826
v 1.27891195 -0.549977243 -2.06478429
v 1.23357594 -0.373290479 -2.01998568
v 0.972886622 -0.220740095 -2.13350391
v 0.923438668 -0.124143451 -2.02645159
v 0.878394663 -0.0419757701 -1.93822956
v 0.791882217 0.00952340011 -2.01428294
v 0.720424891 0.10530974 -2.1173377
v 1.16269004 -0.237071812 -1.95977938
v 1.07925141 -0.231127918 -2.04840827
v 1.33440852 -0.311664343 -1.96402478
v 1.22551668 -0.189882264 -1.91511464
v 1.09122312 -0.132378891 -1.88727164
v 1.0140748 -0.131248295 -1.94881296
v 1.14524901 -0.0902222097 -1.85765839
v 1.40436482 -2.51589775 0.130770892
v 1.50785673 -2.43898726 -0.0219545178
v 1.62582338 -2.31162381 -0.147439748
v 1.54515564 -2.01532793 -0.690990448
v 1.63101327 -1.96697176 -0.91353935
v 1.41271615 -1.93208206 -1.14205968
v 1.61358225 -1.90200162 -1.15885854
v 1.4489634 -2.04978943 -0.501240313
v 1.38204253 -2.08775067 -0.337069154
v 1.5565722 -2.10689425 -0.314912111
v 1.63266087 -2.04312634 -0.446661204
v 1.72694945 -2.00369143 -0.606291592
v 1.72440696 -2.14594722 -0.24116534
v 1.80680108 -2.04849434 -0.354076684
v 1.34372377 -1.48119342 -1.6145649
v 1.4703213 -1.29888451 -1.65617764
v 1.23340631 -1.65760171 -1.50947869
v 1.45098388 -1.66115952 -1.46418977
v 1.53264976 -1.50844288 -1.55959809
v 1.62689221 -1.36141026 -1.61633205
v 1.57375026 -1.13421929 -1.65773129
v 1.39894152 -1.08061111 -1.74080181
v 1.73232043 -1.2111088 -1.62638831
v 1.29922199 -1.07277179 -1.85559404
v 1.3512063 -0.912094355 -1.89727044
v 1.37842572 -0.73945415 -1.93652761
v 1.45564306 -0.916844785 -1.77752423
v 1.49078703 -0.754778743 -1.87344277
v 1.49764299 -0.551736832 -1.94811761
v 1.36951721 -0.545288444 -1.96421027
v 1.63375413 -0.972846448 -1.72693157
v 1.67091441 -0.797551632 -1.85869324
v 1.67462051 -0.572825372 -1.95213735
v 1.30463803 -0.0325161517 -2.30365229
v 1.18204403 -0.0204711072 -2.26749492
v 1.23523784 -0.0485716537 -2.16589808
v 1.35232997 -0.0509580448 -2.20723701
v 1.43022895 -0.000833169674 -2.35430098
v 1.39688039 0.0510158613 -2.43833899
v 1.26117444 0.0113282939 -2.39194322
v 1.46720243 -0.0215317085 -2.25308108
v 1.13897884 0.0304578543 -2.35157585
v 1.07345831 0.0201153383 -2.22246933
v 1.13217783 -0.0171477571 -2.12324929
v 1.01885796 0.0939231887 -2.31633306
v 1.19370556 -0.0226958524 -2.03729868
v 1.28961587 -0.0490252897 -2.07107306
v 1.39917862 -0.0487398989 -2.10883975
v 1.51466954 -0.0153836673 -2.13302326
v 1.62426531 0.0620626695 -2.16669869
v 1.56129861 0.0345614851 -2.28817987
v 1.53816926 0.0722817406 -2.39088917
v 1.55372334 -0.0134694465 -2.02861667
v 1.66429794 0.106954984 -2.0201869
v 1.43927109 -0.0592813231 -2.01813602
v 1.47674811 -0.135223716 -1.96855152
v 1.59705925 -0.0951788351 -1.97126925
v 1.83055532 -0.0336686634 -1.96693063
v 1.33801639 -0.0594799034 -1.99058378
v 1.24255812 -0.0371672697 -1.96169817
v 1.25230944 -0.0912117139 -1.91966021
v 1.35550249 -0.133548558 -1.94582546
v 1.89821315 -2.02137971 -0.504940689
v 1.87870121 -2.19095349 -0.127966866
v 1.97841704 -2.1159997 -0.22988528
v 2.08841181 -2.09451175 -0.37805742
v 1.77091396 -2.34364843 -0.0518623479
v 2.00743484 -2.22190857 0.036536403
v 2.14278436 -2.15287948 -0.0484356619
v 1.90221059 -2.36106181 0.0954832211
v 1.63041532 -1.71039236 -1.50182271
v 1.41106236 -1.81393254 -1.31430876
v 1.60124719 -1.82219028 -1.3471787
v 1.6963135 -1.59019601 -1.60966873
v 1.78117335 -1.87217999 -1.42183757
v 1.76038957 -1.75494027 -1.51489139
v 1.86957967 -1.682248 -1.62101352
v 1.97891355 -1.97202933 -1.12726617
v 1.95494986 -1.94033802 -1.32596827
v 1.78592956 -1.94649148 -1.24021065
v 1.80892467 -1.95902932 -1.04348171
v 2.12932253 -1.93196559 -1.20878911
v 2.09519744 -1.87592709 -1.39599538
v 1.86545694 -1.94279182 -0.903217971
v 1.99510849 -1.93075955 -0.916010141
v 2.14876485 -1.91269839 -0.993692517
v 1.86911309 -1.3314327 -1.68195593
v 1.97342825 -1.20656979 -1.67753279
v 1.84187984 -1.04468346 -1.64714372
v 1.77647805 -1.46574807 -1.66984499
v 1.92393517 -1.60078752 -1.66032946
v 2.00545073 -1.49403644 -1.67792165
v 2.07971835 -1.38754022 -1.67630816
v 1.85555136 -0.851927578 -1.79899311
v 1.84806836 -0.600549161 -1.92008197
v 2.03474832 -1.00683689 -1.83652997
v 2.0017941 -0.655681729 -1.95194364
v 1.84624791 -0.32525453 -1.96607816
v 1.66163254 -0.310849577 -1.98623943
v 2.00439 -0.363504171 -1.97822499
v 1.48793018 -0.316311896 -1.9749881
v 2.28299499 -2.14419651 -0.184173673
v 2.41376209 -2.1133306 -0.327953011
v 2.20392609 -2.04967976 -0.515751719
v 2.46649313 -2.14122629 0.0288845021
v 2.60594893 -2.11005831 -0.131434143
v 2.28681231 -2.14903498 0.158114135
v 2.19544864 -1.77839661 -1.45684206
v 2.11307502 -1.65148485 -1.59986389
v 2.03383613 -1.75508749 -1.55929792
v 2.24657178 -1.84850013 -1.27702963
v 1.9374944 -1.83607721 -1.49135613
v 2.26454091 -1.67529762 -1.49070942
v 2.33838677 -1.60101354 -1.53235006
v 2.24727798 -1.47483814 -1.66029048
v 2.17832136 -1.54888523 -1.61724555
v 2.32985353 -1.75011742 -1.33257556
v 2.41232347 -1.6917789 -1.38839185
v 2.27538085 -1.84774876 -1.0780555
v 2.01429129 -1.96564126 -0.696892381
v 2.18187046 -1.88780093 -0.797597289
v 2.31187081 -1.82925117 -0.885851324
v 2.36944747 -1.76417625 -1.15141988
v 2.48778152 -1.73624969 -1.22482085
v 2.4354353 -1.7510885 -0.965771079
v 2.57800937 -1.76805091 -1.05436981
v 2.33137035 -1.99487734 -0.64399153
v 2.53670597 -2.041255 -0.461281717
v 2.6585083 -1.95690107 -0.573979914
v 2.46441388 -1.90575159 -0.747003675
v 2.54462552 -1.71004069 -1.50214708
v 2.44831824 -1.59291768 -1.64715433
v 2.35102153 -1.451056 -1.79306221
v 2.15205002 -0.711876452 -2.105129
v 2.15087032 -0.422957689 -2.13124371
v 2.18920064 -1.015661 -2.02238965
v 2.37675309 -1.00242054 -2.1868906
v 2.3470757 -0.735650182 -2.2612803
v 2.34112573 -0.466198534 -2.29025054
v 2.36700535 -0.217683762 -2.27246094
v 2.17644191 -0.151380688 -2.10580254
v 2.02712536 -0.0878463611 -1.93795896
v 2.42712879 0.0104746372 -2.23140907
v 2.57540727 -0.246340811 -2.38461709
v 2.60952616 -0.0242311824 -2.33655262
v 2.75856638 0.16711247 -2.31046081
v 2.55657482 0.232603326 -2.18778372
v 2.26094699 0.0870716423 -2.06573176
v 2.40516448 0.289635807 -2.0375669
v 2.73176169 -2.03640556 -0.281724483
v 2.84528208 -1.94104552 -0.419582278
v 2.42857432 -2.07413077 0.39592585
v 2.6441164 -2.08055949 0.230984971
v 2.78533983 -2.04505682 0.0583061501
v 2.91436481 -1.9835428 -0.116839454
v 3.01071596 -1.88200963 -0.276165873
v 2.63404584 -1.77810454 -1.32918262
v 2.70102501 -1.72156858 -1.63774312
v 2.5997932 -1.59064543 -1.80253041
v 2.51064205 -1.42501462 -1.96599984
v 2.7258575 -1.83075511 -1.16730452
v 2.79700923 -1.80063856 -1.4690851
v 2.58921075 -1.8175205 -0.821787119
v 2.71914291 -1.80522478 -0.90276593
v 2.86525083 -1.85438514 -1.01903963
v 2.91096115 -1.85395849 -1.31917262
v 3.03217626 -1.87621248 -1.16973734
v 2.76447272 -1.85156 -0.676127076
v 2.87804842 -1.81297565 -0.767990768
v 2.93363881 -1.83688819 -0.533215284
v 3.0287571 -1.79038882 -0.634059906
v 2.4312706 -1.23830044 -2.08316469
v 2.63461185 -1.21658015 -2.21759176
v 2.59588885 -0.98889035 -2.31503367
v 2.68259859 -1.39862812 -2.08944798
v 2.2641654 -1.26350498 -1.91368687
v 2.85665393 -1.70988393 -1.76247597
v 2.75850344 -1.5626359 -1.93852603
v 2.86153293 -1.18401456 -2.31630754
v 2.82777119 -0.960631013 -2.40805793
v 2.80265713 -0.72480613 -2.46616411
v 2.56855369 -0.739975274 -2.38052058
v 2.90095997 -1.36786258 -2.18510914
v 2.55778837 -0.477201551 -2.40603971
v 2.78585505 -0.473681718 -2.49002218
v 2.78774357 -0.246833175 -2.46309972
v 2.78352308 -0.0783956498 -2.40080786
v 2.95329952 0.0358774439 -2.40277123
v 3.07464981 -1.84629309 -1.46210241
v 2.95720053 -1.78794479 -1.60263336
v 3.20320797 -1.86207342 -1.32811332
v 3.36348248 -1.81129289 -1.49090993
v 3.23225927 -1.78845608 -1.61222386
v 3.11620307 -1.74259841 -1.73601556
v 3.17891645 -1.87237597 -1.02489555
v 3.34796429 -1.85812426 -1.19120574
v 3.506145 -1.80401814 -1.36078358
v 3.01445723 -1.85349047 -0.874795139
v 3.16876793 -1.82631314 -0.743996441
v 3.33167624 -1.84489727 -0.887686968
v 3.08905053 -1.79066467 -0.393898904
v 3.17359543 -1.73725486 -0.495411694
v 3.07927537 -1.86782813 0.0430666991
v 3.17085195 -1.78025615 -0.121469587
v 2.96703458 -1.93318522 0.21790792
v 3.13718581 -1.77909184 0.352666199
v 3.23530173 -1.7259928 0.196642533
v 3.31830478 -1.63626194 0.0339306816
v 3.14061403 -1.33018053 -2.23660517
v 3.10981154 -1.14583278 -2.36287594
v 3.08281326 -0.934068918 -2.45005345
v 3.05097747 -0.697625816 -2.50244927
v 3.01353049 -0.455414087 -2.51838899
v 3.29254699 -0.661770761 -2.4917171
v 3.24865985 -0.421672225 -2.51145411
v 2.99176645 -0.219655678 -2.48717713
v 3.19639564 -0.170748711 -2.48498917
v 3.49997902 -1.82580113 -1.05126178
v 3.65582633 -1.76246524 -1.23026705
v 3.48305559 -1.76899242 -0.752214134
v 3.65169096 -1.74928677 -0.915297806
v 3.80875421 -1.6990509 -1.09423828
v 3.31997132 -1.75826228 -0.614200234
v 3.46472573 -1.65751207 -0.468947977
v 3.60385728 -1.50168061 -0.311612368
v 3.76272106 -1.51559794 -0.460953325
v 3.63046622 -1.66816473 -0.615353763
v 3.31434131 -1.62712216 -0.354256988
v 3.46034241 -1.48135555 -0.209752113
v 3.7892313 -1.6495595 -0.779976904
v 3.23482156 -1.68760049 -0.255500406
v 3.38132787 -1.53423643 -0.103485741
v 3.39727688 -1.46653974 -2.08376765
v 3.60433888 -1.44986975 -2.01384711
v 3.59592247 -1.27326822 -2.16979146
v 3.37476635 -1.29806328 -2.2301724
v 3.17182207 -1.49004149 -2.09486485
v 3.21211934 -1.60811567 -1.94754815
v 3.40825844 -1.5934453 -1.91857958
v 3.57067299 -1.59248102 -1.83963025
v 3.58140373 -1.32598853 -0.0919913128
v 3.69393039 -1.33019459 -0.202025011
v 3.85374641 -1.35042655 -0.345387489
v 3.53860497 -1.40625906 0.028700538
v 3.66845489 -1.27157283 0.130735368
v 3.68151069 -1.17651784 0.00525423791
v 3.77174592 -1.15619564 -0.110942774
v 3.5568254 -0.853314042 -2.40225577
v 3.52293038 -0.608462214 -2.45349813
v 3.32630348 -0.899068713 -2.44260716
v 3.76904488 -0.803975642 -2.32040906
v 3.73237085 -0.549095392 -2.37410545
v 3.35204268 -1.1112926 -2.35131264
v 3.57666731 -1.07082307 -2.29943013
v 3.78627276 -1.03296924 -2.21447992
v 3.4676497 -0.356895149 -2.47043872
v 3.67324591 -0.289650798 -2.38003159
v 3.39531755 -0.104701169 -2.44162416
v 3.28489971 0.162823692 -2.34810972
v 3.11031556 0.0786250234 -2.40035772
v 3.58544064 -0.0286860596 -2.35006785
v 3.6472559 -1.70989811 -1.54537904
v 3.78797984 -1.67358828 -1.41587424
v 3.73042727 -1.57743514 -1.72991061
v 3.4986093 -1.71928489 -1.66278601
v 3.8790133 -1.54836154 -1.60369456
v 3.92874479 -1.59498131 -0.958961844
v 3.9160893 -1.51055193 -0.636798382
v 4.04861927 -1.46559966 -0.818055272
v 4.16215086 -1.37991273 -1.00427306
v 4.04839087 -1.51253629 -1.14364374
v 3.91990447 -1.60564411 -1.28146338
v 3.77708912 -1.42559373 -1.91500795
v 3.79188013 -1.24570572 -2.07611322
v 3.37408113 -1.71066332 -1.75671828
v 4.01624775 -1.49069142 -1.47167802
v 4.08126211 -1.33455527 -1.65039492
v 3.93302512 -1.39277291 -1.78904867
v 4.14184237 -1.39415407 -1.33172882
v 4.21098232 -1.247998 -1.50969374
v 4.00368023 -1.34257388 -0.51296103
v 4.13363409 -1.30622184 -0.690457344
v 3.9218154 -1.16834617 -0.234919459
v 4.06835938 -1.16442037 -0.394714773
v 3.97299528 -0.987799048 -2.09616184
v 3.95085025 -0.749688089 -2.20133257
v 3.9094615 -0.488981277 -2.26914144
v 3.96872377 -1.20487475 -1.96142375
v 3.75345826 -1.03664875 0.1021901
v 3.81151104 -0.997715235 -0.0383018777
v 3.95589137 -1.01690269 -0.169908002
v 4.09875631 -1.0091325 -0.312400639
v 4.00973749 -0.151945278 -2.13874483
v 4.13541651 -0.0924603939 -1.98194921
v 4.02652788 0.150640026 -1.96002269
v 3.89885211 0.0985161439 -2.1083281
v 3.75170898 0.0386112258 -2.24378538
v 3.85109711 -0.222403184 -2.27686429
v 4.07829237 -0.414746135 -2.12365532
v 4.20558834 -0.350779593 -1.96410787
v 4.12447739 -1.1511637 -1.81616747
v 4.24838877 -1.06338668 -1.67229009
v 4.25825834 -1.22860551 -0.873419702
v 4.25919342 -1.26598608 -1.18678236
v 4.34520721 -1.11224115 -1.04225826
v 4.20115662 -1.13046384 -0.566213548
v 4.31208658 -1.05228257 -0.742153168
v 4.12862778 -0.930262923 -1.96308374
v 4.26765966 -0.852639139 -1.81629443
v 4.24983931 -0.606016815 -1.9108597
v 4.11540413 -0.689554393 -2.06244731
v 4.36379051 -0.948787749 -1.51561582
v 4.36816835 -0.741962016 -1.64804673
v 4.35631704 -0.513739824 -1.7468518
v 4.4428277 -0.809498191 -1.35004294
v 4.45071983 -0.622853518 -1.47325897
v 4.3223896 -1.12596536 -1.36051428
v 4.40717077 -0.970016897 -1.20214856
v 4.22901297 -0.960640013 -0.46225822
v 4.33809996 -0.890737116 -0.631986618
v 4.41826057 -0.80260241 -0.77824837
v 4.39600563 -0.943573534 -0.897440195
v 4.28736877 -0.880130291 -0.378257602
v 4.38810539 -0.803821504 -0.533794522
v 4.46710587 -0.712907195 -0.680292368
v 4.02349854 -0.923249781 -0.0795374587
v 4.16150093 -0.917661905 -0.231098056
v 3.88941336 -0.902900755 0.0664420724
v 4.27720976 -0.897909224 -0.126044124
v 4.39799118 -0.855494738 -0.286030024
v 4.14234877 -0.905673027 0.03381126
v 4.27206087 -0.874934554 0.146019801
v 4.40987539 -0.86219722 -0.0165251587
v 4.53494406 -0.813284338 -0.174078181
v 4.50455284 -0.783136964 -0.440794587
v 4.64335632 -0.746905446 -0.331397712
v 4.31027269 -0.279769421 -1.80059278
v 4.23212433 -0.0348984897 -1.8132205
v 4.1270299 0.1953924 -1.79373741
v 4.42749262 -0.417267442 -1.56683898
v 4.37721014 -0.196556255 -1.6129508
v 4.48731565 -0.5046857 -1.28874457
v 4.45908594 -0.31236282 -1.37223971
v 4.41598606 -0.106596492 -1.4313544
v 4.33473635 0.0802975446 -1.46075284
v 4.29557514 0.0172664262 -1.63233066
v 4.45785952 -0.815814197 -1.04209387
v 4.48267221 -0.670444429 -1.17666328
v 4.5018096 -0.390755206 -1.12053323
v 4.48356867 -0.21774739 -1.20238447
v 4.49500847 -0.538786471 -1.01977777
v 4.45867205 -0.682976842 -0.909442008
v 4.52564383 -0.607020259 -0.808164835
v 4.55684328 -0.471609741 -0.925782025
v 4.69142151 -0.428539157 -0.85225141
v 4.71682549 -0.276753455 -0.965369463
v 4.57677937 -0.326818109 -1.03945851
v 4.83340073 -0.376583546 -0.760193825
v 4.85802412 -0.217904627 -0.877111375
v 4.6533761 -0.569304705 -0.729015529
v 4.79416323 -0.520671308 -0.630364299
v 4.72764635 -0.641463876 -0.484548688
v 4.77444601 -0.67054832 -0.214662626
v 4.86217594 -0.57301873 -0.373026401
v 4.58457994 -0.685388327 -0.585729241
v 4.92099953 -0.447692126 -0.520355105
v 4.67859602 -0.746752083 -0.0547329076
v 4.80904007 -0.635364354 0.0610283501
v 4.9028182 -0.569519997 -0.0989381894
v 4.56023026 -0.787905991 0.0966979861
v 4.69594288 -0.67979306 0.212806061
v 4.4442358 -0.0299887713 -1.27238572
v 4.56898642 -0.157246053 -1.1286943
v 4.55031443 0.0239210315 -1.21092415
v 4.7135458 -0.100474671 -1.06485951
v 4.69490719 0.0861439854 -1.14831305
v 4.86184216 -0.0395634286 -0.978483856
v 4.84177017 0.152778581 -1.04501116
v 4.96762943 -0.312733918 -0.65251261
v 4.97548294 -0.477043152 -0.254868239
v 5.03186703 -0.368318409 -0.405034691
v 4.926929 -0.502507269 0.169722959
v 5.01160002 -0.436325729 0.011298473
v 5.076231 -0.36509937 -0.138563395
v 5.1250186 -0.263150156 -0.284641683
v 5.07186604 -0.228962123 -0.52904439
v 5.16006136 -0.140292749 -0.399187267
v 4.98468065 -0.146775365 -0.764596701
v 5.09657145 -0.0746641234 -0.632690251
v 5.10349131 -0.293650746 0.114731647
v 5.15453911 -0.225193426 -0.0392588004
v 5.19252253 -0.1363644 -0.177071333
v 0.314556211 -2.4666121 0.202635184
v 0.314112335 -2.42620397 0.0338528827
v 0.137254775 -2.53815579 0.0336584449
v 0.312111855 -2.47561574 0.374751061
v 0.483917058 -2.33147717 0.364857346
v 0.305117846 -2.45172215 0.54372406
v 0.490996152 -2.30536795 0.522968829
v 0.291258335 -2.40240693 0.712537825
v 0.479691088 -2.25580645 0.677731097
v 0.257402331 -2.3299799 0.864923716
v 0.458909869 -2.18490219 0.826426387
v 0.363370746 -2.01637197 1.08284187
v 0.421400934 -2.11095738 0.962553859
v 0.280983031 -1.90909922 1.19827652
v 0.31252414 -1.6513226 1.48617125
v 0.387101918 -1.74120903 1.36562777
v 0.247500196 -1.6949836 1.62416232
v 0.47336185 -1.86186314 1.25863206
v 0.449693352 -1.60895276 1.6895622
v 0.536219656 -1.71213865 1.51184094
v 0.645155549 -1.85098541 1.36196697
v -0.0384591632 -1.65073395 2.55837488
v 0.15440315 -1.55601943 2.48168993
v 0.340426087 -1.53883219 2.202914
v 0.335292816 -1.61322737 2.00885725
v 0.332121581 -1.44515061 2.38660049
v 0.244023472 -0.983837426 2.77004266
v 0.272912055 -1.15982509 2.67873883
v 0.301169515 -1.31225049 2.54756093
v 0.219100907 -0.806554675 2.84664583
v 0.200269461 -0.624477983 2.89334106
v 0.193011701 -0.447060823 2.94914412
v 0.397162706 -0.45959866 3.03925419
v 0.382063657 -0.63354671 2.96821165
v 0.380499572 -0.807572663 2.88071823
v 0.203027532 -0.262450516 2.98617411
v 0.413118571 -0.270835966 3.07318115
v 0.597870767 -0.455696881 3.09707856
v 0.582739055 -0.633508146 3.03376269
v 0.567941487 -0.813300133 2.94641089
v 0.619195044 -0.267267227 3.12481451
v 0.238794103 -0.0779113397 3.00028467
v 0.433693737 -0.0803993493 3.08115697
v 0.645482183 -2.2637701 0.36241436
v 0.302214354 -2.36012769 -0.132365987
v 0.645233035 -2.24952698 0.520703137
v 0.783338964 -2.25473571 0.369371563
v 0.791578352 -2.24344087 0.524040818
v 0.657742262 -2.20305228 0.66983366
v 0.80279851 -2.20462346 0.674242377
v 0.661156416 -2.14356208 0.823360741
v 0.830568016 -2.14538479 0.806730866
v 0.571914256 -1.96694219 1.1239723
v 0.649645805 -2.0652945 0.982419908
v 0.763222814 -1.94199157 1.19203877
v 0.862526536 -2.0537765 1.01957977
v 0.824166834 -1.84580588 1.46202195
v 0.945557773 -1.93066382 1.28583634
v 0.697757542 -1.70411539 1.60979724
v 0.636265635 -1.53693044 1.73500872
v 0.850241542 -1.54645896 1.78427422
v 0.920056403 -1.69395924 1.66158521
v 0.611571372 -1.41053808 1.87993586
v 0.809965074 -1.42034638 1.91192985
v 0.459180236 -1.48056448 1.90220571
v 0.474715918 -1.42901528 2.13018703
v 0.46087122 -1.34988666 2.31211472
v 0.60622251 -1.33089173 2.29434037
v 0.609577715 -1.38283515 2.09487271
v 0.791616321 -1.39473677 2.09246397
v 0.78069663 -1.35119748 2.29664302
v 0.967079759 -1.3458029 2.28181458
v 0.981443286 -1.38622224 2.08732796
v 1.00474858 -1.41204631 1.92150807
v 0.432220578 -1.2448889 2.47695827
v 0.406670719 -1.1154213 2.63193774
v 0.570786953 -1.13073039 2.6543591
v 0.589938283 -1.2526027 2.48902893
v 0.384922564 -0.96982187 2.76137233
v 0.556900084 -0.983300328 2.81215119
v 0.800221384 -0.45361945 3.12048912
v 0.77839756 -0.632456899 3.05848193
v 0.823414624 -0.261419684 3.14610887
v 1.02694035 -0.251549691 3.12495732
v 1.00371361 -0.44746393 3.10237861
v 0.636145651 -0.0752947479 3.12542534
v 0.837576389 -0.0586144999 3.14164734
v 1.03811669 -0.0517046638 3.11679959
v 0.911922872 -2.34800911 0.391756892
v 0.903149307 -2.32624602 0.550226271
v 1.02941477 -2.42329812 0.58419776
v 1.0393132 -2.45400143 0.414716482
v 1.06589377 -2.44403291 0.240495995
v 0.933647811 -2.34048843 0.223852351
v 0.9187029 -2.28423929 0.702020705
v 0.950297475 -2.21784472 0.837494493
v 1.03881454 -2.37323689 0.7359007
v 1.06553972 -2.29585028 0.870842814
v 1.06463945 -1.98415637 1.14862549
v 1.14094079 -1.88614905 1.35923004
v 1.02711344 -1.81382048 1.51721239
v 1.23196757 -1.74808645 1.54976463
v 1.33192325 -1.80571926 1.40223253
v 1.24782217 -1.92607892 1.22106576
v 1.4298352 -1.85111976 1.26617241
v 1.13615894 -1.64783347 1.69181943
v 1.05873275 -1.51671255 1.8103168
v 0.764590263 -1.26589966 2.49909043
v 0.952079654 -1.26726782 2.48445463
v 1.14767861 -1.30958104 2.26138997
v 1.16941857 -1.34898806 2.06853724
v 1.19355297 -1.37384641 1.91642785
v 1.32533002 -1.25665188 2.23785329
v 1.3505863 -1.28040028 2.04269814
v 1.12994874 -1.24115491 2.46320796
v 1.29217923 -1.1915313 2.42321396
v 0.979887068 -0.626534581 3.0458281
v 0.957252622 -0.804356396 2.96950841
v 0.75894016 -0.812729418 2.9740591
v 1.22448897 -0.244594648 3.07450128
v 1.20519233 -0.441577345 3.05471802
v 1.17663455 -0.623695731 3.00309086
v 1.15046489 -0.796200216 2.92849636
v 1.39954722 -0.433619946 2.97229457
v 1.37063885 -0.615573347 2.92173743
v 1.33322203 -0.788735986 2.85589075
v 1.03799057 0.136644512 3.08867836
v 1.22918987 0.135403782 3.03455067
v 1.23180676 -0.0504119657 3.06318164
v 0.848531663 0.13167581 3.11407852
v 1.1872313 -2.52315521 0.446442544
v 1.34450507 -2.56145263 0.486470997
v 1.35728252 -2.55871105 0.308680207
v 1.21463919 -2.51772714 0.267500877
v 1.17427659 -2.49244738 0.619540572
v 1.33333087 -2.52525377 0.660735309
v 1.52143586 -2.56335926 0.529299319
v 1.51085401 -2.56629181 0.345552474
v 1.51020062 -2.52064252 0.700662553
v 1.68999457 -2.47731304 0.725439727
v 1.69688427 -2.52861381 0.548101842
v 1.67217183 -2.54754806 0.364338279
v 1.4844079 -2.44180489 0.859962583
v 1.32010972 -2.45727921 0.814805686
v 1.65739465 -2.39310312 0.884868383
v 1.42524016 -2.32823539 0.987569511
v 1.58883321 -2.27746773 1.0241667
v 1.28659952 -2.35316706 0.941384435
v 1.18171823 -2.07446909 1.10200834
v 1.36316729 -2.02207637 1.17289484
v 1.49146104 -2.14710093 1.12690341
v 1.31156969 -2.19796205 1.07958996
v 1.00455642 -2.13205457 0.968083084
v 1.15651631 -2.23196173 0.997788012
v 1.54267406 -1.94485509 1.19812799
v 1.42220843 -1.64941776 1.56331122
v 1.51495934 -1.70449293 1.40995419
v 1.60097837 -1.74473917 1.25716197
v 1.70467961 -1.82623971 1.18169427
v 1.37313902 -1.29898334 1.89386427
v 1.42943752 -1.36143744 1.77976501
v 1.25076807 -1.45533514 1.80801606
v 1.51587033 -1.1808306 2.02260137
v 1.53153241 -1.18273604 1.87052476
v 1.58175695 -1.22692251 1.74486721
v 1.33081245 -1.56340456 1.69650447
v 1.51910448 -1.44460523 1.67436922
v 1.61794186 -1.51018322 1.53039503
v 1.68135273 -1.29918969 1.61819935
v 1.69163275 -1.04557502 1.86840308
v 1.74765754 -1.10027492 1.72801328
v 1.83019543 -1.16290534 1.59432769
v 1.48125124 -1.17096293 2.19656539
v 1.4428122 -1.12889826 2.37676477
v 1.62446225 -1.05698371 2.21208191
v 1.66185343 -1.05894351 2.03946471
v 1.57725835 -1.04153562 2.35895228
v 1.49749362 -0.779861808 2.74543309
v 1.53843439 -0.611449361 2.80694103
v 1.68044269 -0.61328578 2.66993117
v 1.63666081 -0.774784148 2.61207652
v 1.57895839 -0.908810556 2.53876734
v 1.45331752 -0.924025118 2.65439939
v 1.29616034 -0.94840014 2.75080538
v 1.41632783 -0.0453622341 2.98317575
v 1.41435003 -0.241755843 2.99458122
v 1.56828916 -0.433173895 2.85273242
v 1.5816803 -0.24212563 2.87386584
v 1.57972932 -0.0459923595 2.8647542
v 1.73007476 -0.0541892275 2.72278595
v 1.73169243 -0.248174891 2.72990417
v 1.71719956 -0.435835451 2.70962477
v 1.86691952 -2.39410496 0.721304655
v 1.86910439 -2.45571136 0.537433684
v 1.83176386 -2.30750203 0.887372315
v 2.03071642 -2.2713728 0.681319594
v 2.02666903 -2.33046293 0.492304176
v 1.9909147 -2.18639731 0.855414331
v 1.91928673 -2.0730381 1.00195718
v 1.76437533 -2.19161272 1.03233969
v 1.662292 -2.06597805 1.1382978
v 1.82192814 -1.94919288 1.11469615
v 1.94414091 -1.81097877 1.058442
v 2.04331255 -1.93132901 0.946777582
v 2.11757803 -2.03353953 0.799683034
v 1.83422732 -1.69351864 1.13009489
v 1.75917029 -1.60816443 1.21526194
v 1.87564826 -1.4141016 1.34240186
v 1.70887232 -1.55919659 1.3670789
v 1.79518354 -1.3627249 1.48197854
v 1.91242719 -1.20389545 1.45495856
v 1.97450256 -1.24729586 1.33119547
v 1.90203369 -1.4610157 1.20702481
v 2.03802371 -1.31941056 1.23372757
v 1.98726439 -1.06770754 1.66932189
v 2.0652492 -1.10821533 1.52163482
v 2.13295984 -1.1291573 1.37685311
v 1.9134841 -0.994953513 1.81165314
v 2.14816904 -0.94778043 1.74435341
v 2.2270515 -0.987032056 1.58970344
v 2.04277039 -0.877183974 1.8859632
v 1.77456391 -0.924060345 2.07867813
v 1.82674408 -0.931565881 1.92842352
v 1.72853148 -0.925739348 2.2485826
v 1.81541502 -0.787138581 2.29168582
v 1.87029064 -0.788681746 2.12516356
v 1.93490493 -0.811352849 1.99102879
v 1.66590929 -0.918273509 2.4063499
v 1.73912895 -0.78152293 2.4670732
v 1.79525232 -0.619949043 2.50908041
v 1.84143794 -0.44400993 2.54551029
v 1.87581098 -0.625220895 2.33247304
v 1.92202926 -0.462017119 2.36744452
v 1.86021411 -0.257579446 2.56443906
v 2.11210704 -2.21510243 0.226488084
v 1.98151147 -2.36505198 0.289476365
v 2.17209005 -2.1672852 0.426184744
v 2.16814613 -2.11080003 0.622323036
v 1.84191656 -2.47701001 0.351828545
v 2.25358677 -1.91733468 0.779660583
v 2.3476963 -2.00963378 0.618829429
v 2.14971232 -1.8105824 0.918921709
v 1.95791698 -1.55840731 1.09866881
v 2.05273581 -1.69069791 1.02115989
v 2.31922531 -1.72187579 0.987869859
v 2.43674707 -1.83377421 0.855689704
v 2.21172142 -1.58484042 1.09797859
v 2.55645275 -1.92169094 0.698277056
v 2.39020276 -1.45846641 1.17071617
v 2.50836968 -1.58815014 1.06689334
v 2.62484121 -1.69709921 0.939552009
v 2.11680651 -1.44713867 1.17580771
v 2.28107405 -1.31601918 1.24186575
v 2.19530892 -1.19108105 1.29517281
v 2.28699803 -1.01110959 1.44153738
v 2.35034728 -1.05997241 1.34290576
v 2.43889236 -1.15791392 1.28691399
v 2.36474013 -0.833774149 1.64479518
v 2.42611837 -0.864395797 1.48786485
v 2.48780894 -0.908688068 1.38394868
v 2.27007985 -0.790293157 1.80461144
v 2.15469837 -0.738818347 1.94437182
v 2.36090684 -0.624289572 1.84777212
v 2.46393538 -0.672368586 1.68752861
v 2.23151135 -0.575581193 1.98372805
v 2.27464342 -0.405149221 2.01956916
v 2.4178834 -0.457739979 1.88115537
v 2.02404165 -0.67670697 2.04619408
v 2.09059715 -0.520163178 2.08885312
v 2.12381291 -0.352016032 2.12012291
v 1.99091387 -0.482453346 2.19941401
v 1.93663704 -0.639543116 2.1649816
v 1.94037688 -0.281185657 2.38655591
v 2.01235962 -0.313718259 2.21908712
v 2.13267994 -0.178070799 2.13444281
v 2.29633784 -0.227214903 2.03299427
v 2.0132339 -0.132491156 2.24011922
v 2.0075264 0.0414972901 2.26133299
v 2.13721299 -0.0132426415 2.1479435
v 2.31073618 -0.0699975789 2.0340097
v 2.44718075 -0.274001777 1.89341271
v 2.36724448 0.0873033404 2.11253667
v 2.52123141 0.0546514541 1.97076118
v 2.457798 -0.10189195 1.9059267
v 2.18168283 0.13650842 2.22449422
v 2.69215727 -1.9641403 0.545516074
v 2.7453208 -1.78118443 0.806660593
v 2.88052845 -1.80918634 0.664149344
v 2.55068135 -1.31395757 1.23679054
v 2.67572951 -1.44588959 1.1628021
v 2.8079319 -1.56724632 1.05748093
v 2.57873797 -1.00608313 1.35449612
v 2.69809222 -1.15704465 1.32798266
v 2.82552886 -1.30536747 1.27064383
v 2.53650165 -0.697764516 1.51681614
v 2.60125732 -0.740324855 1.40454149
v 2.70150614 -0.846123338 1.38867068
v 2.60827279 -0.527323067 1.53997362
v 2.68114614 -0.567405224 1.42075288
v 2.5328846 -0.496972233 1.71457875
v 2.64850807 -0.35142386 1.57045591
v 2.72361612 -0.404576153 1.47685122
v 2.57085896 -0.314292163 1.72839057
v 2.85919642 -0.524917603 1.49106669
v 2.79393888 -0.675205708 1.39030147
v 2.58292365 -0.132530496 1.74510384
v 2.66597104 -0.1547461 1.59446442
v 2.65143538 0.029288955 1.81033468
v 2.74189329 0.0111159449 1.66398227
v 2.82113028 -0.00871485006 1.56031561
v 2.74958611 -0.192893401 1.49297774
v 3.01343393 -1.81044757 0.513867259
v 2.8354795 -1.96472812 0.387271911
v 3.07226539 -1.7037164 0.79684639
v 3.19625187 -1.71311629 0.6445328
v 3.30988216 -1.69014251 0.49012363
v 3.40862393 -1.6205833 0.331788421
v 2.94418406 -1.65352798 0.934457958
v 2.96387076 -1.4246496 1.17116654
v 3.09874368 -1.51611805 1.04990184
v 3.22116613 -1.5690732 0.912810445
v 3.08460641 -1.26650429 1.24255478
v 3.21567202 -1.3564055 1.13345575
v 2.9504354 -1.14466012 1.32594192
v 2.82233286 -0.986753285 1.37932301
v 2.91766763 -0.835258007 1.39292288
v 3.05112457 -0.998979509 1.35125148
v 3.17377877 -1.11413836 1.27524757
v 2.98391557 -0.759158194 1.4609381
v 3.1221633 -0.917961359 1.42669857
v 3.25593114 -1.0316062 1.34795177
v 3.21245575 -0.894583166 1.56379974
v 3.35547042 -1.01314783 1.48715389
v 3.07572198 -0.73159802 1.5995028
v 3.29897428 -1.19876146 1.17402506
v 3.38247848 -1.11128759 1.25033104
v 3.19932318 -0.704813898 1.73802924
v 3.33110714 -0.8584162 1.69318235
v 2.95241904 -0.528207362 1.59837472
v 3.10322928 -0.537217617 1.7597723
v 3.06580567 -0.350812614 1.77808213
v 3.22011065 -0.34040004 1.89630473
v 3.26678228 -0.500090063 1.88242376
v 3.34765816 -0.655610561 1.85095477
v 2.92748666 -0.316479951 1.63484359
v 3.47030735 -0.80018568 1.79760003
v 2.97302365 -0.112980008 1.68165815
v 3.0688777 -0.163541853 1.78643107
v 2.84209275 -0.257440537 1.52886784
v 2.90262675 -0.0569608882 1.58566093
v 2.98745823 0.121286549 1.6217804
v 3.05905652 0.0783195719 1.7070626
v 3.12292528 0.0310627967 1.7880187
v 2.90426731 0.158756867 1.60543907
v 3.19929504 -0.178747773 1.89119816
v 3.49174953 -1.52082992 0.164485514
v 3.55114412 -1.48461699 0.447438151
v 3.63094378 -1.38117826 0.285552949
v 3.45573997 -1.55521774 0.60791117
v 3.55933976 -1.39327157 0.710674644
v 3.653965 -1.33392692 0.553784609
v 3.34275007 -1.58100605 0.762060583
v 3.45564461 -1.41447616 0.860600233
v 3.52618933 -1.25464892 0.934842467
v 3.61793637 -1.23504961 0.797160983
v 3.69941807 -1.18937457 0.652178168
v 3.4163208 -1.24754584 1.06267083
v 3.49802208 -1.15300894 1.13790691
v 3.33349895 -1.40420389 1.00290382
v 3.60498834 -1.16330254 1.01562977
v 3.47526169 -0.974692285 1.61490571
v 3.48900104 -1.09715152 1.38293052
v 3.6171236 -1.06079161 1.51664639
v 3.61777997 -0.71569258 1.88526523
v 3.75376201 -0.801902354 1.81561351
v 3.6142056 -0.904221356 1.72584903
v 3.50926352 -0.582587123 1.93276954
v 3.58221984 -0.248417258 2.00969791
v 3.54051137 -0.0992782861 1.992764
v 3.72919178 -0.0839769691 1.99854994
v 3.76224661 -0.247437 2.00821424
v 3.39338827 -0.29051879 1.9731822
v 3.35755587 -0.138050988 1.95416296
v 3.79462814 -0.399926692 1.98904872
v 3.62614608 -0.387478203 2.0014205
v 3.44206548 -0.441266358 1.96596575
v 3.49867606 0.049786929 1.95403826
v 3.69096208 0.0736283213 1.96041489
v 3.32384634 0.010103981 1.9136343
v 3.7502203 -1.12575483 0.237991229
v 3.71816015 -1.23637652 0.395609856
v 3.76472116 -1.09709358 0.50913775
v 3.79363894 -0.99584806 0.349218547
v 3.81525755 -0.921382487 0.202244505
v 3.8674674 -0.907818973 0.460102975
v 3.90875769 -0.853074372 0.312342614
v 3.99621654 -0.889070272 0.185042202
v 3.83490539 -1.01695502 0.60761565
v 3.77798247 -1.09603953 0.745065331
v 3.91320014 -1.08414268 0.830616713
v 3.97198439 -1.00212348 0.682886362
v 3.69744062 -1.1465081 0.8785761
v 3.83711433 -1.14063394 0.981544733
v 4.00373077 -0.895708501 0.539149702
v 4.04364109 -0.817966938 0.423786312
v 4.15762234 -0.865965426 0.63644433
v 4.19719934 -0.777437508 0.519910872
v 4.12204123 -0.968720853 0.772979379
v 3.74179649 -1.1552192 1.13160133
v 3.616889 -1.14604664 1.26358438
v 3.88140965 -1.12377 1.25398946
v 3.9854598 -1.10230386 1.09639418
v 3.75654459 -1.10820794 1.39281845
v 4.06913757 -1.05527461 0.933870673
v 3.89304662 -1.03392112 1.5091145
v 3.75850034 -0.985447466 1.6272465
v 3.88876414 -0.874671578 1.72305715
v 4.02119923 -0.921504796 1.60469663
v 4.01759768 -1.04940569 1.36685586
v 4.14228439 -0.934640706 1.46517897
v 4.12692165 -1.03194618 1.20958805
v 3.75263023 -0.572121084 1.94593334
v 3.86305475 -0.655900657 1.89411306
v 3.62934685 -0.514062166 1.96004105
v 3.98797441 -0.723736107 1.80764353
v 3.93000722 -0.469684154 1.94747341
v 4.05854797 -0.536172807 1.86936128
v 4.18370581 -0.581411839 1.76927674
v 4.11851883 -0.77206099 1.69031298
v 3.90186596 -0.0971052051 1.97333121
v 4.06396818 -0.138591617 1.91589522
v 4.08081245 -0.33208701 1.90993547
v 3.9316361 -0.276940644 1.97700179
v 3.86578345 0.0703728572 1.93986583
v 4.02721691 0.04737873 1.89025462
v 4.20766354 -0.183129892 1.83256781
v 4.21037674 -0.379709423 1.81675541
v 4.17756081 0.00652910257 1.81783545
v 4.14589405 -0.849090219 0.290992677
v 4.29642963 -0.785288513 0.395618886
v 4.42263985 -0.801038444 0.251500309
v 4.26783991 -0.901206672 0.883147657
v 4.30355644 -0.789774358 0.729112685
v 4.3306303 -0.69762063 0.618218601
v 4.20913172 -0.977778137 1.04227757
v 4.39264631 -0.786911726 0.987064958
v 4.42360353 -0.681964874 0.829009533
v 4.33297253 -0.864746034 1.14747691
v 4.24985218 -0.916746199 1.31013131
v 4.3452177 -0.775206149 1.4008919
v 4.43284845 -0.727801144 1.23742104
v 4.48873806 -0.645539165 1.07902777
v 4.43110466 -0.689580441 0.494284153
v 4.56497478 -0.699506044 0.359568894
v 4.51227713 -0.54959178 0.925973475
v 4.23718691 -0.792563021 1.55188811
v 4.30518246 -0.612502694 1.63621867
v 4.40801954 -0.611049712 1.47926736
v 4.49501657 -0.567920446 1.31743383
v 4.33365917 -0.417731762 1.69559872
v 4.44474983 -0.434096217 1.54977751
v 4.32916784 -0.232373878 1.72457945
v 4.44007826 -0.261632115 1.59175789
v 4.30665493 -0.0449121147 1.72171342
v 4.81984329 -0.548670352 0.322374851
v 4.54055023 -0.573499262 0.597182274
v 4.68855858 -0.572917581 0.464694351
v 4.43747044 -0.59052974 0.710146904
v 4.52653456 -0.465893865 0.797686577
v 4.62806797 -0.433055311 0.676786304
v 4.78267717 -0.414380521 0.555709541
v 4.54908705 -0.488268137 1.15916419
v 4.56304836 -0.396941245 1.00931787
v 4.52181292 -0.3957057 1.38496566
v 4.56773043 -0.318315864 1.22508919
v 4.58102894 -0.225879952 1.07119501
v 4.57583332 -0.312402189 0.875924647
v 4.69171381 -0.270641625 0.769122303
v 4.85571146 -0.236394882 0.650101662
v 4.88944149 -0.0481416807 0.725524604
v 5.02721977 -0.00551418215 0.579148412
v 4.98300743 -0.205219194 0.505406559
v 4.91104317 -0.389355063 0.420891821
v 4.72771692 -0.0908082351 0.837726653
v 4.60596323 -0.140668765 0.93748045
v 4.56276751 -0.0393881053 1.12145221
v 4.59237337 0.0547977537 0.993591785
v 4.55858421 -0.139842719 1.27629852
v 4.73056126 0.119881481 0.905465841
v 5.01622629 -0.34656328 0.267572701
v 5.08165073 -0.17215465 0.344635665
v 5.13526583 0.0241173655 0.409882188
v 5.16677094 -0.123523355 0.178640336
v 5.21436548 0.0625735521 0.233191863
v 5.21580124 -0.0595748238 0.0205880161
v 4.89713287 0.162803531 0.776938856
v 5.03695488 0.190188393 0.619207442
v 5.15096331 0.212861583 0.441936314
v -0.0182961859 0.0875478089 -2.96464443
v 0.165317953 0.232048526 -2.79680324
v -0.015491494 0.239923075 -2.84084678
v 0.327865362 0.222064599 -2.71120143
v -0.00556300208 0.346191734 -2.72216892
v -0.00911732949 0.441354245 -2.64269829
v -0.172701523 0.45282656 -2.63354492
v -0.186404228 0.353409529 -2.72262669
v 0.146984696 0.339491725 -2.67820907
v 0.137967929 0.44217521 -2.62012434
v 0.288827091 0.332513005 -2.59154725
v 0.158723876 0.546496689 -2.67670894
v 0.273975968 0.436236113 -2.5515604
v 0.315912992 0.550014615 -2.63273859
v 0.184113905 0.668192446 -2.80470228
v 0.3702299 0.663846076 -2.74559379
v 0.410433412 0.325096488 -2.47605872
v 0.401590466 0.434422851 -2.43929029
v 0.477204263 0.545459449 -2.5278604
v 0.213321134 0.821723461 -2.92381454
v 0.231038406 1.00500774 -3.01703906
v 0.243178874 1.21612215 -3.08589864
v 0.413879842 0.815116465 -2.85665298
v 0.447725594 1.00125515 -2.94836092
v 0.468579888 1.2141844 -3.01695204
v 0.240896538 1.42809546 -3.11250734
v 0.472412884 1.42970765 -3.04372692
v 0.466921002 1.65244627 -3.02587008
v 0.454107493 1.87093103 -2.96783471
v 0.443777591 2.07568312 -2.86749482
v 0.428165346 2.25182891 -2.72750473
v 0.406720668 2.39761329 -2.54762411
v 0.189993635 2.59319901 -2.20014334
v 0.179973483 2.61205649 -1.98141909
v 0.38598603 2.5036304 -2.34333825
v 0.365929157 2.56535673 -2.12530684
v 0.601372659 2.36604309 -2.42172933
v 0.564072609 2.46656537 -2.22783995
v 0.516551793 2.51537299 -2.01961112
v 0.486399144 2.5199542 -1.82776392
v 0.342953652 2.58318138 -1.91455126
v 0.0700630099 2.70561552 -1.68238676
v 0.0915058702 2.84727716 -1.61017549
v 0.133217409 2.99258566 -1.49815142
v 0.186913148 3.1195519 -1.34932661
v 0.283708572 2.9883194 -1.49537849
v 0.336838096 3.10380578 -1.34430015
v 0.252792686 3.19472098 -1.17010903
v 0.395275444 3.16638684 -1.15162623
v 0.424279004 2.95724988 -1.48285067
v 0.237381935 2.84477305 -1.61562002
v 0.374483019 2.82740378 -1.59736943
v 0.481661767 3.05814028 -1.32282722
v 0.489974856 2.7843411 -1.56907225
v 0.548531771 2.89886212 -1.46069026
v 0.61724782 2.98537803 -1.29745781
v 0.0343099684 3.13831782 -0.196628809
v 0.164513499 3.22777081 -0.0812877715
v 0.0387397744 3.22916698 0.0307400189
v -0.0841419771 3.1559906 -0.0921029299
v 0.145616487 3.08590007 -0.296019614
v 0.281845093 3.18884516 -0.184114531
v 0.413630933 3.14018583 -0.272429973
v 0.5830791 3.33230472 -0.134725243
v 0.448299617 3.38345575 -0.0484255515
v 0.31357497 3.4102335 0.0483477302
v 0.257581681 3.03400469 -0.390296787
v 0.467949271 0.209126532 -2.58430076
v 0.581965268 0.172939792 -2.45025492
v 0.511818171 0.301719129 -2.32475448
v 0.608833134 0.232574403 -2.19483399
v 0.670266986 0.372621208 -2.18527222
v 0.771075308 0.422633648 -2.10142517
v 0.786808848 0.570592999 -2.20531082
v 0.706046581 0.569785416 -2.28627372
v 0.738518894 0.200201765 -2.05943131
v 0.806061149 0.246149406 -2.04879332
v 0.606233835 0.543319821 -2.38881898
v 0.526860893 0.437910706 -2.28439736
v 0.808939934 0.0971930027 -1.9793179
v 0.551279187 0.663562059 -2.64157557
v 0.683892906 0.662751377 -2.5120647
v 0.750721097 0.810811639 -2.61032152
v 0.597367406 0.811806023 -2.74961734
v 0.783400893 0.672620416 -2.38449097
v 0.85954988 0.811944485 -2.47086644
v 0.642091751 0.996003509 -2.83910823
v 0.801038384 0.986123264 -2.69875145
v 0.840167522 1.18165755 -2.76222277
v 0.671840966 1.19607449 -2.90497637
v 0.678290367 1.42330289 -2.93663096
v 0.675771236 1.64241719 -2.91711807
v 0.85392487 1.40045893 -2.78647304
v 0.855621696 1.62760723 -2.7672267
v 0.669917285 1.86295545 -2.85037541
v 0.657860696 2.06247211 -2.74178123
v 0.857585549 1.84308696 -2.69207096
v 0.842156887 2.0310936 -2.57645488
v 0.631768286 2.23189592 -2.59994268
v 0.809288502 2.18882227 -2.43681979
v 1.01066494 1.79868162 -2.50383377
v 0.988089085 1.97020257 -2.4000535
v 0.954336524 2.1235404 -2.27024245
v 0.657998025 2.43829894 -1.89321208
v 0.616208196 2.46834469 -1.72716475
v 0.470355809 2.56547832 -1.70111156
v 0.327824473 2.60404205 -1.76246226
v 0.604099214 2.53852725 -1.60939455
v 0.659692526 3.02848315 -1.10145521
v 0.532607436 3.11815381 -1.12653947
v 0.730725467 2.88367033 -1.26430845
v 0.776166916 2.90472341 -1.08825707
v 0.660502791 2.80827832 -1.42894411
v 0.529167354 3.13437772 -0.900980115
v 0.404394627 3.18877792 -0.932187915
v 0.656460285 3.03916383 -0.88749814
v 0.771372557 2.91773057 -0.881363451
v 0.726392329 2.88352418 -0.669283092
v 0.611254573 2.99993277 -0.658657491
v 0.472435564 3.09422517 -0.682339489
v 0.340958565 3.15701604 -0.711844742
v 0.809035361 2.74132013 -1.2629993
v 0.857884109 2.76481295 -1.07642102
v 0.854785502 2.77687526 -0.882252812
v 0.810222685 2.76001787 -0.699029624
v 0.414088726 3.04691482 -0.495849371
v 0.213638246 3.10723162 -0.576363742
v 0.206079334 3.19617009 -0.771910369
v 0.284923971 3.21377659 -0.956393957
v 0.577670157 2.925349 -0.48754856
v 0.706514895 2.82341099 -0.513258338
v 0.549117982 3.07376361 -0.342698216
v 0.713003695 3.24996448 -0.21628584
v 0.690340817 3.00244093 -0.381328166
v 0.840507269 3.14335775 -0.282096118
v 0.810606122 2.90304518 -0.415205538
v 0.947005451 3.01278448 -0.335329562
v 0.904737175 3.37822056 -0.0392092392
v 0.789054751 3.46883154 0.0467476659
v 0.658365607 3.52318382 0.141581655
v 0.516501307 3.55612826 0.243411869
v 0.869615734 0.236480772 -2.08360529
v 0.840826094 0.365794182 -2.14657331
v 0.861120284 0.146277294 -1.97802603
v 0.927480817 0.156726286 -1.99978638
v 0.919681072 0.170967355 -2.13223243
v 0.98582685 0.111099102 -2.03822899
v 0.984222829 0.0950797424 -2.17775607
v 0.931470037 0.180087104 -2.26739693
v 0.875350475 0.270261496 -2.21328712
v 1.04581273 0.0429720245 -2.07991338
v 1.09845197 0.111446396 -2.43380904
v 0.987304688 0.192772388 -2.4010489
v 0.901723564 0.301760197 -2.34997082
v 1.22902918 0.0820126906 -2.46942377
v 1.11936319 0.0232488271 -1.99207485
v 1.05218506 0.0806802288 -1.94953454
v 1.10988283 0.0603176579 -1.86486125
v 1.17145228 0.0052607148 -1.91475546
v 0.935034871 0.444276631 -2.4232173
v 1.02051449 0.582578719 -2.47927237
v 1.00799346 0.672901154 -2.39847517
v 0.9117046 0.536297381 -2.36017179
v 0.863882601 0.410724461 -2.27977324
v 0.993071854 0.326616168 -2.47692752
v 1.05832446 0.465017647 -2.54410934
v 0.85087043 0.511034369 -2.20628047
v 0.850898921 0.66475141 -2.31107593
v 0.932364106 0.812718034 -2.3577559
v 0.923296869 0.983052492 -2.53817201
v 1.02007639 0.979956031 -2.41221857
v 0.897669375 0.616787791 -2.29578638
v 0.986210883 0.756962955 -2.33311176
v 1.16692424 0.694512606 -2.50616956
v 1.15128994 0.790590644 -2.40570521
v 1.19020653 0.568483174 -2.58050728
v 0.973307908 1.17682445 -2.59325886
v 0.999848664 1.38698912 -2.60845804
v 1.01173878 1.6017189 -2.57840419
v 1.1437211 1.58131349 -2.44252253
v 1.15165448 1.78275204 -2.39282155
v 1.14184785 1.965523 -2.31436539
v 1.32117224 1.58679891 -2.39896846
v 1.33698976 1.79265618 -2.33853245
v 1.1226778 1.37280381 -2.4724741
v 1.28971815 1.36627769 -2.42468667
v 1.12469625 2.13590765 -2.19246554
v 1.33756959 1.98386919 -2.24787164
v 1.32374907 2.14640546 -2.12416172
v 1.08524024 2.28328228 -2.04674363
v 0.904381752 2.25331926 -2.11796761
v 0.764017045 2.31391954 -2.27130556
v 1.29428768 2.28769183 -1.97734165
v 1.2653048 2.40256929 -1.80933666
v 1.48364198 2.34160376 -1.72506666
v 1.47171879 2.40665889 -1.53797686
v 1.25862479 2.46498418 -1.61660182
v 1.04160416 2.40376019 -1.88152325
v 1.49856973 2.24807978 -1.89223564
v 1.01932263 2.48070431 -1.69789529
v 0.868776262 2.60867953 -1.26288283
v 0.731364429 2.68585396 -1.42507625
v 0.764772952 2.56670666 -1.45347464
v 0.951275706 2.53633761 -1.26814365
v 0.992483437 2.5276401 -1.06026304
v 0.905748487 2.6204021 -1.07175899
v 0.838099182 2.50518608 -1.5414021
v 1.05117798 2.52240181 -1.47322762
v 1.27047634 2.49853683 -1.41096985
v 1.26509261 2.48903346 -1.20843291
v 1.11037052 2.51661205 -1.23900175
v 0.807061315 2.43213892 -1.78500009
v 0.911811531 2.63644004 -0.879781783
v 1.00553763 2.54906869 -0.874766469
v 0.950214446 2.58771014 -0.700612068
v 0.879272342 2.64804363 -0.712161541
v 1.13036776 2.50813723 -1.04804301
v 1.15358913 2.55622387 -0.884045005
v 1.20090401 2.56732464 -0.733829975
v 0.83501488 2.74220514 -0.552558899
v 0.975490391 2.6969986 -0.612964809
v 0.93765682 2.83665323 -0.493372291
v 1.05262411 2.92831874 -0.419506401
v 1.06397092 2.78770065 -0.567066252
v 1.1572684 2.86207891 -0.496025831
v 1.08788538 3.11091352 -0.219783992
v 1.24291599 3.1349299 -0.089750573
v 1.19119906 3.304286 0.0423449241
v 1.00066471 3.25838184 -0.135333627
v 1.16896403 2.98836207 -0.316998243
v 1.29201818 2.99163866 -0.204597786
v 1.2545141 2.91011667 -0.416669637
v 1.52500236 0.140083894 -2.47634864
v 1.36008739 0.116571769 -2.51020885
v 1.48501158 0.196581423 -2.53470826
v 1.50562108 0.7258057 -2.46329737
v 1.33371019 0.739050567 -2.49615121
v 1.34595585 0.618708134 -2.58381796
v 1.50268292 0.593625844 -2.54833388
v 1.63273489 0.525100291 -2.49138331
v 1.65176058 0.65027535 -2.4027369
v 1.49793136 0.81599915 -2.35053325
v 1.32327914 0.83561039 -2.38906002
v 1.65345621 0.753833234 -2.3012557
v 1.46109438 1.36016333 -2.35514164
v 1.50391829 1.57086706 -2.32375121
v 1.62264061 1.32758629 -2.25550246
v 1.6615907 1.5141989 -2.22383833
v 1.3894136 1.13121128 -2.34839725
v 1.56674647 1.12933767 -2.26784015
v 1.21227372 1.13315117 -2.40567231
v 1.52812159 1.77077663 -2.25889778
v 1.69511569 1.70148873 -2.16309619
v 1.5284555 1.95542109 -2.16508055
v 1.51604331 2.11407542 -2.03696418
v 1.698403 1.8921901 -2.06032014
v 1.69901049 2.0362401 -1.93899405
v 1.6934191 2.15554237 -1.79694271
v 1.67789578 2.2428267 -1.63276458
v 1.65421486 2.29721165 -1.45442247
v 1.51720667 2.30290437 -0.921534121
v 1.49063993 2.31288123 -0.784239054
v 1.40973878 2.43005872 -0.8315292
v 1.41187882 2.40698934 -0.983487964
v 1.59580028 2.20553827 -0.863616168
v 1.52315009 2.18932366 -0.73016715
v 1.57704055 2.31740665 -1.09294224
v 1.68911922 2.20203781 -1.01156425
v 1.44159889 2.41438413 -1.15996408
v 1.65851855 2.10518074 -0.810336411
v 1.55959463 2.09552765 -0.674064517
v 1.51743925 2.13180995 -0.578526974
v 1.46779048 2.18998694 -0.60029906
v 1.45622289 2.31690693 -0.660853863
v 1.39490211 2.43460989 -0.706956089
v 1.48279703 2.34158897 -0.552421689
v 1.42925668 2.45548344 -0.606681705
v 1.4980855 2.21698022 -0.492640972
v 1.57080686 2.40305519 -0.45438838
v 1.50694883 2.51950812 -0.5167256
v 1.58423114 2.28188181 -0.399317503
v 1.65544105 2.3524642 -0.281719267
v 1.63600051 2.48460484 -0.344779223
v 1.5801357 2.59956169 -0.404924661
v 1.46134365 2.42305183 -1.34632719
v 1.62208009 2.32322979 -1.28256226
v 1.27560496 2.47497439 -1.02803493
v 1.29263318 2.52153087 -0.874007046
v 1.30422628 2.51846123 -0.738364518
v 1.48072898 2.68663335 -0.477353126
v 1.41392279 2.61292529 -0.569289327
v 1.34171236 2.54501081 -0.644166291
v 1.66456413 2.58120632 -0.201806962
v 1.60449731 2.69164276 -0.279152066
v 1.51744187 2.77340865 -0.352405727
v 1.39487767 3.10850286 0.0466664582
v 1.35693789 3.25891995 0.184166014
v 1.41406345 2.95957255 -0.0938966721
v 1.51732969 2.87211823 0.00540810078
v 1.52306867 3.01554203 0.15959236
v 1.50417006 3.15334487 0.317264616
v 1.47763705 2.86858702 -0.231950209
v 1.57240283 2.78550649 -0.134989664
v 1.36641002 2.91610146 -0.317315847
v 1.40818715 2.8195467 -0.424571007
v 1.75187504 0.539803565 -2.31719208
v 1.78834009 0.652278066 -2.24557805
v 1.88713753 0.803376079 -2.24227142
v 1.70261669 0.897372723 -2.27086139
v 1.5109688 0.942077696 -2.26604366
v 1.72035182 0.416628033 -2.40710258
v 1.75678337 0.302839607 -2.29792094
v 1.80519497 0.420333922 -2.20846581
v 1.90587282 0.539566875 -2.17660832
v 1.75943947 1.07057285 -2.25429821
v 1.96098208 0.972560942 -2.23624659
v 2.00631166 1.15765035 -2.19280052
v 1.79866827 1.25230217 -2.20967984
v 1.81944478 1.43196785 -2.13780308
v 2.02310205 1.3412838 -2.11575556
v 1.83198261 1.60788715 -2.05292034
v 2.02077007 1.51183248 -2.01521969
v 1.85220969 1.91221511 -1.83530128
v 1.99335182 1.77516973 -1.75575483
v 1.984236 1.88144314 -1.60595167
v 1.85439575 2.02224874 -1.6892252
v 1.84839559 1.76590586 -1.95905876
v 2.00663829 1.65657496 -1.8917892
v 2.20424795 1.58083165 -1.83793068
v 2.17831063 1.70688748 -1.69453859
v 2.222013 1.42318928 -1.96287715
v 2.13590074 1.80555701 -1.53537631
v 1.80408001 2.1651473 -1.36511052
v 1.83291149 2.10728717 -1.53335965
v 1.95664942 1.96107876 -1.44031966
v 1.91507149 2.0170629 -1.26822388
v 1.75834131 2.19386935 -1.18861568
v 1.84089124 2.071486 -1.10174501
v 1.75429976 2.10404253 -0.951360464
v 1.91839075 1.97251558 -1.01147068
v 1.82439637 2.04554534 -0.874602258
v 2.00708866 1.91057205 -1.17420423
v 2.02895713 1.98611879 -0.937684953
v 1.91033399 2.08953881 -0.7958408
v 1.71720827 2.07129836 -0.737599194
v 1.77496636 2.12669587 -0.648265541
v 1.61274695 2.07904553 -0.590256155
v 1.67605579 2.13642526 -0.491606385
v 1.60246933 2.1779089 -0.378742635
v 1.5249325 2.10991526 -0.461217284
v 1.66056931 2.23786092 -0.260823309
v 1.63764167 2.67181325 -0.0534344204
v 1.68429136 2.44298744 -0.137626052
v 1.66787612 2.53274727 0.018709112
v 1.65199447 2.61738896 0.167719856
v 1.60386276 2.76075912 0.0943248123
v 1.67433059 2.25121784 -0.120481864
v 2.28473616 0.340708375 -1.93878162
v 2.14337826 0.155719176 -1.92373788
v 2.16224074 0.39238736 -1.98708212
v 2.42754984 0.505381405 -1.91147947
v 2.30826664 0.550932765 -1.97280943
v 2.1761601 0.608493209 -2.09045815
v 2.02929807 0.455299199 -2.09207177
v 1.84845626 0.279536217 -2.09256959
v 2.01804662 0.232981458 -1.93915927
v 2.2853508 0.78182137 -2.06063747
v 2.13405561 0.868026316 -2.16642737
v 2.03246975 0.692092061 -2.18350983
v 2.42779541 0.72446841 -1.93685961
v 2.35334754 0.961872578 -2.02021384
v 2.19226575 1.05249441 -2.12773657
v 2.50583458 0.89007616 -1.88466465
v 2.55442166 0.452127665 -1.99571383
v 2.72524905 0.567809165 -1.95439374
v 2.58188677 0.660822749 -1.87984073
v 2.22432017 1.24355185 -2.05718255
v 2.39554262 1.1550194 -1.94832671
v 2.39160609 1.33288527 -1.86313605
v 2.36880875 1.49775314 -1.75053692
v 2.33359051 1.63469112 -1.61407495
v 2.08094573 1.87066722 -1.356673
v 2.27894044 1.73874032 -1.45101178
v 2.20718098 1.81767797 -1.27262747
v 2.12138391 1.86734378 -1.0856086
v 2.50448322 1.41518605 -1.64115143
v 2.45518708 1.55223942 -1.50789464
v 2.39433765 1.66341066 -1.34807611
v 2.3166492 1.73855734 -1.16886985
v 2.59009862 1.52101314 -1.41969264
v 2.51630235 1.61425245 -1.24950397
v 2.43087959 1.69978094 -1.07803965
v 2.25253129 1.85450971 -1.03749001
v 2.39088321 1.87279522 -0.961803198
v 2.02233601 2.15462947 -0.732509792
v 2.16315079 2.18292594 -0.665668607
v 1.99243546 2.24149632 -0.482489854
v 1.86460233 2.19131637 -0.564178884
v 2.17384553 2.03312278 -0.883493721
v 2.30857706 2.05760741 -0.822176874
v 2.30420661 2.18332577 -0.595299184
v 2.14734507 2.25225902 -0.406664252
v 2.02474856 2.25039077 -0.21145609
v 1.87950099 2.23699689 -0.284505278
v 1.76061535 2.19598627 -0.341388345
v 2.44046259 2.05217934 -0.749637425
v 2.52109814 1.87592375 -0.875962138
v 2.56299973 2.02626801 -0.661395311
v 2.45142126 2.15499902 -0.520430088
v 2.300982 2.23530531 -0.350382596
v 2.17121911 2.24116015 -0.148685008
v 2.32267141 2.19297981 -0.095288448
v 2.22845292 2.13635564 0.1030403
v 2.07188201 2.1718533 0.0583700724
v 1.92541683 2.18116641 -0.000768127677
v 2.45274401 2.17706132 -0.284308553
v 1.81867409 2.1711812 -0.056403704
v 2.58033705 2.08822298 -0.195475414
v 2.47314572 2.11785388 -0.0547878034
v 2.38224101 2.06526637 0.131885082
v 2.73188734 0.369561881 -2.15258932
v 2.93084908 0.262505651 -2.288203
v 3.10301375 0.342802733 -2.24461794
v 2.90974855 0.477700919 -2.11141562
v 2.53329444 1.07837999 -1.83218598
v 2.73193049 0.826406181 -1.84085429
v 2.70701194 1.05038428 -1.7899828
v 2.52450538 1.25524116 -1.75403321
v 2.68406439 1.23587632 -1.69519591
v 2.64907265 1.39181423 -1.56795716
v 2.6545577 1.6269865 -1.15983784
v 2.56314182 1.70578396 -0.985344648
v 2.74152875 1.53993654 -1.34277618
v 2.88966274 1.54342067 -1.21861267
v 2.78700066 1.62682271 -1.02685153
v 2.6837163 1.69365859 -0.877978265
v 2.7702198 1.89233756 -0.452478737
v 2.67184162 1.97261739 -0.559698105
v 2.73957705 1.81456864 -0.67396152
v 2.82670951 1.74223316 -0.561005414
v 2.6819551 2.00857687 -0.327607542
v 2.57513142 2.09495616 -0.431535333
v 2.88950348 1.64834201 -0.447205633
v 2.84163594 1.79749298 -0.339722544
v 2.77400827 1.89596999 -0.226907209
v 2.63742304 1.85855818 -0.779353976
v 2.8896451 1.69529605 -0.238400266
v 2.8256557 1.78818154 -0.132250935
v 2.74807429 1.85160661 -0.0262769423
v 2.68093657 1.97341323 -0.106427252
v 3.45438957 0.234902248 -2.27280903
v 3.27932167 0.422581494 -2.1654799
v 3.08511662 0.563671827 -2.04155922
v 2.89941835 0.66226697 -1.89341831
v 3.25146866 0.63360405 -1.93858469
v 3.07979774 0.73225224 -1.81885636
v 2.96550059 0.868480682 -1.75636542
v 3.11951423 0.904834211 -1.64894259
v 3.07209492 1.08694899 -1.60163879
v 2.90241599 1.06558287 -1.71549392
v 3.22839928 0.778482854 -1.71034396
v 3.36293316 0.802196264 -1.58584154
v 3.25933671 0.915720403 -1.51211667
v 3.21407604 1.09399247 -1.45737612
v 3.0218792 1.26518941 -1.5100522
v 2.8622539 1.24945283 -1.62638783
v 3.16027451 1.26410007 -1.36553359
v 2.80953145 1.4129498 -1.4973557
v 2.96333194 1.42049694 -1.37999165
v 3.10098028 1.40986764 -1.23427665
v 3.3284328 1.0747658 -1.2889713
v 3.27531242 1.2358017 -1.19956005
v 3.20608974 1.36593676 -1.07385719
v 3.11892939 1.46198332 -0.917413354
v 3.01769423 1.5190959 -1.0719794
v 2.99568224 1.53719294 -0.751416087
v 2.89800644 1.59132564 -0.892187417
v 3.19631863 1.38557196 -0.78305608
v 3.06857371 1.45867491 -0.64828068
v 3.28979039 1.29461074 -0.930485249
v 2.87647748 1.60056877 -0.652808905
v 2.9464004 1.51529109 -0.542141318
v 2.79024029 1.66628826 -0.767062783
v 3.1453011 1.38852656 -0.547391236
v 3.02284122 1.46626604 -0.441337198
v 3.26607084 1.30795431 -0.668043077
v 3.37242031 1.32395184 -0.574229777
v 3.26398611 1.41856003 -0.475783587
v 3.14966774 1.51904452 -0.380853653
v 3.06106186 1.60887837 -0.27326718
v 2.94764185 1.58025467 -0.345092922
v 2.97359014 1.67549503 -0.16056776
v 3.19473243 1.69459784 -0.202637315
v 3.10217953 1.75457406 -0.0907978788
v 2.89670253 1.73494804 -0.0528243631
v 3.01185751 1.79565287 0.0285648815
v 3.30334711 1.61403358 -0.310958803
v 3.612463 0.279940099 -2.17604423
v 3.43918204 0.488404542 -2.06933665
v 3.75455093 0.330232918 -2.04705191
v 3.58471775 0.533256412 -1.95560133
v 3.39654803 0.683012486 -1.82930851
v 3.71874714 0.557002664 -1.81843698
v 3.53327489 0.711096823 -1.70310295
v 3.88350821 0.368718386 -1.90054822
v 3.49158812 0.811664581 -1.44251132
v 3.38079262 0.91481787 -1.35777247
v 3.66663051 0.719061792 -1.5517236
v 3.48622203 0.914064527 -1.21816254
v 3.42246461 1.05518436 -1.14081836
v 3.61333442 0.800496638 -1.29985321
v 3.36534309 1.1867981 -1.0510664
v 3.73274231 0.843431592 -1.22105217
v 3.61779308 0.959541202 -1.13743293
v 3.53932238 1.08681822 -1.0537672
v 3.45745778 1.18225563 -0.950044751
v 3.58851147 1.23754907 -0.874379158
v 3.48312616 1.28318191 -0.728065133
v 3.37046123 1.24031103 -0.813179195
v 3.67911601 1.15674603 -0.987062573
v 3.74226737 1.33954585 -0.801432014
v 3.63136554 1.39383173 -0.653183699
v 3.52278423 1.41962779 -0.508224487
v 3.4151752 1.50830591 -0.407623798
v 3.79435015 1.48456562 -0.558803558
v 3.68835068 1.50278652 -0.419626832
v 3.57666922 1.59071386 -0.308381587
v 3.46149874 1.69834006 -0.203605607
v 3.35564494 1.78476357 -0.0960534662
v 3.25221276 1.83629084 0.0238343179
v 3.72805762 1.64801633 -0.182792798
v 3.62144256 1.75734079 -0.0749563426
v 3.51175904 1.83746195 0.0457751863
v 3.8291254 0.576630473 -1.65846109
v 3.92202377 0.578246951 -1.49275875
v 3.76808858 0.712224483 -1.40687919
v 3.98392677 0.404946655 -1.73572707
v 4.06168842 0.42430684 -1.56616342
v 3.86205959 0.730647147 -1.30781603
v 3.99495244 0.600886226 -1.37898374
v 4.1099124 0.668873429 -1.31992376
v 3.99508977 0.808175027 -1.26863647
v 3.87525678 0.939838707 -1.1996429
v 4.12195015 0.442601174 -1.4186126
v 3.76546359 1.05818999 -1.09913909
v 4.05393171 1.04403138 -1.14609349
v 3.94449091 1.16404045 -1.04634738
v 3.84109831 1.26445413 -0.933406174
v 4.01637506 1.36083579 -0.835034609
v 3.90768337 1.44206452 -0.704439282
v 4.12567759 1.25848341 -0.954086244
v 4.29940844 1.32841778 -0.830520988
v 4.18409252 1.4384917 -0.708235204
v 4.06532526 1.5049938 -0.568274677
v 3.94356751 1.55585909 -0.430115044
v 3.83570862 1.56882811 -0.29767856
v 4.22286701 1.54637671 -0.420186043
v 4.09524298 1.5795747 -0.284782708
v 3.97505927 1.59473932 -0.155775771
v 3.87727475 1.67116511 -0.03468436
v 4.11219215 1.58606541 0.0115217157
v 4.01428652 1.66589046 0.132545784
v 3.92198777 1.76798773 0.252437323
v 3.78073001 1.77802372 0.0803311542
v 4.19118547 0.235778213 -1.61966193
v 4.23405218 0.265224844 -1.45839596
v 4.35785103 0.583832026 -1.30136418
v 4.20945978 0.495769262 -1.33529162
v 4.3124299 0.324584723 -1.3450228
v 4.44095469 0.391173512 -1.29468358
v 4.26006842 0.7547611 -1.26833856
v 4.51940727 0.660846949 -1.22074616
v 4.42972136 0.832490563 -1.18740666
v 4.59353542 0.466299117 -1.22202981
v 4.15734053 0.908766091 -1.21807194
v 4.3376894 0.998837471 -1.1334275
v 4.23630333 1.13453615 -1.05515444
v 4.61109877 0.902887821 -1.06974006
v 4.51774311 1.06265688 -1.01382697
v 4.68851042 0.727651417 -1.10730231
v 4.41419554 1.20619726 -0.935833395
v 4.45593214 1.37199771 -0.681716383
v 4.33732891 1.47312295 -0.555860758
v 4.57512856 1.24669743 -0.79215914
v 4.59662914 1.38363445 -0.517912388
v 4.48277855 1.47874868 -0.386843652
v 4.36838341 1.54519486 -0.260586798
v 4.24493504 1.576419 -0.12752448
v 4.36070967 1.54662812 0.0492945127
v 4.23201609 1.55416477 0.179266483
v 4.13767529 1.62219357 0.300340414
v 4.48904753 1.50746286 -0.0852358863
v 4.50553894 0.215292037 -1.25951052
v 4.65725803 0.280193508 -1.20426631
v 4.38195181 0.150481954 -1.32143497
v 4.81226254 0.343408048 -1.09303737
v 4.75513363 0.53644073 -1.11086392
v 4.99400568 0.0287230406 -0.859435976
v 4.98251438 0.214896917 -0.915111065
v 4.95892859 0.399935365 -0.952115119
v 4.85562134 0.768510044 -0.953308403
v 4.77397823 0.942409456 -0.927381217
v 4.67617989 1.09968174 -0.867816687
v 4.81304502 1.11622715 -0.705480516
v 4.71485758 1.25999904 -0.630499423
v 4.90889978 0.959563673 -0.764541686
v 4.61022997 1.45392108 -0.219684348
v 4.72109747 1.3635397 -0.341202378
v 4.81929779 1.3147155 -0.16932027
v 4.71852541 1.39040542 -0.0360898152
v 4.60395813 1.44414032 0.0969371274
v 4.8297987 1.24990559 -0.455724567
v 4.92139864 1.20874429 -0.284035295
v 4.99368095 1.14736187 -0.117418088
v 4.9117527 1.22624266 0.0093828924
v 4.81497908 1.28939998 0.140639052
v 4.91803074 0.584617615 -0.963006794
v 5.11111593 0.0910480097 -0.713177085
v 5.1849823 -0.00256056106 -0.48706454
v 5.19473934 0.152666196 -0.536983371
v 5.10895061 0.26574555 -0.762637317
v 5.19859362 0.302427143 -0.574081957
v 5.17634153 0.462052017 -0.601718843
v 5.08185053 0.442049265 -0.790977418
v 5.25344324 0.180075094 -0.343058258
v 5.26463842 0.315861017 -0.373379081
v 5.24829531 0.469506383 -0.399967343
v 5.04624796 0.612849593 -0.799094617
v 4.9835248 0.790599942 -0.786655247
v 5.14682341 0.623315752 -0.617977679
v 5.08605909 0.791890562 -0.613192976
v 5.01675797 0.958209813 -0.588619471
v 4.92631769 1.10848391 -0.534350395
v 5.16777182 0.778366566 -0.426730633
v 5.10079622 0.93976301 -0.412444264
v 5.01259041 1.08036566 -0.362452835
v 5.20761871 0.756595135 -0.232490525
v 5.14471102 0.907104492 -0.236779302
v 5.22087145 0.623845041 -0.422225714
v 5.25554276 0.606210589 -0.215113282
v 5.2196002 0.740076065 -0.0290387813
v 5.1641469 0.880269766 -0.0567501001
v 5.25593519 0.591543972 0.00553892832
v 5.07057858 1.03790021 -0.208397448
v 5.2883997 0.305058539 -0.161526918
v 5.27834845 0.459104598 -0.187066793
v 5.27545166 0.268694729 0.0432444811
v 5.27347279 0.433574498 0.0302986708
v 5.27469397 0.158725515 -0.145588204
v 5.25465441 0.108186811 0.0407075398
v 5.22351646 0.578849316 0.221900925
v 5.18944979 0.739701807 0.184998482
v 5.238873 0.407945395 0.243315414
v 0.273700088 0.404671907 3.11167431
v 0.291361809 0.253665924 3.01000953
v 0.270317376 0.095345214 2.98878264
v 0.24934952 0.6051566 3.220541
v 0.454070419 0.598860323 3.25070262
v 0.465526313 0.411200881 3.15031934
v 0.47957921 0.256655067 3.05834866
v 0.238928199 0.821657598 3.30474758
v 0.0404453613 0.822057605 3.22846198
v 0.223186627 1.04220223 3.33646536
v 0.443545848 1.05215597 3.37126327
v 0.451649219 0.823338687 3.33903456
v 0.216114447 1.27308536 3.34109187
v 0.221174419 1.52108109 3.30568337
v 0.442230284 1.54737949 3.33696079
v 0.443414807 1.29686105 3.3736608
v 0.218231499 1.7557435 3.21364856
v 0.210019678 1.97912133 3.07632613
v 0.421514243 2.01674819 3.09803271
v 0.436782598 1.7946713 3.23758578
v 0.172779083 2.31228113 2.70548511
v 0.19276768 2.16880393 2.90578198
v 0.157667994 2.42142153 2.48809171
v 0.374827653 2.36245346 2.72226191
v 0.397535115 2.21100688 2.92214012
v 0.353925407 2.46603918 2.49513364
v 0.23504521 2.64199996 1.60350311
v 0.288687438 2.54946947 1.69205368
v 0.450387925 2.60500932 1.70560086
v 0.482265919 2.56506371 1.8282814
v 0.304594755 2.5481739 1.83948135
v 0.130488604 2.49329448 1.84644318
v 0.397737563 2.71798801 1.64621925
v 0.575776637 2.78513789 1.66158986
v 0.618711829 2.63193154 1.69602633
v 0.651815712 2.56858635 1.80033767
v 0.190390587 3.1464138 1.37690294
v 0.26095742 3.0154109 1.49523234
v 0.340451479 2.87231636 1.59013724
v 0.11284218 3.23401332 1.23659813
v 0.525987506 2.95776701 1.59327126
v 0.181257904 3.41112185 0.162743106
v 0.376237363 3.55706596 0.343827754
v 0.580077529 3.62114882 0.574821234
v 0.419508576 3.60296774 0.668378651
v 0.251555234 3.53805304 0.743304193
v 0.0814449489 3.4365859 0.822344303
v 0.187299207 3.42556357 1.01880336
v 0.0226345323 3.29355097 1.06912386
v 0.374826103 3.52457213 0.965300739
v 0.483539611 3.45926785 1.16126823
v 0.282849908 3.36499405 1.2046963
v 0.571536064 3.58558273 0.89907217
v 0.69649446 3.50645757 1.10056353
v 0.369486004 3.25846887 1.36469364
v 0.453970879 3.12215304 1.49869549
v 0.586292684 3.34080195 1.32895243
v 0.667866468 3.19257164 1.4679935
v 0.651131809 0.113442428 3.10208368
v 0.661078513 0.268143505 3.07439303
v 0.848163247 0.287793756 3.07367492
v 0.463683665 0.0915060863 3.06871605
v 0.66104877 0.415007412 3.15961528
v 0.854000926 0.429062724 3.14249349
v 0.661173582 0.604146123 3.26040649
v 0.865895033 0.61307466 3.23762417
v 0.668018878 0.828198075 3.34773469
v 0.885469794 0.837269545 3.31937838
v 0.670966744 1.06946611 3.38148665
v 0.672498226 1.3186096 3.37853694
v 0.899948001 1.33626485 3.34628391
v 0.894966304 1.0860461 3.35431099
v 0.666816413 1.5686413 3.34064555
v 0.896067381 1.58188903 3.30326271
v 0.655102611 1.82470584 3.23541379
v 0.635848045 2.03915811 3.09510803
v 0.853698134 2.04368973 3.05954528
v 0.875642359 1.82924664 3.20504999
v 0.609623015 2.22827411 2.92110157
v 0.579450011 2.38825297 2.71778941
v 0.82471782 2.23086667 2.8910253
v 0.784417272 2.38608313 2.69280767
v 0.318821937 2.55540752 2.03042531
v 0.134559453 2.50400758 2.03350544
v 0.501185834 2.57681298 2.00589967
v 0.763038456 2.81810665 1.65051723
v 0.790462434 2.6512816 1.68011367
v 0.821098387 2.56040263 1.76519835
v 0.860956848 2.55462909 1.95325363
v 0.683695376 2.57604861 1.97711611
v 0.711575985 2.55808234 2.21949935
v 0.522802353 2.55731726 2.24962282
v 0.335377514 2.53744841 2.26333666
v 0.903601289 2.54038239 2.17045665
v 0.947459042 2.46825743 2.40285277
v 0.746263027 2.49286628 2.45640779
v 0.546416342 2.49066424 2.48535824
v 0.721038342 3.00848722 1.57987857
v 0.731361926 3.61467052 0.472070426
v 0.80607599 3.38018036 1.27017391
v 0.883585513 3.21783543 1.41736054
v 0.935517609 3.03401637 1.53126991
v 1.00584209 3.38083601 1.19116569
v 1.08703148 3.21098328 1.3394177
v 0.890825212 3.51745319 1.01482809
v 0.918634176 3.59448028 0.701825142
v 0.74928081 3.60500455 0.808396935
v 1.03299785 0.288368791 3.04220867
v 1.04548848 0.447044373 3.09226847
v 1.22436607 0.45130834 3.00905633
v 1.21047783 0.294751376 2.98216653
v 1.0659107 0.630581617 3.17724562
v 1.25810373 0.640294552 3.09155965
v 1.11905658 1.09655225 3.2782681
v 1.12706375 1.3391701 3.26529312
v 1.09577191 0.850579798 3.25278544
v 1.32980001 1.10290599 3.17665076
v 1.302652 0.861315608 3.15467501
v 1.33803034 1.339329 3.15801644
v 1.12148631 1.57959282 3.22339845
v 1.10677528 1.82156503 3.12171268
v 0.987885594 2.36637807 2.62863278
v 1.02729392 2.21853542 2.83117199
v 1.14604878 2.42744803 2.31453347
v 1.19249094 2.32114148 2.53022242
v 1.24852455 2.18964577 2.7135601
v 1.0728147 2.03305745 2.98762035
v 1.28282309 2.00506306 2.87772465
v 1.31995714 1.80405843 3.00505066
v 0.961808085 2.64784193 1.64310539
v 0.977691412 2.53025413 1.71356452
v 1.12464035 2.6207726 1.57893205
v 1.11655295 2.47876501 1.64245129
v 0.956558049 2.83727837 1.60697758
v 1.1433177 2.82015204 1.53528309
v 1.17265213 2.43335271 1.77597797
v 1.03096247 2.50331712 1.88046408
v 1.27882981 2.55723858 1.49482548
v 1.23374021 2.40426183 1.53958035
v 1.28527045 2.3416791 1.6514802
v 1.08884943 2.48221421 2.09035945
v 1.25026941 2.41688728 1.97829652
v 1.31916368 2.35965776 2.19452977
v 1.13223159 3.01696825 1.4511081
v 1.31437886 2.97324347 1.34506929
v 1.31717503 2.76790166 1.4319613
v 1.27175784 3.16975975 1.23114908
v 0.995303273 3.51323128 0.260165572
v 1.10181367 3.42046499 0.156602398
v 0.868993044 3.58088517 0.365709275
v 1.28701341 3.37995911 0.338165581
v 1.18871427 3.48112488 0.466553986
v 1.06040573 3.54502106 0.588333309
v 1.07111251 3.49751234 0.911872983
v 1.22813404 3.44332767 0.79133904
v 1.19163501 3.35001111 1.08886266
v 1.34873831 3.29519415 0.960599422
v 1.43475115 3.11316752 1.09824276
v 1.38086712 0.30003643 2.89954948
v 1.40948081 0.141067863 2.95082879
v 1.3816601 0.451011449 2.89522386
v 1.53222406 0.304114312 2.78688788
v 1.56772172 0.14658846 2.83737445
v 1.51985645 0.465095669 2.77029014
v 1.7111603 0.140144497 2.70235729
v 1.63590705 0.456326306 2.62701535
v 1.6660645 0.30313158 2.65822673
v 1.42301548 0.640116513 2.96573567
v 1.56469965 0.631110013 2.81479526
v 1.6779201 0.622979283 2.65568233
v 1.47656679 0.860658765 3.02130008
v 1.62497735 0.83927989 2.8623476
v 1.51428711 1.09832525 3.03213668
v 1.66543829 1.06322038 2.86273146
v 1.33890724 1.5716908 3.10833549
v 1.51323438 1.76651227 2.85920954
v 1.53236914 1.5543437 2.95809245
v 1.52861667 1.32604611 3.00959682
v 1.69480324 1.50749755 2.77941632
v 1.68749225 1.28480828 2.838135
v 1.47905457 1.96216798 2.73079848
v 1.4344151 2.1330812 2.57371783
v 1.57218945 2.01088572 0.311976045
v 1.58796537 2.11836576 0.230034456
v 1.55624437 2.0490849 0.121950842
v 1.53558445 1.95656455 0.214818656
v 1.64365721 2.08104444 0.463523626
v 1.66980445 2.19127107 0.390142113
v 1.59679925 1.92597079 0.294750154
v 1.61096084 1.93883944 0.371459037
v 1.6834712 2.00632119 0.49709478
v 1.6137675 2.2328198 0.149589539
v 1.61576593 2.16172862 0.0320021212
v 1.68530893 2.3203032 0.310790002
v 1.67414141 2.0886004 0.0202563349
v 1.60989511 1.98444235 0.11549069
v 1.65652645 2.38743639 0.084917888
v 1.72234857 2.17733216 -0.105827987
v 1.37778342 2.23617816 1.5131166
v 1.45181489 2.1309948 1.37801063
v 1.5413686 2.1123507 1.54599619
v 1.47714186 2.21007156 1.67153108
v 1.35416114 2.32332897 1.41707087
v 1.37637341 2.32120037 1.82915175
v 1.46615577 2.24293685 1.27569997
v 1.58193791 2.21625781 1.10980868
v 1.57871211 2.11620331 1.24301839
v 1.6388098 2.08719921 1.42952335
v 1.72031689 2.0342319 1.61272323
v 1.63463056 2.06677055 1.72089887
v 1.56794167 2.16479278 1.86575341
v 1.45871162 2.26931405 2.04170036
v 1.71555662 1.99493372 1.90588462
v 1.64288449 2.08979511 2.06502938
v 1.52928436 2.18449473 2.24698496
v 1.37203336 2.26317453 2.40186214
v 1.70683289 1.97623897 2.24107742
v 1.58378482 2.0580852 2.41602159
v 1.46803105 2.698138 1.2999953
v 1.41715097 2.48062086 1.37468779
v 1.47375834 2.90922236 1.20770824
v 1.60317612 2.85039258 1.03272927
v 1.60005951 2.63781667 1.13977635
v 1.54511726 2.42138004 1.21479523
v 1.69307518 2.58930492 0.931772709
v 1.64484966 2.38955307 1.0213269
v 1.62424254 2.89010358 0.261600316
v 1.5687896 3.12860155 0.622352362
v 1.64183128 2.96309066 0.737611949
v 1.56085968 3.04530787 0.926735282
v 1.476789 3.21606445 0.804003775
v 1.44627857 3.2698946 0.486352444
v 1.61609101 3.01632619 0.437416345
v 1.35209227 3.36773729 0.656382084
v 1.6934967 2.86188698 0.544686139
v 1.74232709 0.443402797 2.49115229
v 1.78118289 0.285546571 2.51593351
v 1.82966733 0.120483011 2.55029869
v 1.88258624 0.250230163 2.39692187
v 2.01529121 0.196795508 2.30590296
v 1.91323984 0.0807375461 2.40049982
v 1.87385249 0.408189118 2.41090155
v 2.04342413 0.364202857 2.36220217
v 1.93832231 -0.0994216874 2.40015459
v 1.85539758 -0.0713124052 2.56525373
v 1.76871657 0.608884811 2.50710917
v 1.89447725 0.582940876 2.43202996
v 1.74225056 0.80776 2.68793559
v 1.82221198 0.784001768 2.53236985
v 1.92708552 0.767421544 2.44893074
v 1.78898692 1.0187366 2.68626809
v 1.85469878 0.988579869 2.52963829
v 2.07402062 0.537140548 2.40175414
v 2.09841013 0.741425395 2.42402339
v 1.81691158 1.23155427 2.66155338
v 1.88078535 1.57386792 2.35949874
v 1.96312332 1.52904153 2.24553251
v 1.98202646 1.35009098 2.34279037
v 1.88595033 1.38811338 2.44623327
v 1.83899927 1.73982143 2.226017
v 1.92203474 1.69929373 2.11155987
v 1.7887944 1.6420455 2.52339077
v 1.75700808 1.83135128 2.39669681
v 1.81107318 1.44558215 2.60536838
v 2.11051393 1.7101655 2.04004264
v 2.13668418 1.53059626 2.17832041
v 2.1466589 1.33507085 2.28697228
v 1.8854003 1.18894863 2.50329971
v 1.80590391 1.95462906 1.79410791
v 1.86996174 1.84063852 1.96083856
v 1.78957105 1.89532304 2.07793021
v 1.95383573 1.97974694 1.71414828
v 2.03316998 1.85663831 1.88650489
v 1.8696177 2.06641507 1.51852596
v 1.63845873 1.90891874 2.56970525
v 1.67169607 1.71374798 2.6886611
v 1.68111837 2.47653437 0.23987934
v 1.743698 2.06670141 0.0903383866
v 1.69486415 1.94807935 0.202817231
v 1.68761826 2.14897609 0.656638563
v 1.71411133 2.25988531 0.593024254
v 1.73419356 2.07758427 0.689526498
v 1.72775483 2.12372541 1.01459897
v 1.67538309 2.2018888 0.887198925
v 1.70811903 2.355551 0.804542542
v 1.73095167 2.41586185 0.511628687
v 1.73716497 2.51791453 0.724683642
v 1.72826946 2.57888079 0.429524451
v 1.84187174 2.03987789 0.657903969
v 1.8658787 2.1115129 0.949547648
v 1.73317599 1.95513523 0.453302443
v 1.95683277 2.01201296 0.610914171
v 2.02089739 2.09092879 0.882024229
v 1.90751004 1.97544444 0.394081682
v 1.78460622 2.11143684 1.30370331
v 1.69459856 2.74231267 0.345103949
v 1.72964799 2.69065213 0.638652563
v 1.69121265 2.77943945 0.838519394
v 2.2279768 0.312477112 2.28690052
v 2.41739631 0.266974419 2.18015051
v 2.58375764 0.225708336 2.03859663
v 2.26646876 0.500223398 2.33548832
v 2.29662776 0.712163091 2.35295177
v 2.49573421 0.66877234 2.25342941
v 2.46397185 0.457410783 2.23615193
v 2.31728148 0.914641321 2.33696246
v 2.51619935 0.887121141 2.24125385
v 2.11556482 0.938414454 2.40850329
v 2.12940311 1.1323719 2.3727715
v 2.33638167 1.11740696 2.29801226
v 2.52862024 1.09113622 2.19661069
v 1.95511997 0.960737765 2.43207622
v 1.97653008 1.15550828 2.40625572
v 2.34742212 1.31609976 2.21164513
v 2.33232832 1.5231998 2.10298371
v 2.50724792 1.49645996 2.00419164
v 2.53051853 1.29394674 2.10767436
v 2.09048986 1.92503929 0.396130115
v 2.25381947 1.87939286 0.405682057
v 2.2782464 1.91070437 0.57697469
v 2.12301803 1.97397876 0.586075783
v 2.14614606 2.01826453 0.261984438
v 2.30429435 1.96613002 0.278717428
v 1.98490858 2.05071783 0.221458316
v 2.38392305 1.80956292 0.409284651
v 2.42450738 1.81905186 0.551263988
v 2.43102074 1.88781667 0.290129304
v 2.51514506 1.81220043 0.290819585
v 2.49616408 1.73277974 0.403908908
v 2.55056262 1.74278951 0.539368033
v 2.3905015 1.83685911 1.69361067
v 2.46134448 1.68012643 1.86227608
v 2.29094768 1.70727992 1.96252155
v 2.21807122 1.8615576 1.79592383
v 2.29745436 1.97026563 1.50713718
v 2.45196199 1.92123175 1.40777528
v 2.55063915 1.79163527 1.58826923
v 2.12988091 1.98904121 1.60990727
v 2.61840534 1.63054955 1.74620116
v 1.85223651 2.06567335 0.163361698
v 2.5073936 1.96382868 0.162483096
v 2.1806159 2.03069854 0.816570461
v 2.2620604 2.03811765 1.02509475
v 2.09941149 2.09591198 1.10728753
v 2.34566092 1.95814013 0.756465137
v 2.42496324 1.96298945 0.941234231
v 2.51161003 1.92352724 1.12662172
v 2.35998106 1.99756098 1.21939158
v 2.20097232 2.04958653 1.31194305
v 2.04298258 2.07486248 1.41043591
v 1.9412539 2.11456347 1.19527256
v 2.72139835 0.195552737 1.8791312
v 2.82213497 0.176924795 1.72705853
v 2.66375732 0.628204763 2.11668086
v 2.68522906 0.848443389 2.11279559
v 2.8288331 0.815385342 1.96635222
v 2.81107497 0.594705522 1.95851386
v 2.63376093 0.414666653 2.09519529
v 2.77986574 0.38406074 1.92898846
v 2.69793463 1.05965233 2.06620049
v 2.69150376 1.25836754 1.99110353
v 2.8364265 1.02125514 1.91735637
v 2.80372167 1.40992546 1.74828768
v 2.66716671 1.45793629 1.88608575
v 2.75256944 1.5753324 1.6216594
v 2.90356374 1.34833848 1.60874891
v 2.93396378 1.17758894 1.71047711
v 2.82910347 1.21972334 1.84596634
v 2.86019707 1.50642109 1.49892008
v 2.72231865 1.75561738 0.304973274
v 2.81319976 1.7878623 0.226684213
v 2.92146635 1.85304868 0.351833373
v 2.78921485 1.80714309 0.431036651
v 2.67104769 1.73685253 0.500084579
v 2.61801147 1.710814 0.371614099
v 2.65773916 1.77304411 0.219629019
v 2.73923945 1.78044498 0.13611573
v 2.59696531 1.76535296 0.294020921
v 2.48799944 1.85638368 0.711633265
v 2.5648284 1.85468006 0.883436263
v 2.60543609 1.77108431 0.683368683
v 2.73248935 1.77124858 0.639378846
v 2.87459016 1.84293759 0.579780996
v 2.95794725 1.85360587 0.743019998
v 2.80977106 1.78650653 0.789467096
v 2.68279862 1.76500452 0.833729327
v 2.64057326 1.82042718 1.04942501
v 2.76158547 1.7365799 0.992605507
v 2.82852173 1.67592275 1.14931405
v 2.72101998 1.74864209 1.21967363
v 2.59518695 1.84284782 1.30600846
v 2.68854833 1.72071278 1.47742367
v 2.89651966 0.367462903 1.7543571
v 2.9809339 0.353919834 1.63865852
v 2.93214607 0.574621916 1.79461515
v 3.0353055 0.553833604 1.68167984
v 2.95104218 0.784229159 1.80935884
v 3.0526588 0.774879813 1.68884063
v 3.18998289 0.793349266 1.6898036
v 3.19072795 0.558835685 1.67367125
v 3.15019083 0.334993958 1.67732012
v 3.04892778 0.976608455 1.67258894
v 3.18875074 0.995701134 1.66464603
v 3.35457134 1.02336943 1.67543149
v 3.35792351 0.812714517 1.70158553
v 3.3673594 0.578282833 1.69030499
v 2.96262598 1.46761143 1.41792071
v 3.00773787 1.32472157 1.53131557
v 2.79448295 1.64306629 1.3648746
v 2.8995986 1.58280241 1.2882688
v 3.09371686 1.50034022 1.40076005
v 3.13772511 1.35286868 1.52091575
v 3.03004575 1.6212399 1.26160288
v 3.2710886 1.55398178 1.38508797
v 3.31202936 1.39921391 1.51096261
v 3.17041683 1.1762979 1.60480154
v 3.03757286 1.16005564 1.61891139
v 3.3395524 1.22046828 1.60345829
v 3.20888376 1.68299878 1.23674476
v 2.81920552 1.76644719 0.0471703894
v 2.91607332 1.80354822 0.135517746
v 2.67482567 1.87539482 0.0744647905
v 3.03387284 1.87542939 0.262253642
v 3.15220428 1.86948371 0.142575994
v 3.28621793 1.92343819 0.287688434
v 3.16045952 1.92565238 0.406965137
v 3.01821017 1.90298045 0.50879848
v 3.40070224 1.8964802 0.164888397
v 3.54169679 1.91910565 0.341840446
v 3.41941404 1.93988597 0.473410636
v 3.28139901 1.9383359 0.584117711
v 3.12982893 1.91643465 0.679596364
v 2.88808107 1.75769091 0.954827785
v 2.96614099 1.70632851 1.11095858
v 3.04135203 1.83034778 0.913945854
v 3.21566439 1.88987124 0.849170744
v 3.64344835 0.217461348 1.89815772
v 3.4555428 0.188265324 1.8859477
v 3.82504153 0.224950731 1.87625062
v 3.60321426 0.34413141 1.80413401
v 3.78168941 0.358255476 1.78358781
v 3.41575575 0.303356677 1.79537213
v 3.55956149 0.607733071 1.67340434
v 3.55197144 0.819820702 1.68144345
v 3.7346096 0.836824417 1.63355911
v 3.72769809 0.616756678 1.63653719
v 3.57018757 0.450849831 1.70723641
v 3.37720323 0.41225192 1.70296597
v 3.74142909 0.471264482 1.68442738
v 3.54468274 1.0471158 1.65229928
v 3.73491502 1.05526638 1.59999073
v 3.52682614 1.2461102 1.57550979
v 3.49821687 1.43428051 1.47124064
v 3.66311932 1.85945415 0.208834007
v 3.80217338 1.84679937 0.390375853
v 3.66913962 1.90622842 0.527670622
v 3.537781 1.92129779 0.657649755
v 3.38667536 1.73320329 1.18276477
v 3.12781191 1.77701199 1.08421683
v 3.30368876 1.82760918 1.01999998
v 3.45781636 1.59625065 1.33983505
v 3.47396612 1.85591149 0.937918901
v 3.56423044 1.76170111 1.10891044
v 3.63877892 1.62179196 1.27119136
v 3.98952079 0.212516606 1.82858503
v 3.9500699 0.351349533 1.74011028
v 4.09693289 0.334194183 1.66865015
v 4.14208555 0.182594731 1.7598412
v 3.88638949 0.617560565 1.56950939
v 4.02614832 0.60005784 1.48260045
v 4.05132198 0.455918968 1.56235647
v 3.90523791 0.472622871 1.63687396
v 3.90650392 0.824550092 1.56396687
v 4.05840969 0.805296719 1.46375835
v 3.91078353 1.05478704 1.51952803
v 3.71643186 1.26729047 1.51656497
v 3.89512777 1.27409923 1.42966425
v 3.68662262 1.45547903 1.40493476
v 3.86108851 1.46366048 1.31361401
v 3.80979371 1.62892044 1.17444646
v 3.96794462 1.61447561 1.0566169
v 4.02069235 1.44950593 1.19842029
v 4.05809641 1.25574732 1.32050323
v 4.06949329 1.04469991 1.41221821
v 3.7850163 1.8413589 0.709240675
v 3.63387799 1.86101389 0.832515538
v 3.92210841 1.80016422 0.57601887
v 3.88515544 1.74555945 0.886717856
v 3.73085666 1.76426339 1.0085001
v 4.02031851 1.70208836 0.754258633
v 3.38244915 1.91944563 0.764170587
v 4.10715771 1.57604694 0.922377646
v 4.18206835 0.42908287 1.46601892
v 4.23279572 0.295128018 1.58009386
v 4.15398407 0.574148476 1.37550974
v 4.26283598 0.524094522 1.24600732
v 4.29962921 0.377430588 1.34828997
v 4.35331774 0.23413986 1.48515224
v 4.27284479 0.132937059 1.67277956
v 4.37528181 0.0681541637 1.58928645
v 4.31075144 0.738019824 1.21388984
v 4.41581202 0.680745363 1.07380342
v 4.38670969 0.436252564 1.11896539
v 4.19445324 0.781479716 1.34945881
v 4.40396929 0.287547976 1.23917079
v 4.21194553 1.01608431 1.29005432
v 4.19823599 1.22123861 1.19246686
v 4.32153988 1.16617393 1.0537914
v 4.33185768 0.959495604 1.14994073
v 4.16492224 1.41420388 1.06821537
v 4.28724957 1.35556924 0.925867379
v 4.42791319 0.89789778 1.00937831
v 4.418118 1.09833694 0.906910121
v 4.47270966 1.46700299 0.22661978
v 4.70004511 1.33094335 0.272424519
v 4.56559324 1.35282028 0.397066534
v 4.42598248 1.36305892 0.506714106
v 4.33743858 1.47337294 0.343939215
v 4.22558403 1.50971055 0.77908051
v 4.3865118 1.28140187 0.781562448
v 4.3193841 1.42736554 0.638681173
v 4.03767776 1.71876478 0.435667485
v 4.23660803 1.54464805 0.47436592
v 4.14116859 1.63183296 0.615440786
v 4.4948082 0.147596329 1.16419625
v 4.51918411 0.0151750483 1.32734168
v 4.55173445 0.325193286 1.04165506
v 4.44266415 0.152984485 1.38446331
v 4.49573708 1.22804427 0.660084963
v 4.54140186 1.05680418 0.789614141
v 4.78229189 1.18878591 0.431656241
v 4.64282274 1.2135725 0.558581948
v 4.89756393 1.14933217 0.301227927
v 4.84707642 1.00635731 0.574676573
v 4.6961627 1.03374302 0.694768071
v 4.97418165 0.972067058 0.436691016
v 4.89016581 0.37224409 0.803902626
v 5.03826618 0.386407644 0.63643527
v 4.71986771 0.360276133 0.941847205
v 5.1562314 0.39396435 0.450057626
v 5.14239979 0.582641542 0.421268016
v 5.23490143 0.232302338 0.242927134
v 5.03168249 0.584195435 0.604134858
v 5.00947046 0.781710804 0.537073553
v 5.11086082 0.764318347 0.362607121
v 5.06295061 0.933529675 0.290472776
v 4.99171734 1.10014474 0.163823739
v 5.06162262 1.04246235 0.0285696164
v 5.13393402 0.900126994 0.119329378
v 4.88119936 0.805359006 0.683912873
v 4.72953844 0.824694693 0.805479646
v 4.73831463 0.599065542 0.891383529
v 4.56491375 0.627043605 0.989674985
v 4.56480265 0.855799198 0.898025572
v 4.8982501 0.596322477 0.75917685
v 5.25436592 0.0130477753 -0.138402417
v -4.90093994 -0.565333128 -0.14100273
v -5.04522657 -0.166134089 0.0951101035
v -4.99918032 -0.367132157 0.0959615186
v -4.91619349 -0.565475047 0.104713589
v -3.98988271 -1.11622679 -0.41332227
v -3.97284269 -0.939143538 -1.9112314
v -3.50144267 -1.58700359 -0.472706974
v -3.46547174 -1.38247383 -0.410504758
v -3.03180194 -1.7106663 -1.97078824
v -1.73860633 -2.02594852 -2.45101929
v -1.076262 -1.82167697 -2.24227452
v -1.24261284 -0.0688920245 -2.48323488
v -1.17358625 0.10517703 -2.35094142
v -1.33965683 0.136433512 -2.32620978
v -0.599079251 -2.33284998 -1.43662333
v -4.31031799 -0.915843248 0.967605352
v -4.38752174 0.23462747 1.66045868
v -4.11678553 0.000284869602 2.43556023
v -3.0449152 -2.13549352 1.02585459
v -2.72862506 -2.16638494 1.21430039
v -2.61924291 -2.09812522 1.28161705
v -2.82197452 -2.09022713 1.24256611
v -2.90731215 -2.06100559 1.21772707
v -2.55267191 -1.22174609 1.62893248
v -2.53263903 -1.17263639 1.87776268
v -2.45017958 -1.17765462 1.71412802
v -2.55669045 -1.14029777 2.08307338
v -2.41663265 -1.1460247 1.80886781
v -1.95871067 0.266011119 2.66748333
v -1.13267362 -1.88052773 1.55528116
v -0.87962085 -1.97790122 1.61622715
v -0.480598122 -2.00570869 2.06475878
v -0.828130603 -1.94240499 1.44972885
v -0.483189374 -1.9429704 2.27803516
v -0.766727686 -1.91562426 1.32173419
v -0.938399434 -1.85466301 1.29274535
v -0.0717067942 -1.91997349 1.82407832
v -0.0833702236 -1.91313171 1.66207421
v -4.3395195 0.69399035 -0.955517709
v -4.29085636 0.757704735 -1.12790751
v -3.41612935 1.60486674 -0.111821912
v -2.59549356 1.94864798 -1.85380661
v -3.19122171 1.93736601 -0.649399281
v -3.06712294 2.10203886 -0.824068844
v -3.14515758 2.02047658 -0.732854128
v -2.92189121 2.26428509 -0.77961427
v -3.01940823 2.18788576 -0.69590807
v -2.64873266 2.3827877 -0.376537144
v -2.47905207 2.40866828 -0.348644197
v -2.44817114 2.44658279 -0.513650835
v -2.61477351 2.42940712 -0.528487504
v -1.15731478 0.260658771 -2.31055999
v -0.937148333 0.581165731 -2.42413688
v -3.75473857 0.457524836 2.79240394
v -3.62753677 1.69126713 1.44632673
v -3.61158204 1.84183097 0.24903734
v -1.93386173 0.795869291 2.47320795
v -1.86396575 0.65558809 2.53503418
v -1.85030651 0.483042806 2.58777428
v -1.72657895 0.35288617 2.52520108
v -1.5699811 0.489773542 2.47626042
v -1.51298535 0.370806098 2.44867659
v -1.62176788 0.615733683 2.48936176
v -1.51742494 0.66911912 2.47706318
v -1.46596205 0.562875271 2.46421242
v -1.43735254 0.454979271 2.46188998
v -1.04983759 1.83928382 2.67807984
v -0.986435235 1.96487749 2.54364705
v -0.903956115 1.83934593 2.74986124
v -0.861032546 1.95537043 2.62633371
v -0.820032001 2.12916231 2.28324461
v -0.912211239 2.05744314 2.41917753
v -0.727026224 2.1890533 2.15446568
v 0.14572604 2.48113942 2.25854111
v 0.246283695 -2.28124905 -0.286833793
v 0.47700116 -1.43406987 -1.60451281
v 0.246848598 -1.05183041 -2.83875132
v 0.809032321 -1.63023686 -1.48388982
v 0.955884159 -0.0472037643 -1.86816227
v 1.17345822 -0.0424603447 -1.86847925
v 1.7923373 -1.93858647 -0.750162125
v 1.64097238 -2.45528579 0.0367310643
v 1.77601171 -2.46597266 0.170077041
v 2.15376759 -1.30434465 -1.73179114
v 2.94810772 -1.52990437 -2.03804231
v 3.01684189 -1.66246343 -1.87753046
v 0.129096434 -2.46802664 -0.125942007
v 0.304277122 -1.66380715 1.812585
v 0.0960292816 -1.83200431 1.76298463
v 0.748539448 -0.989761472 2.83772063
v 0.751162648 -1.14367902 2.67428136
v 0.936502278 -0.988332272 2.83231926
v 0.937506855 -1.14290774 2.66831326
v 1.17368531 -2.4324944 0.761373878
v 1.11438763 -1.12243485 2.64512968
v 1.27544773 -1.09009373 2.60774446
v 1.12105954 -0.97491473 2.80276847
v 1.51428103 -2.53284001 0.17025505
v 1.41759932 -1.05452001 2.5467
v 1.65415478 -2.51545382 0.234890133
v 4.40734291 -0.102644689 1.61524868
v 4.51661253 -0.229740337 1.43738651
v 0.190372899 2.61874652 -1.78669131
v 0.20867455 2.7066555 -1.68188822
v 0.345756352 2.69810009 -1.66650069
v 0.885128319 0.0435879678 -1.89409554
v 0.707653821 2.39705443 -2.08470011
v 0.853710711 2.3585794 -1.95839822
v 0.929948688 0.0927101001 -1.89125299
v 0.990261555 0.114584178 -1.91070962
v 0.97037071 0.0197850689 -1.82501054
v 1.00985157 0.0398046672 -1.81372988
v 1.03666532 0.0715688393 -1.86310041
v 1.14020002 0.921718121 -2.37440538
v 1.33114946 0.947929919 -2.31531811
v 1.07898402 1.16240406 -2.46039152
v 1.12184513 0.330806941 -2.5744977
v 1.22105706 0.422204524 -2.61832571
v 1.360165 0.465171665 -2.6207881
v 1.49375951 0.435831279 -2.59508467
v 1.58320427 0.363070279 -2.54196501
v 1.63579381 0.269934446 -2.47186637
v 1.25183821 2.6097343 -0.654445469
v 1.37117743 2.73546028 -0.534287333
v 1.64883411 0.176755726 -2.3909359
v 2.5907464 2.00728917 0.0157498587
v 1.77214336 1.9343164 0.288603246
v 2.58910751 1.85869205 0.186861515
v 2.94824219 0.990504265 1.77034724
v 3.27797246 0.132218882 1.838902
v 3.21463013 0.228675723 1.74952471
v -4.28390646 -0.858011723 1.09965932
v -2.94301629 -2.21714401 1.04023111
v -0.973564148 -1.84126985 1.17538726
v -1.04094577 -1.85031545 1.37171257
v -2.77412629 2.37066507 -0.531186461
v -1.03689957 2.88430572 -0.975365579
v -3.90231109 1.19420159 1.08444607
v 0.163694248 -1.01639187 -2.9032023
v 4.48561811 -0.107178569 1.48091066
v 0.4725191 2.66262746 -1.63023961
v 0.596785724 2.63765717 -1.56411505
v 0.582421124 2.74342537 -1.52071047
v 1.07869625 0.212556541 -2.50083184
v 1.1933527 2.73326826 -0.603841066
v 1.25592697 2.78165245 -0.55288583
v 1.15348911 2.66264629 -0.642174423
v 1.72544301 0.182111427 -2.20296407
v 1.64519191 0.131142884 -2.29402661
v 5.24353552 0.0732137933 -0.311264396
v 1.59644401 1.94117188 0.209427357
v 1.64385223 1.8825084 0.297972769
v 4.43452168 0.0379866958 1.48488688
v -1.67690277 -2.11941695 -2.35622978
v -1.07389033 -1.76556051 1.23618257
v -0.933964074 2.9008379 -1.05572486
v -4.16989708 1.20937395 0.905892491
v -3.97194099 1.20596969 1.04667509
v 3.23413467 -1.68712592 -1.81342733
v 1.19957912 0.143251732 -2.51686668
v 1.10265493 0.0107108271 -1.82057667
v 1.30876207 2.67304468 -0.600108922
v -2.28562593 -2.71615672 -0.211645111
v -2.97895479 -1.9802382 1.19912362
v -2.97617579 -2.11786175 1.11976111
v -2.90160131 -2.15774941 1.14761078
v -2.81637144 -2.19706511 1.14365649
v -3.48623824 1.70328474 -0.00452825939
v -2.86578512 2.30884981 -0.671379447
v -2.91856337 2.2818377 -0.556829393
v -4.03269243 1.21257329 1.00997758
v -3.67133093 1.63556945 1.34789443
v -0.721044838 2.08719993 2.43288755
v -0.831429601 2.03333807 2.49279976
v 0.11973621 -2.38968039 -0.23766391
v 0.040735051 -0.953029335 -2.96632576
v 0.557719469 -1.48467684 -1.54349267
v 1.04009521 -0.0629716516 -1.85250282
v 1.07317841 -0.00933230203 -1.80207431
v 5.19870663 -0.0678144544 -0.295841008
v 0.0374905728 -1.84116447 1.64789617
v 1.17527485 -2.36050391 0.857867122
v 1.52460527 -1.00162208 2.48147321
v 3.21535563 -0.0458603315 1.8642838
v 1.20000064 0.245088786 -2.56366968
v 1.27857769 0.26120761 -2.59964418
v 1.32026422 0.175680935 -2.56204152
v 1.35977829 0.317072004 -2.59622622
v 1.44059217 0.224836737 -2.56824589
v 1.30620944 2.83710551 -0.464708865
v 1.68031502 1.89820194 0.35924527
v 5.09878254 0.986877441 -0.0788593143
vn -0.902950644 -0.147106558 -0.40378195
vn -0.906730056 0.00993548613 -0.421594501
vn -0.981678367 0.00816922821 -0.190369993
vn -0.968123496 -0.163264304 -0.189951584
vn -0.881424546 -0.292086989 -0.371181607
vn -0.782241583 -0.266130894 -0.563269436
vn -0.794950545 -0.113121271 -0.596034586
vn -0.780118644 0.0279303808 -0.625007808
vn -0.935197115 -0.306992322 -0.176527649
vn -0.75427109 0.19558166 -0.626755834
vn -0.889438391 0.183409557 -0.41864109
vn -0.717473447 -0.054466147 -0.69445318
vn -0.667725563 0.0729173124 -0.74082768
vn -0.598567784 0.219725803 -0.770348728
vn -0.661930621 -0.744639635 -0.0857873186
vn -0.500317574 -0.862632871 -0.0744766295
vn -0.464806587 -0.844808042 -0.265054941
vn -0.632079661 -0.727444053 -0.267021716
vn -0.733375132 -0.601437211 -0.316913515
vn -0.764893353 -0.632342279 -0.122805931
vn -0.771490812 -0.632479072 0.0690808892
vn -0.667918622 -0.739161372 0.0867477655
vn -0.501586258 -0.855183065 0.130664244
vn -0.314423114 -0.948032081 -0.0487159565
vn -0.316810608 -0.923211813 -0.217510596
vn -0.310134292 -0.94117713 0.134172991
vn -0.985865414 -0.0341792665 -0.164015889
vn -0.999080181 -0.040721979 0.013428092
vn -0.968570292 -0.235775784 0.0792540982
vn -0.963134468 -0.244798362 -0.111560047
vn -0.930160701 -0.0205066372 -0.366579384
vn -0.894002736 0.199453756 -0.401219785
vn -0.963931262 0.166377857 -0.207737252
vn -0.916652203 -0.237668768 -0.321344674
vn -0.987150013 0.157690689 -0.0258569904
vn -0.849357367 -0.460853189 -0.257306427
vn -0.774424493 -0.440900326 -0.453733116
vn -0.822615623 -0.236604929 -0.51703155
vn -0.83027494 -0.00478280429 -0.557333529
vn -0.894751489 -0.444495261 -0.0429382063
vn -0.962976813 -0.153379485 -0.221698865
vn -0.932352006 -0.347815156 -0.0987137705
vn -0.944517553 0.00291412789 -0.328448147
vn -0.873334944 -0.485765964 0.0362972133
vn -0.897496521 -0.415831685 0.146915033
vn -0.721496224 -0.222692221 -0.655630589
vn -0.730345368 -0.390342444 -0.560560882
vn -0.694405615 -0.545152903 -0.469690591
vn -0.630330086 -0.678737521 -0.376828164
vn -0.552807271 -0.696392655 -0.457647622
vn -0.668820858 -0.55577004 -0.493759423
vn -0.425947964 -0.804383755 -0.41416797
vn -0.564778507 -0.793357015 -0.227178425
vn -0.728716552 -0.434444726 -0.529367566
vn -0.810198307 -0.46395421 -0.358225018
vn -0.795043111 0.238792926 -0.5575701
vn -0.898179114 0.142552689 -0.41587618
vn -0.933782279 0.344200045 -0.0978619978
vn -0.818054736 0.271816343 -0.506855309
vn -0.850202024 0.495937198 -0.176643461
vn -0.679277718 -0.626044393 -0.382949352
vn -0.745591223 -0.639116049 -0.188744679
vn -0.605391383 -0.784910381 -0.131973833
vn -0.532621861 -0.779500782 -0.329685509
vn -0.432127297 -0.734919965 -0.522645831
vn -0.571120918 -0.587184012 -0.573616445
vn -0.671584427 -0.415143162 -0.613702357
vn -0.77342242 -0.633836389 0.00831262395
vn -0.641572118 -0.764110088 0.0672380999
vn -0.79505837 -0.571407318 0.203410372
vn -0.646924853 -0.715248227 0.264401615
vn -0.773045361 -0.612411261 0.165388197
vn -0.472074419 -0.875079095 -0.10668838
vn -0.64380759 -0.7063483 0.294251353
vn -0.493441939 -0.813961029 0.306565732
vn -0.476181418 -0.8726933 0.107970349
vn -0.438466072 -0.891447246 -0.114321105
vn -0.497217506 -0.784430921 0.370732605
vn -0.300095946 -0.885084689 -0.355763257
vn -0.702629209 0.0131577617 -0.711434543
vn -0.703020394 -0.20618926 -0.680623472
vn -0.545581162 -0.19926703 -0.814023197
vn -0.542532146 0.0396598093 -0.839098394
vn -0.488221824 0.315309912 -0.813768446
vn -0.660273731 0.284355789 -0.695111692
vn -0.51103121 -0.427096814 -0.74594599
vn -0.359866977 0.0552042313 -0.931369066
vn -0.311191738 0.377726018 -0.872056603
vn -0.368827194 -0.200716332 -0.907567978
vn -0.806085706 0.427644879 -0.409079045
vn -0.894601524 0.374293506 -0.244115517
vn -0.682798564 0.488719553 -0.543083131
vn -0.245131567 -0.965883017 -0.0835503116
vn -0.194003344 -0.927835524 -0.318565279
vn -0.351440459 -0.877556622 -0.326165557
vn -0.291165352 -0.945006788 0.148946255
vn -0.129023239 -0.980134487 0.150630191
vn -0.0682482123 -0.995920897 -0.0590229034
vn -0.0601180829 -0.955218732 -0.289729089
vn -0.128320321 -0.826911271 -0.547495782
vn -0.268213302 -0.798573196 -0.538834512
vn -0.00340156304 -0.841586173 -0.540112257
vn -0.328144759 -0.880963743 0.340916127
vn -0.326610684 -0.832297862 0.447890252
vn -0.19295302 -0.844795048 0.499089807
vn -0.183173046 -0.915113568 0.359186232
vn -0.358029008 -0.88758558 0.289839864
vn -0.140588596 -0.982330143 0.123541124
vn -0.0606902838 -0.996382415 -0.059487734
vn 0.0141416574 -0.999711931 -0.0193939023
vn 0.00634039007 -0.981510997 -0.191300854
vn -0.159297273 -0.967043102 -0.198625445
vn -0.150075212 -0.988366365 -0.0246870033
vn -0.13632147 -0.981097996 0.137343764
vn 0.0305246338 -0.990354359 0.135153979
vn 0.104334697 -0.994359434 -0.0190648846
vn 0.137569964 -0.97231853 -0.188868105
vn 0.0728879869 -0.988112032 0.135358095
vn 0.0881028324 -0.682132363 -0.725901663
vn -0.0185980778 -0.685726702 -0.727621496
vn -0.180294737 -0.663629234 -0.726009667
vn -0.367310017 -0.929051042 0.0441323295
vn -0.191594511 -0.970353484 0.147328109
vn -0.0779934525 -0.967983425 0.23858963
vn -0.242586344 -0.924161434 0.295089126
vn -0.370083481 -0.797781348 0.476007521
vn -0.0122060534 -0.97081542 -0.239517346
vn 0.104497693 -0.973751545 -0.202208385
vn -0.114814699 -0.986867905 -0.11361903
vn -0.840873182 -0.541017592 -0.0152383409
vn -0.808191061 -0.555746078 0.194867939
vn -0.931093872 -0.32098785 0.173294425
vn -0.358971566 0.608461797 -0.707752585
vn -0.519426703 0.537641525 -0.664181888
vn 0.0466855876 0.908913493 -0.414362997
vn -0.180818692 -0.213195756 -0.960131347
vn -0.182114959 0.0737255737 -0.9805094
vn -0.192872033 0.229261458 -0.954064786
vn -0.837774754 -0.309753686 -0.449650943
vn -0.744349539 -0.486203164 -0.457766533
vn -0.658552825 -0.481501579 -0.578328967
vn -0.773773134 -0.307133436 -0.55402559
vn -0.912818074 -0.311047107 -0.264599651
vn -0.823987901 -0.499538481 -0.267404497
vn -0.885138392 -0.138161093 -0.444343805
vn -0.960147917 -0.128368914 -0.248268917
vn -0.836278737 -0.141368717 -0.529766798
vn -0.705599606 -0.658079803 -0.262792885
vn -0.624057055 -0.638259947 -0.450751632
vn -0.549187303 -0.61056 -0.570622265
vn -0.868590713 -0.490852386 -0.0679267794
vn -0.872106493 -0.472328722 0.1278117
vn -0.76637882 -0.631151676 0.119629167
vn -0.755097091 -0.65190208 -0.0696565732
vn -0.952953398 -0.295935035 -0.065591
vn -0.953791499 -0.273743659 0.123879462
vn -0.993606269 -0.103750296 -0.0445245057
vn -0.840855956 -0.441199332 0.313535333
vn -0.751180887 -0.588275254 0.29943192
vn -0.916270435 -0.255244553 0.308705181
vn -0.64542681 -0.755437672 0.112862773
vn -0.629153669 -0.774197638 -0.0691632703
vn -0.618085861 -0.726230264 0.300931156
vn -0.782068253 -0.396644711 0.480668455
vn -0.698250413 -0.541641176 0.468050331
vn -0.83551085 -0.231829733 0.498173237
vn -0.886189342 -0.0140969809 -0.463109016
vn -0.904849827 0.0301591381 -0.42466107
vn -0.973396003 0.0507756732 -0.223432615
vn -0.181492954 -0.788401067 -0.587778986
vn -0.257406473 -0.595866501 -0.760713458
vn -0.15859656 -0.941104233 -0.298613548
vn -0.700942993 -0.513119459 -0.495365828
vn -0.74763304 -0.239410773 -0.619457126
vn -0.655874133 -0.72153604 -0.221844137
vn -0.926296234 -0.218100369 -0.307257831
vn -0.885205865 -0.0809100866 -0.458109349
vn -0.94348973 -0.306633234 -0.125711128
vn -0.544279754 -0.832232893 -0.105583571
vn -0.585829437 -0.796481311 -0.149738058
vn -0.957983017 -0.261705279 -0.11738345
vn -0.923312843 -0.246077046 -0.29485473
vn -0.925645649 -0.339602232 -0.166884422
vn -0.949947238 -0.205461338 -0.235341862
vn -0.823889971 -0.566521764 -0.0160754342
vn -0.928120613 -0.0630639046 -0.36689952
vn -0.900145948 -0.220908374 -0.375415504
vn -0.977185786 0.120327957 -0.175011799
vn -0.900119364 -0.291794598 -0.323482901
vn -0.94453752 0.120307527 0.305572987
vn -0.950135469 -0.0566257462 0.306652874
vn -0.988422811 -0.0712079108 0.133976772
vn -0.982546747 0.111842528 0.148637325
vn -0.864293396 0.140450105 0.482981086
vn -0.869425118 -0.0352169983 0.492807865
vn -0.937393665 0.175049648 0.301082402
vn -0.890431464 0.131384432 0.43574053
vn -0.966323078 0.176585257 0.18718268
vn -0.157694221 -0.45770672 -0.875006974
vn 0.0469967276 -0.48547709 -0.872985244
vn 0.0265021566 -0.226677239 -0.973609269
vn -0.344628483 -0.419649154 -0.839717686
vn -0.368691385 -0.601523757 -0.708685994
vn -0.146399632 -0.977840483 -0.149649948
vn -0.895625949 -0.435310841 0.0914249644
vn -0.220058694 -0.975221932 -0.0227230284
vn -0.858662546 -0.471987307 0.199816376
vn 0.00417866325 -0.481009752 -0.876705289
vn 0.0710579306 -0.248064622 -0.966133893
vn 0.0232017338 0.0160785113 -0.999601483
vn -0.000768915575 0.0398619398 -0.999204874
vn -0.302281559 -0.235428721 -0.923687875
vn -0.335190356 -0.0556998067 -0.940502524
vn -0.332485467 -0.397942334 -0.855041087
vn -0.042472057 0.232829928 -0.971589625
vn -0.052345112 0.328501403 -0.943051815
vn -0.481439441 -0.865658998 0.137297153
vn -0.472691685 -0.879213929 -0.0595435053
vn -0.409024239 -0.881129265 -0.237298012
vn -0.576551139 -0.776507676 -0.254213542
vn -0.275188297 -0.961091757 -0.0239611994
vn -0.20977436 -0.955042422 -0.209496573
vn -0.314898729 -0.857049763 -0.407804549
vn -0.494934469 -0.762097776 -0.417428941
vn -0.142144725 -0.924148738 -0.354604065
vn -0.455323756 -0.828877687 0.325026333
vn -0.310185224 -0.937612295 0.157061353
vn -0.294794559 -0.897770286 0.327268422
vn -0.126491502 -0.930035055 0.345014095
vn -0.149099752 -0.973896146 0.171159357
vn -0.091778487 -0.995777667 0.00185917923
vn -0.650789857 -0.72338897 -0.230609864
vn -0.746884823 -0.612252295 -0.259442389
vn -0.758986712 -0.626983643 -0.175587058
vn -0.665838242 -0.728619039 -0.16054143
vn -0.581917167 -0.704043031 -0.407057643
vn -0.698310256 -0.576179266 -0.424712092
vn -0.538002849 -0.832453966 -0.132565141
vn -0.515199363 -0.833978295 -0.197609976
vn -0.456408769 -0.816000819 -0.354730517
vn -0.760141551 -0.454923928 -0.463927865
vn -0.821779251 -0.493054062 -0.285615921
vn -0.849654138 -0.500315368 -0.166650102
vn -0.502638161 -0.660737216 -0.557477653
vn -0.615904212 -0.528689504 -0.584079981
vn -0.680949271 -0.398470938 -0.614433825
vn -0.912380397 -0.381875783 -0.147421077
vn -0.884312332 -0.372574538 -0.281389534
vn -0.829822183 -0.419502646 -0.367984504
vn -0.718485355 -0.566549659 -0.403485179
vn -0.855055332 -0.186484307 -0.483843029
vn -0.716798961 -0.146389008 -0.681740224
vn -0.804912269 0.0176189132 -0.593132138
vn -0.695095062 0.0890727863 -0.713378608
vn -0.672807515 -0.0309094507 -0.739171565
vn -0.523699939 -0.272673547 -0.807085812
vn -0.785593688 -0.112324379 -0.608461916
vn -0.696559787 -0.0474017262 -0.715931237
vn -0.544012427 -0.25225088 -0.80026257
vn -0.595866382 -0.0758165047 -0.79949683
vn -0.448070109 -0.227105856 -0.864671052
vn -0.502670407 -0.040749494 -0.863517225
vn -0.465913594 -0.296651632 -0.833619952
vn -0.512445927 0.121806361 -0.850036621
vn -0.601299107 0.0620259829 -0.796612918
vn -0.396292895 0.12521413 -0.90954566
vn -0.407381058 -0.908576131 -0.092358686
vn -0.394541025 -0.906828463 -0.148322672
vn -0.294252336 -0.89323169 -0.339930356
vn -0.136701614 -0.950358868 -0.279518843
vn -0.262458086 -0.964927733 -0.00550776953
vn -0.445834309 -0.803931892 -0.39360562
vn -0.225429177 -0.971028507 -0.0792794004
vn -0.345395237 -0.894385099 -0.28421402
vn -0.152788967 -0.958632231 -0.240166396
vn -0.39631474 -0.73302567 -0.552818179
vn -0.224859059 -0.823978782 -0.52009362
vn -0.600157142 -0.693285882 -0.398956299
vn -0.06049316 -0.881624699 -0.468058139
vn -0.0348133035 -0.991110861 -0.12840265
vn 0.0386149772 -0.980641901 0.191964701
vn 0.0520344488 -0.998048365 0.0345245786
vn 0.136016548 -0.987890482 -0.0746455342
vn 0.0383139625 -0.957008839 -0.287517071
vn 0.234820932 -0.9516415 -0.198084787
vn 0.121487081 -0.918057978 -0.37737307
vn -0.271899462 -0.821748674 0.500799179
vn -0.100361578 -0.847973406 0.520450413
vn -0.4212327 -0.769575715 0.479912817
vn -0.418146968 -0.764558077 -0.49051401
vn -0.388992906 -0.413484573 -0.823234558
vn -0.317925364 -0.52178961 -0.79161793
vn -0.167167425 -0.45846808 -0.87284714
vn -0.261418223 -0.335855186 -0.90490973
vn -0.300786346 -0.180970997 -0.936363757
vn -0.46483019 -0.281647384 -0.839409053
vn -0.604242563 -0.332596898 -0.724065125
vn -0.511111557 -0.46137619 -0.72518754
vn -0.433844864 -0.592314482 -0.678927124
vn -0.641864061 -0.198030964 -0.74080658
vn -0.744514167 -0.251712859 -0.618335962
vn -0.518685997 -0.121291026 -0.84631747
vn -0.378778189 -0.0476562604 -0.924259722
vn -0.16103451 -0.139592916 -0.977027059
vn -0.208870754 -0.00635678973 -0.977922618
vn -0.260705799 0.160049379 -0.952059209
vn -0.394027084 0.0780328512 -0.915780306
vn -0.549335361 0.0375881307 -0.834756136
vn -0.413112819 0.152595162 -0.89780426
vn -0.2198973 0.208803996 -0.952914536
vn -0.177187994 -0.0644831583 -0.982062221
vn -0.347247571 -0.0708787367 -0.935091019
vn -0.574883521 0.138183385 -0.806482673
vn -0.517220795 -0.0609261282 -0.853680611
vn -0.301611364 -0.266770393 -0.915349245
vn -0.295018137 -0.152256459 -0.943282604
vn -0.131138831 -0.233138531 -0.963560641
vn -0.170571968 -0.097758837 -0.98048377
vn -0.331699699 0.016544586 -0.943239927
vn -0.175749809 0.0462212861 -0.983349204
vn -0.180412367 -0.793432653 -0.581305444
vn -0.3205145 -0.711115539 -0.625767708
vn -0.258057147 -0.858392119 -0.4433617
vn -0.103263803 -0.734420955 -0.67079246
vn -0.199744329 -0.634600103 -0.74658221
vn -0.0555004962 -0.868965447 -0.491750479
vn 0.0349387228 -0.789036572 -0.613351882
vn -0.103420742 -0.928402066 -0.356894583
vn -0.0429951772 -0.999051213 0.00694292318
vn 0.00454520248 -0.992896676 -0.118893191
vn -0.103744842 -0.992618144 0.0628185272
vn 0.0453539789 -0.98481226 0.167594135
vn 0.11186339 -0.989399493 0.0926028267
vn 0.226090491 -0.974012494 -0.0135212122
vn 0.288804919 -0.915977776 -0.278525591
vn 0.177879542 -0.983660579 -0.0277617965
vn 0.018707078 -0.986946404 -0.159958601
vn 0.398394316 -0.913071215 -0.0870793611
vn 0.463221341 -0.872628987 -0.154740393
vn 0.331808209 -0.941628456 0.0569144674
vn -0.0964455605 -0.562124729 -0.821409881
vn -0.00112994167 -0.643859982 -0.7651425
vn 0.113537222 -0.700310111 -0.70475173
vn -0.0959303677 -0.251274556 -0.963150322
vn -0.0242191982 -0.373580813 -0.927281439
vn -0.0204173736 -0.0716229826 -0.997222722
vn -0.0300123878 0.0896275342 -0.995523095
vn -0.105458371 0.234442383 -0.966392934
vn 0.071209304 -0.203208849 -0.976542532
vn 0.200349599 -0.121540524 -0.972156286
vn 0.139464393 0.00644257106 -0.990206182
vn 0.0910286978 0.137167603 -0.986356378
vn -0.061805401 0.231346861 -0.970906079
vn 0.0537268817 0.271431059 -0.96095717
vn 0.0753219351 0.210806191 -0.974621713
vn -0.0325882174 -0.0907044783 -0.99534452
vn 0.048045449 -0.205222666 -0.977535307
vn 0.199299857 -0.124310941 -0.972021818
vn 0.177048802 0.0152099244 -0.984084487
vn -0.0126650436 -0.0373791791 -0.999220908
vn 0.128502473 -0.0649104267 -0.989582598
vn 0.0535341986 -0.96007508 -0.274572074
vn 0.13022916 -0.896291971 -0.423911661
vn 0.17890738 -0.824885905 -0.536241949
vn 0.240367368 -0.952327907 -0.187869847
vn 0.286651045 -0.891126275 -0.351745784
vn 0.187175438 -0.946864784 0.261558026
vn 0.311945856 -0.939538658 0.141268611
vn 0.616418421 -0.786720395 -0.0331543125
vn 0.543703914 -0.837496459 0.0546414517
vn 0.470356166 -0.868919551 0.154090643
vn 0.715165317 -0.691886425 0.0991555676
vn 0.646981597 -0.73813343 0.191242933
vn 0.640167117 -0.735548675 0.221707389
vn 0.319755822 -0.867393315 0.381294101
vn 0.483565927 -0.744269311 0.46068123
vn 0.412124127 -0.756262183 0.508154571
vn 0.368479103 -0.865098655 0.340334594
vn 0.437232643 -0.879730761 0.186819494
vn 0.32117033 -0.947021544 -5.37743181e-05
vn 0.524742723 -0.778064191 0.345342249
vn 0.213609859 -0.969328046 0.121548675
vn 0.330945283 -0.896271288 0.295250922
vn 0.393120259 -0.811684728 0.432000428
vn 0.237966567 -0.723843277 -0.647628605
vn 0.105231375 -0.324174881 -0.940126061
vn 0.0456074886 -0.482752979 -0.874568284
vn 0.209238037 -0.394579917 -0.89472127
vn 0.262120217 -0.267713606 -0.927158237
vn 0.336417794 -0.384528399 -0.859628379
vn -0.0238745678 0.265370101 -0.963850975
vn 0.0938926637 0.166806325 -0.981508911
vn -0.114259914 -0.04844312 -0.992269099
vn -0.288749546 0.0676266328 -0.955013275
vn -0.0492530838 0.157954231 -0.98621738
vn -0.39512226 0.144653782 -0.907167912
vn 0.246878803 0.0394245274 -0.968244076
vn 0.0217153486 -0.105661176 -0.994165063
vn 0.15745987 -0.0606566779 -0.985660791
vn -0.172990665 0.129506335 -0.976372063
vn 0.30456382 -0.0877141953 -0.948444545
vn 0.331869036 0.0464226454 -0.942182541
vn 0.227961719 0.0732140094 -0.970913649
vn 0.444364965 0.108340368 -0.889270544
vn 0.407314569 -0.866285324 -0.289213628
vn 0.441099882 -0.784926653 -0.435110331
vn 0.335367262 -0.816236079 -0.470411897
vn 0.343259066 -0.937389851 -0.0589353926
vn 0.407217443 -0.584021091 -0.702206016
vn 0.395124108 -0.708192408 -0.585098803
vn 0.516119242 -0.672214448 -0.530800045
vn 0.52399081 -0.554669738 -0.646355271
vn 0.530718625 -0.428473085 -0.731265128
vn 0.418574095 -0.447467417 -0.790296555
vn 0.276229143 -0.502647817 -0.819171906
vn 0.270234942 -0.616939008 -0.739161193
vn 0.25679189 -0.903876126 -0.342148751
vn 0.289088637 -0.805512547 -0.51727879
vn 0.368294716 -0.701003015 -0.610699534
vn 0.476385027 -0.578930557 -0.661737561
vn 0.323743343 -0.895933092 0.30412823
vn 0.254305243 -0.801430106 0.541330397
vn 0.0207391325 -0.858984053 0.511582136
vn 0.0795778781 -0.957606018 0.276871979
vn 0.157488301 -0.984184623 0.0811051726
vn 0.345719069 -0.934360504 0.0863061398
vn 0.738029182 -0.640458524 0.212428629
vn 0.590375066 -0.653298378 0.47398144
vn 0.436888456 -0.647102058 0.624809861
vn 0.293507427 -0.82600677 0.481213391
vn 0.590001881 -0.760296524 0.271748126
vn 0.0704831854 -0.981680691 -0.177017167
vn 0.0507292934 -0.958513498 0.280496776
vn -0.381529003 -0.924129069 0.020520065
vn 0.00966672879 -0.808255255 0.588752925
vn 0.181577995 -0.711571455 0.678745508
vn 0.620013177 -0.784314513 0.020840859
vn 0.651597798 -0.758558154 0.00315531273
vn 0.756331265 -0.6228441 0.200070694
vn 0.653073609 -0.688580573 0.315200955
vn 0.495633483 -0.850429714 0.17639932
vn 0.307933718 -0.91795826 -0.25005886
vn 0.236094072 -0.865657747 -0.441470653
vn 0.309003472 -0.94984287 -0.0481171533
vn 0.353198022 -0.249030828 -0.901795387
vn 0.164416939 -0.172030568 -0.97127372
vn 0.309134096 -0.101099536 -0.945629478
vn 0.392519027 -0.200207487 -0.897689164
vn 0.168752283 -0.545152545 -0.821176767
vn -0.0231777951 -0.438927501 -0.89822346
vn 0.441666842 -0.337741256 -0.831180632
vn 0.531543612 -0.30938977 -0.788504481
vn 0.32921648 -0.488195211 -0.808258653
vn -0.215755194 -0.290779114 -0.932146609
vn -0.305728972 -0.137787193 -0.942095757
vn -0.372063458 0.0257063359 -0.92785126
vn -0.438003182 0.207845733 -0.874616027
vn -0.223607272 0.0922673792 -0.970302284
vn -0.257092714 0.28347066 -0.923876524
vn -0.382636636 0.357329309 -0.852000594
vn -0.27255106 0.466448635 -0.841511548
vn -0.190843552 -0.0867978036 -0.977775395
vn -0.126220539 0.466074079 -0.875695884
vn 0.225154385 -0.965792775 -0.128646106
vn 0.0967719182 -0.904637277 -0.41505003
vn 0.146821186 -0.788445771 -0.597324669
vn 0.0576957501 -0.97875452 -0.196750551
vn 0.20441407 -0.633985221 -0.745840132
vn 0.325018853 -0.52110219 -0.789186299
vn 0.210048407 -0.952943385 -0.218583077
vn 0.269945711 -0.878166914 -0.394907713
vn 0.307254672 -0.775713325 -0.551237941
vn 0.356480926 -0.625962079 -0.693608522
vn 0.0164159574 -0.727638602 0.685764313
vn 0.15849191 -0.77334106 0.613859892
vn 0.123281352 -0.859343886 0.496316165
vn 0.0451559834 -0.958791137 0.280500293
vn 0.0233297423 -0.998881638 0.0411232188
vn -0.173422724 -0.87884742 0.444468051
vn -0.0828525573 -0.986537218 0.140996054
vn 0.361683339 -0.785493672 0.502180099
vn 0.326502591 -0.845580101 0.422362894
vn 0.249433622 -0.934759974 0.252995253
vn 0.147174358 -0.983302176 -0.107035764
vn -0.683156729 -0.599406838 -0.417143136
vn -0.519863904 -0.738669753 -0.429078549
vn -0.456036121 -0.66268152 -0.594040632
vn -0.647278786 -0.523269773 -0.554273367
vn -0.684336722 -0.689549267 -0.237075627
vn -0.585038722 -0.770376861 -0.253474206
vn -0.455371469 -0.756360948 -0.469632804
vn -0.296704113 -0.909256101 -0.291924536
vn -0.569364548 -0.669252098 -0.477415681
vn -0.624161243 -0.73164773 -0.274070084
vn -0.428804666 -0.736088395 -0.523737013
vn 0.044990778 -0.597921431 -0.800291002
vn -0.0118661355 -0.437134951 -0.899317563
vn 0.168953627 -0.706909597 -0.686828554
vn -0.139013082 -0.271112233 -0.952456594
vn -0.224010959 -0.0709699914 -0.971999049
vn -0.114273615 -0.265689939 -0.95726192
vn -0.418471456 -0.333910644 -0.84462142
vn -0.480019599 -0.147551522 -0.864759922
vn -0.0688836649 -0.428853393 -0.900744021
vn -0.350979149 -0.515068114 -0.781996429
vn -0.285221756 0.122864902 -0.950553954
vn -0.54952544 0.0513210855 -0.8338992
vn -0.599240661 0.246670991 -0.761619329
vn -0.322629333 0.303126901 -0.896674037
vn -0.517413497 -0.325604916 -0.791368842
vn -0.561973989 -0.144108042 -0.814504802
vn -0.599270999 0.0418052785 -0.799453855
vn -0.632661998 0.435708225 -0.640232205
vn -0.465442657 0.48297289 -0.741687417
vn -0.444434494 0.649501562 -0.616948605
vn -0.599097848 0.592844784 -0.538160563
vn -0.606952608 0.415484309 -0.677481592
vn -0.62665993 0.239340916 -0.741628766
vn -0.466442913 0.295451164 -0.833750367
vn -0.632825375 0.571644306 -0.522259116
vn 0.548493266 -0.707573891 -0.445526928
vn 0.594026268 -0.563038528 -0.574561119
vn 0.734800637 -0.62812072 -0.255992949
vn 0.77544564 -0.4907628 -0.397285879
vn 0.506535649 -0.807537854 -0.302165985
vn 0.673036218 -0.730434835 -0.116134815
vn 0.609984517 -0.404033273 -0.68167156
vn 0.378725976 -0.447342932 -0.810216606
vn 0.790970087 -0.321059734 -0.520852149
vn 0.505428731 -0.782567263 0.363497198
vn 0.426549554 -0.892984271 0.14364773
vn 0.378927708 -0.925231576 -0.0189816654
vn 0.213696122 -0.976794302 0.0143860532
vn 0.538921893 -0.727491975 0.424639434
vn 0.65889883 -0.716053963 0.230475441
vn 0.769281924 -0.632203221 0.0923287198
vn 0.58847183 -0.808185637 0.0231686197
vn 0.689811289 -0.63045162 0.355936855
vn 0.789834797 -0.586815894 0.178347841
vn -0.18009612 -0.687975168 -0.703033149
vn 0.364785135 -0.919530213 -0.14627336
vn 0.0290424116 -0.681657553 -0.731094718
vn -0.0586243197 -0.815735102 -0.575447202
vn 0.433109373 -0.898819983 -0.0673712641
vn -0.398545086 -0.883124828 -0.247492135
vn -0.332292736 -0.844421566 -0.42015925
vn -0.252916604 -0.75078845 -0.610204697
vn 0.523589849 -0.53053683 -0.666621625
vn 0.353340328 -0.854369104 -0.381056547
vn 0.224760056 -0.819577932 -0.527043641
vn 0.391298026 -0.657676995 -0.643697739
vn 0.639326036 -0.463491738 -0.613545299
vn 0.355802923 -0.909120023 -0.21657607
vn 0.465770602 -0.354550809 -0.8107723
vn 0.614063084 -0.249704197 -0.748715162
vn 0.386434793 -0.474446654 -0.7909289
vn -0.156613469 -0.800951123 -0.577883601
vn 0.128254935 -0.716071546 -0.686143041
vn -0.0684613958 -0.883106291 -0.464151263
vn -0.198447183 -0.902608097 -0.381991237
vn -0.286949933 -0.812257707 -0.507835686
vn -0.229514867 -0.674904466 -0.70130372
vn 0.0311136991 -0.585926175 -0.809766889
vn -0.362527132 -0.686275125 -0.630555809
vn -0.0273802467 -0.959633231 -0.279918581
vn 0.00496376026 -0.997734845 -0.0670860931
vn -0.060936071 -0.967386246 -0.245867163
vn 0.779826105 -0.182806179 -0.598709583
vn 0.759803414 -0.450208098 -0.469053805
vn 0.384509563 -0.919266701 -0.0842671245
vn -0.444444299 -0.515715837 -0.732465982
vn -0.38559109 -0.303672791 -0.871264815
vn -0.436775982 -0.108498923 -0.893003225
vn -0.314254075 -0.490714341 -0.812676966
vn -0.165516213 -0.456357718 -0.874266624
vn -0.22365056 -0.268074274 -0.937078774
vn -0.252168596 -0.0559494458 -0.966064572
vn -0.235363692 -0.654287279 -0.718687892
vn -0.0989909694 -0.617358744 -0.780428708
vn -0.152955428 -0.778520763 -0.608695447
vn -0.455702454 0.0931162983 -0.885248363
vn -0.267874241 0.149031222 -0.951857686
vn -0.279854834 0.338758081 -0.89828968
vn -0.28390196 0.519085348 -0.806194842
vn 0.0587987676 -0.870261014 -0.489068896
vn 0.0203838591 -0.949484169 -0.313152343
vn 0.209000155 -0.932353735 -0.29501757
vn 0.249724463 -0.863436759 -0.438308805
vn -0.118017539 -0.842566907 -0.525502622
vn -0.159361988 -0.917162597 -0.365262121
vn 0.113326468 -0.744467854 -0.65797019
vn -0.0923520923 -0.716803133 -0.691132665
vn 0.286558986 -0.744249701 -0.603304505
vn 0.854294538 -0.517291307 -0.0508973897
vn 0.896589577 -0.38697812 -0.215348512
vn 0.868951082 -0.492017746 0.0533160046
vn 0.00713073136 -0.637526453 -0.770395458
vn 0.183722317 -0.682910264 -0.707021832
vn 0.109447964 -0.853695452 -0.509141505
vn -0.111199141 -0.770959318 -0.627101541
vn 0.338510334 -0.673354805 -0.657270133
vn 0.228612527 -0.803078771 -0.550273538
vn 0.131494582 -0.944316685 -0.301620722
vn -0.162570134 -0.871148109 -0.46332705
vn 0.250515789 -0.900146008 -0.356341273
vn 0.884400249 -0.133198023 -0.447319299
vn 0.829523861 -0.464063883 -0.310700595
vn 0.917221129 -0.224998757 -0.328756779
vn 0.918468118 -0.376923263 -0.119771056
vn 0.896491706 -0.302088976 -0.324106276
vn 0.451750755 -0.834638417 -0.315119117
vn 0.518506467 -0.782740235 -0.344192952
vn 0.417177856 -0.7443856 -0.521394968
vn 0.843854427 -0.262759387 -0.467832595
vn -0.0893213302 -0.831375599 -0.548485458
vn -0.146858528 -0.773895204 -0.616050959
vn 0.304823309 -0.691542506 -0.654867649
vn 0.000203470088 -0.788631499 -0.614866078
vn -0.00878569018 -0.772058189 -0.635491133
vn -0.0703737736 -0.830355763 -0.552771866
vn -0.104047731 -0.764193058 -0.636539936
vn -0.0216401126 -0.772773802 -0.63431263
vn -0.23928912 -0.835677624 -0.494351864
vn 0.340903193 -0.92054981 -0.190717459
vn -0.0432981402 -0.880191743 -0.472639114
vn 0.103142031 -0.806862414 -0.581665576
vn -0.0101171806 -0.732114792 -0.681106269
vn 0.0839734674 -0.935415864 -0.343432009
vn 0.219623685 -0.86637342 -0.44851163
vn 0.248386517 -0.722150803 -0.645602405
vn 0.136593267 -0.666381717 -0.732992291
vn 0.0716250539 -0.552991152 -0.830102861
vn 0.377541333 -0.752685308 -0.539376795
vn 0.0527304709 -0.994331539 -0.0923267603
vn 0.189392522 -0.957746983 -0.216451809
vn 0.0688927099 -0.992834747 0.0976374969
vn 0.161509156 -0.986487746 0.0275069568
vn 0.398553789 -0.913287044 0.0840338245
vn 0.588219702 -0.642335415 -0.491327465
vn -0.0175754707 -0.735477149 -0.677321672
vn -0.0388344862 -0.90917778 -0.41459322
vn 0.247310713 -0.96813786 -0.0393252932
vn 0.00239481218 -0.399996758 -0.916513383
vn -0.031341996 -0.209392056 -0.977329373
vn -0.0500643812 -0.0070676324 -0.998721004
vn -0.0718032867 0.178013071 -0.981404901
vn -0.841935337 -0.526900351 0.116279408
vn -0.922347546 -0.373907626 0.0973041803
vn -0.895295203 -0.367767781 0.251382977
vn -0.828885674 -0.518994153 0.208790824
vn -0.872895658 -0.468036532 0.137822405
vn -0.948138058 -0.301811755 0.0997183472
vn -0.728327453 -0.664579272 0.166953489
vn -0.729553103 -0.667943895 0.14698042
vn -0.770986736 -0.611225545 0.178836614
vn -0.997457087 -0.022511173 0.0676206276
vn -0.974528909 -0.212305486 0.0722478256
vn -0.986276329 -0.154326096 0.0586720668
vn -0.999150157 -0.0165584516 0.0377470404
vn -0.960125029 -0.0182554293 0.278974414
vn -0.940397501 -0.209695667 0.267731577
vn -0.988132656 0.134137735 0.0748390406
vn -0.946271479 0.144851252 0.289116621
vn -0.993182302 0.114940166 0.0194373429
vn -0.813084424 -0.362117499 0.455812007
vn -0.750911176 -0.512741208 0.416207731
vn -0.849465609 -0.223685503 0.477883816
vn -0.692510486 -0.370031923 0.619278371
vn -0.628591657 -0.516845584 0.581156731
vn -0.728328407 -0.214406207 0.650820732
vn -0.605361104 -0.77463299 0.182980299
vn -0.644090593 -0.732212842 0.22138615
vn -0.595646799 -0.788279772 0.154337451
vn -0.425120592 -0.890706837 0.160977691
vn -0.462361813 -0.860329151 0.214604706
vn -0.480685383 -0.830747068 0.280714691
vn -0.653362036 -0.669225931 0.353913546
vn -0.548784137 -0.776200354 0.31040135
vn -0.54276669 -0.661427319 0.517608106
vn -0.507737815 -0.498813033 0.702415705
vn -0.427550703 -0.628397882 0.649858832
vn -0.349586606 -0.739743412 0.574951291
vn -0.444314182 -0.7789011 0.442603648
vn -0.564159155 -0.353132576 0.746338964
vn -0.51775074 -0.506533563 0.689462066
vn -0.435491711 -0.628768563 0.644202709
vn -0.612000942 -0.365675807 0.701238811
vn -0.742391706 -0.0398640819 0.668779135
vn -0.621835947 -0.0444853418 0.781883001
vn -0.601677418 -0.214917526 0.769281924
vn -0.866676748 -0.0261083189 0.498186439
vn -0.307531297 -0.913001716 0.268052727
vn -0.276877344 -0.932712376 0.231055304
vn -0.119517647 -0.948940814 0.291936427
vn -0.31804651 -0.725141406 0.610750616
vn -0.686507583 -0.660030723 0.305068225
vn -0.575630844 -0.768128335 0.280406862
vn -0.774130523 -0.529270291 0.347267896
vn -0.883745551 -0.460303932 0.0843441188
vn -0.798955381 -0.599980712 0.0411522724
vn -0.73117888 -0.681447089 -0.0317381211
vn -0.625606239 -0.774827302 -0.0908816233
vn -0.476253033 -0.846740663 0.2370933
vn -0.21379295 -0.816295028 0.536614418
vn -0.85360831 -0.37321949 0.363400698
vn -0.927043498 -0.343726486 0.149807587
vn -0.766120374 -0.631391108 0.120020024
vn -0.696328878 -0.716194391 0.0468170345
vn -0.836019158 -0.510916591 0.200090215
vn -0.893836021 -0.35967055 0.267758042
vn -0.805770874 -0.410835028 0.426553428
vn -0.757540584 -0.537615359 0.370272845
vn -0.705374599 -0.661841571 0.25379622
vn -0.621320188 -0.761119664 0.186166868
vn -0.642050624 -0.215957165 0.735617816
vn -0.683091462 -0.0390895046 0.729285955
vn -0.922295511 -0.0684512332 0.380375504
vn -0.890657067 -0.218467876 0.398750365
vn -0.977658629 -0.0675615445 0.199045718
vn -0.960696578 -0.219647005 0.16975677
vn -0.934192777 0.0767524168 0.348414749
vn -0.976861417 0.0692087784 0.202366084
vn -0.937864244 0.0718279704 0.339487165
vn -0.941805482 -0.0603073947 0.330704451
vn -0.928867996 -0.217401281 0.299901277
vn -0.847434223 -0.253276527 0.466590017
vn 0.0594900809 -0.953089952 0.296783596
vn -0.077803351 -0.945998609 0.314695477
vn -0.168776378 -0.96321708 0.209111199
vn -0.0381625332 -0.958937168 0.281039357
vn 0.0308674946 -0.957800925 0.285770178
vn 0.042051699 -0.951480985 0.304820657
vn -0.615932107 -0.786894143 -0.0377533399
vn -0.295224071 -0.934799671 0.19746466
vn -0.509605944 -0.843087494 -0.171770513
vn -0.402908534 -0.883498132 -0.238947377
vn -0.172001824 -0.984033048 0.0457637347
vn -0.0753259435 -0.916155219 0.393682182
vn -0.53026849 -0.844822943 0.0713409856
vn -0.405309528 -0.914101601 -0.0119391466
vn -0.515562475 -0.847386956 -0.127006188
vn -0.518410981 -0.799012899 0.304677516
vn -0.419941723 -0.883184016 0.208889738
vn -0.323158532 -0.943280458 0.0760963857
vn -0.611200213 -0.683901012 0.398388803
vn -0.671417773 -0.540638149 0.506861448
vn -0.553872645 -0.557876408 0.618060648
vn -0.483199745 -0.705929816 0.517862141
vn -0.405186743 -0.822717786 0.398696989
vn -0.319753289 -0.891525149 0.320843726
vn -0.229461923 -0.853084683 0.46860826
vn -0.15290761 -0.932886899 0.326100141
vn -0.715792358 -0.420982689 0.557148874
vn -0.594981134 -0.43536827 0.675612271
vn -0.445667803 -0.43395853 0.782981634
vn -0.410825729 -0.562799752 0.717271745
vn -0.343081683 -0.709846377 0.615152955
vn -0.623744547 -0.259953797 0.737134159
vn -0.464103252 -0.275161386 0.841958702
vn -0.743236482 -0.256462663 0.617921054
vn -0.75067991 -0.0763859898 0.656235397
vn -0.640593827 -0.0798251256 0.76371944
vn -0.481106967 -0.100123085 0.870925725
vn -0.831655741 -0.198061749 0.518768013
vn -0.779098868 -0.354277343 0.517196774
vn -0.663778245 -0.511042655 0.546107829
vn -0.837581456 -0.0312473737 0.545418084
vn -0.849400163 0.0903940797 0.51995039
vn -0.977756917 -0.147744387 -0.148872524
vn -0.989647865 -0.125442401 0.0697244853
vn -0.910982966 -0.408882022 0.0540890582
vn -0.890565813 -0.420840621 -0.17258513
vn -0.952022731 -0.169951156 -0.254498005
vn -0.967082798 0.0645996034 -0.246125564
vn -0.984916031 0.119581759 -0.125062302
vn -0.982936025 0.143384933 0.11522828
vn -0.866946697 -0.419262946 -0.269485027
vn -0.922554255 0.163013771 0.349742889
vn -0.950758517 -0.104172707 0.29190129
vn -0.883991778 -0.381653935 0.269998103
vn -0.883816302 0.264689147 0.38575688
vn -0.757355094 0.282245666 0.588855445
vn -0.805609703 0.139560118 0.575774252
vn -0.957981288 0.23630704 0.162575811
vn -0.845878184 -0.110193737 0.521869123
vn -0.805460334 -0.580895245 0.117449567
vn -0.934062898 -0.0605177023 0.351943344
vn -0.777026832 -0.628057957 0.0421009548
vn -0.931018412 -0.339120239 0.134915367
vn -0.261606961 -0.964283824 0.04145566
vn -0.429060638 -0.895915806 0.115072869
vn -0.971743584 -0.11152178 0.208032474
vn -0.990472198 -0.0260732528 0.135222033
vn -0.975070536 -0.1953585 0.105226479
vn -0.796211481 -0.587596476 0.14414461
vn -0.950315535 -0.297577798 0.0913667977
vn -0.995814085 0.0147525417 -0.0902031362
vn -0.537094593 -0.803638637 0.256309271
vn -0.834421396 -0.472220302 0.284163445
vn -0.974581301 -0.157143846 0.159678012
vn -0.567089498 -0.722520173 0.395441592
vn -0.986771524 0.155928627 -0.0443642959
vn -0.955936015 -0.0240185019 0.292591006
vn -0.867553413 -0.348181397 0.355134994
vn -0.633391321 -0.668204248 0.390280336
vn -0.678540409 -0.705084324 0.206007481
vn -0.856460869 -0.291456342 0.426060915
vn -0.887820482 0.0049495413 0.460163265
vn -0.029770365 -0.959022224 0.28176254
vn -0.148144439 -0.930189192 0.33585909
vn -0.104288816 -0.940553904 0.323236793
vn -0.316740096 -0.929578841 0.188570365
vn -0.0944216251 -0.9924981 0.0776666477
vn -0.313751608 -0.89771992 -0.309287578
vn -0.362654299 -0.914722323 -0.178226724
vn -0.345146596 -0.901863098 -0.259839714
vn -0.672638357 -0.731484473 0.111750171
vn -0.784918904 -0.3250058 0.527516484
vn -0.39138329 -0.886846721 -0.245605573
vn -0.296492279 -0.897440135 -0.326639891
vn -0.312263072 -0.944328427 -0.103612453
vn -0.199199393 -0.960092843 -0.196319625
vn -0.260333449 -0.957927644 -0.120834738
vn -0.188129619 -0.982136309 -0.00392781245
vn -0.207718313 -0.962176979 0.176262841
vn -0.0687458813 -0.9941535 0.0832634568
vn -0.0789513513 -0.993029118 -0.0875210389
vn -0.285030097 -0.826310039 0.485767037
vn -0.183184579 -0.900509238 0.394368351
vn -0.278756678 -0.273442924 0.920610428
vn -0.2676377 -0.447174788 0.853466392
vn -0.234564185 -0.57614255 0.782968283
vn -0.0660734624 -0.583481729 0.809434056
vn -0.041928269 -0.704959333 0.708007216
vn -0.193547308 -0.702067673 0.685303152
vn -0.0939494148 -0.451542586 0.887289584
vn -0.284397125 -0.105962932 0.952832699
vn -0.63319689 0.0651581436 0.771243274
vn -0.48066178 0.0632362589 0.87462306
vn -0.287408382 0.0494502448 0.95653069
vn -0.113785662 -0.122713797 0.985897601
vn -0.103045456 -0.280847788 0.9542045
vn -0.111852787 0.032835912 0.993182182
vn 0.0422294363 -0.141004831 0.989107728
vn 0.0573320389 -0.292575449 0.954522192
vn 0.0482666157 0.0214832313 0.998603344
vn -0.563993156 -0.669197857 0.483824342
vn -0.541120589 -0.634384274 0.552037179
vn -0.396853745 -0.721404374 0.56752336
vn -0.214096859 -0.77017206 0.600830734
vn -0.880510688 -0.457490057 0.124112464
vn -0.755548716 -0.638612688 0.146013528
vn -0.594841778 -0.778268993 0.201148272
vn -0.534415543 -0.815236211 -0.223136693
vn -0.324715078 -0.929082036 -0.177106038
vn -0.354594857 -0.897319794 0.262830049
vn -0.723800004 -0.637533784 -0.263939708
vn -0.747719824 -0.614846945 0.250755399
vn -0.766128838 -0.641548455 0.0382372998
vn -0.747308314 -0.646378636 -0.154029056
vn -0.56904 -0.819713652 0.065291144
vn -0.547188222 -0.822100759 -0.157274887
vn -0.309524506 -0.943095446 0.121513903
vn -0.287954867 -0.950951636 -0.113017105
vn -0.539608121 -0.794704258 0.277971387
vn -0.30481118 -0.893114865 0.330811232
vn -0.666042387 0.0836390108 0.741209745
vn -0.712204695 -0.134752497 0.688916683
vn -0.81102258 -0.368586361 0.454297841
vn -0.689112604 -0.391793996 0.609607637
vn -0.268963903 -0.0734265223 0.960347295
vn -0.226503626 0.00888806395 0.973969758
vn -0.0368355922 -0.122606851 0.991771519
vn -0.0476797931 -0.202794254 0.978059947
vn -0.488433212 0.0307988897 0.872057557
vn -0.420699656 0.152005702 0.894374609
vn -0.177940324 -0.373696506 0.910323083
vn -0.380389273 -0.286929399 0.879190266
vn -0.572751403 -0.19611311 0.795924306
vn -0.773008823 0.0588568822 0.631658971
vn -0.66240865 0.0496794917 0.747493625
vn -0.6011253 0.244638249 0.760789394
vn -0.698623359 -0.398963869 0.593930304
vn -0.55385983 -0.792660952 0.25480926
vn -0.411433727 -0.81401819 0.409996003
vn -0.601464629 -0.377047658 0.704326093
vn -0.530271292 -0.0217667874 0.847548485
vn -0.129152104 -0.991494596 -0.0160754826
vn -0.0171351824 -0.999103189 0.0387179144
vn -0.302633107 -0.818579018 0.488202274
vn -0.455251515 -0.411526978 0.789551497
vn 0.0649093315 -0.996967971 0.0429138392
vn -0.0719685853 -0.962248027 0.262486637
vn 0.136517659 -0.976444781 0.167088434
vn 0.177353352 -0.96963042 0.168412134
vn 0.0818481594 -0.985875547 0.146116972
vn -0.140508026 -0.827010155 0.544345081
vn -0.0186279733 -0.823638916 0.566808581
vn -0.00895647053 -0.907863438 0.41917029
vn -0.0915336385 -0.886062205 0.45443961
vn 0.0924843326 -0.714752078 0.693235993
vn 0.0782051012 -0.598845601 0.797037005
vn 0.216448382 -0.73004508 0.648216248
vn 0.226929203 -0.822817385 0.521032274
vn 0.104450062 -0.827188134 0.55213213
vn 0.221000195 -0.621548116 0.751556158
vn 0.0564773753 -0.465237975 0.883382082
vn 0.253947556 -0.0110063404 0.967155397
vn 0.224694252 -0.176802799 0.958255291
vn 0.243514881 -0.314953774 0.917335629
vn -0.0537081547 -0.778339148 0.6255427
vn 0.0903996006 -0.846756697 0.524243236
vn 0.0327492394 -0.933377683 0.357398182
vn 0.0986969247 -0.75200969 0.651721001
vn 0.258150607 -0.730723858 0.63198185
vn 0.260773212 -0.82293427 0.504753888
vn 0.0356964879 -0.956885815 0.288262427
vn 0.14748472 -0.919428885 0.364552736
vn 0.217211276 -0.813240588 0.539869487
vn -0.0358762704 -0.983701229 0.176195428
vn -0.0440624468 -0.997872829 -0.0480438247
vn -0.0686113983 -0.983650327 -0.16650714
vn -0.141910866 -0.963770628 0.225848347
vn 0.197116435 -0.972794473 -0.121720731
vn 0.360576361 -0.932207823 -0.0311969128
vn -0.0536071919 -0.908244193 0.414992273
vn 0.215143085 -0.841223776 0.496040255
vn 0.235750645 -0.938374102 0.252736568
vn -0.0600082427 -0.787596643 0.613262117
vn 0.162322879 -0.692623436 0.702797294
vn -0.302780658 -0.788408935 0.535476565
vn 0.328740329 -0.530366659 0.781435132
vn 0.38192597 -0.722871304 0.575838149
vn 0.455383956 -0.834104717 0.311279267
vn 0.216899157 -0.976188004 0.00342116831
vn 0.436312556 -0.898437202 0.0494164489
vn -0.3760795 -0.185534507 0.907822192
vn -0.218259707 -0.315130949 0.923609853
vn 0.158074975 -0.294882089 0.942367613
vn 0.148855373 -0.371739507 0.916325212
vn -0.0941519588 -0.425997198 0.899812102
vn -0.0584074222 -0.581997275 0.811090469
vn 0.253711969 -0.514100432 0.819347978
vn 0.300428063 -0.735511005 0.607261419
vn 0.275418639 -0.82616502 0.491523921
vn 0.197042897 -0.915181339 0.351592422
vn 0.0984924585 -0.909272134 0.404380322
vn 0.201385483 -0.900117457 0.386306226
vn 0.363137126 -0.613080144 0.701615453
vn 0.181121185 -0.631897092 0.753592253
vn -0.0170090627 -0.723700643 0.689904511
vn -0.14412725 -0.78284508 0.605294049
vn 0.224911943 -0.48304683 0.846215308
vn 0.371500134 -0.491425991 0.787710726
vn 0.389782578 -0.344778121 0.853930652
vn 0.376819342 -0.208561122 0.902501762
vn 0.190639496 -0.920250416 0.34175393
vn 0.417883337 -0.723583639 0.549363434
vn 0.310293645 -0.847922683 0.429819584
vn 0.225313619 -0.951568961 0.209165201
vn 0.289796263 -0.944788098 0.152950004
vn 0.0456317812 -0.981725276 0.184752077
vn 0.0579430647 -0.976566911 0.207267314
vn 0.337300867 -0.871001005 0.357190788
vn 0.216700792 -0.756769478 0.616717696
vn 0.0867244974 -0.938148558 0.335195869
vn 0.0720577836 -0.879523814 0.470367432
vn 0.159057736 -0.942800939 0.292962521
vn 0.139380574 -0.978704691 0.150698662
vn 0.18114914 -0.884034991 0.430891007
vn -0.138599649 -0.638310552 0.757198632
vn -0.233809829 -0.767201006 0.597273469
vn -0.152034 -0.858472466 0.489806712
vn -0.0309412722 -0.723462701 0.689669669
vn -0.244916111 -0.566210568 0.787033498
vn -0.319625884 -0.624403775 0.712712526
vn -0.0413480066 -0.727406323 0.684960186
vn -0.609791934 -0.716650069 0.338476658
vn -0.535005033 -0.826368093 0.175741926
vn -0.389160633 -0.919775486 0.0506652929
vn -0.353706598 -0.426350236 0.832536519
vn -0.38790673 -0.46863243 0.793669879
vn -0.65331167 -0.603248298 0.457466304
vn -0.806200802 -0.586742818 0.0759819075
vn -0.713006794 -0.700982213 0.0156559814
vn -0.346574962 -0.513537526 0.78496182
vn -0.536125839 -0.622494161 0.570149183
vn -0.769140124 -0.615357995 0.172504872
vn -0.814519048 -0.572647095 0.0929195508
vn -0.711403131 -0.694707274 0.106242009
vn -0.778754234 -0.618014336 0.107703291
vn -0.795147002 -0.557537913 0.238522053
vn -0.686163604 -0.680927932 0.255962431
vn -0.748585939 -0.608416021 0.263531744
vn -0.786386967 -0.486085296 0.381204247
vn -0.671858072 -0.61931628 0.406268418
vn -0.700874448 -0.579155028 0.416358739
vn -0.687245548 -0.495310128 0.531376898
vn -0.753476083 -0.422745109 0.503547847
vn -0.647083282 -0.539855003 0.538367748
vn -0.588147521 -0.802752674 0.098339133
vn -0.600813746 -0.79904002 -0.0236232057
vn -0.572866678 -0.781163931 0.24820675
vn -0.276979417 -0.954706013 0.108714812
vn -0.248332426 -0.937377334 0.244243279
vn -0.198658898 -0.854960024 0.479142994
vn -0.723432899 -0.315724283 0.613973141
vn -0.5695104 -0.428731918 0.701317966
vn -0.404635549 -0.403072 0.820855141
vn -0.686736524 -0.192151055 0.701049805
vn -0.603880107 -0.270688713 0.749704182
vn -0.629186153 -0.427479923 0.649142087
vn 0.314534813 -0.53121525 0.78668803
vn -0.148145497 -0.353201479 0.923743248
vn -0.556327879 -0.080857195 0.827019691
vn 0.436547935 -0.399101526 0.806315064
vn 0.0931984708 -0.269551337 0.958465517
vn -0.445741057 0.0415867902 0.894195437
vn 0.492503375 -0.246114701 0.834786177
vn 0.341868937 -0.197834387 0.918687701
vn 0.485301793 -0.0982478932 0.868809223
vn 0.00659242878 0.209013239 0.977890551
vn -0.205365241 0.122636765 0.970971286
vn 0.552984297 -0.0938129947 0.827893376
vn 0.5638237 0.0463815294 0.824591815
vn 0.614554942 0.0130439112 0.788766205
vn 0.230293512 0.291568547 0.928414047
vn 0.433185577 -0.0504077412 0.899894059
vn 0.379447192 -0.87619704 0.297150791
vn 0.556003511 -0.696608484 0.453427672
vn 0.200680137 -0.977894008 0.0587427095
vn 0.222782537 -0.814610779 0.535515785
vn 0.371798247 -0.804708481 0.462828726
vn 0.326521397 -0.876396656 0.353995383
vn 0.251804709 -0.780346155 0.57241106
vn 0.383892864 -0.76031214 0.523976982
vn 0.0607769713 -0.793863893 0.605050623
vn 0.108544379 -0.770687878 0.627899945
vn -0.00614736835 -0.911034644 0.412283927
vn -0.22155112 -0.974480808 -0.0360865965
vn -0.452059805 -0.889994383 -0.0595983081
vn -0.284256965 -0.948231876 -0.141613215
vn -0.0716345459 -0.986226678 -0.149082392
vn 0.159484729 -0.936085641 0.313541472
vn -0.140744478 -0.972244024 -0.186902344
vn -0.444975406 -0.892613292 0.0723774508
vn -0.411459655 -0.87599802 0.251651496
vn -0.244891003 -0.968877137 0.0361320265
vn -0.225312799 -0.948901057 0.220954359
vn -0.112262353 -0.993678331 -0.000786574325
vn -0.112007588 -0.975444317 0.189638272
vn -0.534223914 -0.739507616 0.409552634
vn -0.383935809 -0.822426438 0.419771403
vn -0.212731317 -0.889448047 0.404509127
vn -0.520122349 -0.644595563 0.560329616
vn -0.484537482 -0.528846025 0.696810722
vn -0.341362357 -0.59885788 0.724459171
vn -0.35558182 -0.734548092 0.577928007
vn -0.473083675 -0.375997841 0.79675436
vn -0.342333406 -0.453923076 0.822655201
vn -0.187390089 -0.795173585 0.576700926
vn -0.19102779 -0.674482405 0.713149309
vn -0.47753498 -0.20194526 0.855089784
vn -0.30580619 -0.279053003 0.910281301
vn -0.587525249 -0.113483064 0.801208913
vn -0.572227597 0.0398929641 0.819123983
vn -0.434475809 -0.0111659812 0.900614321
vn -0.282559633 -0.0933807641 0.954693675
vn -0.497017294 0.212747887 0.84125638
vn -0.409102708 0.163975745 0.897634029
vn -0.406636566 0.367797464 0.836284459
vn -0.391991347 0.32160905 0.861922562
vn -0.248845115 0.274169236 0.928928077
vn -0.280550689 0.0826297477 0.95627594
vn -0.149277091 -0.151171967 0.977171123
vn -0.142786056 -0.320452452 0.936441302
vn -0.123331413 0.0276437197 0.991980433
vn -0.279678881 0.511221886 0.812669516
vn -0.328092963 0.494101226 0.805120409
vn 0.303635657 0.198989227 0.93177712
vn -0.156815127 0.581351399 0.798398197
vn -0.268863261 0.638020456 0.721555591
vn -0.193412408 0.453346878 0.870096684
vn -0.165050715 -0.981763721 -0.0943310559
vn -0.664156139 -0.746197283 -0.045675993
vn 0.274271846 -0.959949672 0.0571990646
vn -0.0765568018 -0.996674359 0.0279152449
vn -0.620283961 -0.773807466 0.128334656
vn 0.244407982 -0.847115457 0.471868843
vn 0.155060247 -0.908339381 0.388427436
vn 0.285391182 -0.932223737 0.222510099
vn 0.00601020735 -0.978858173 0.204452127
vn 0.331959933 -0.781853318 0.527738512
vn 0.292605132 -0.913106203 0.283935517
vn 0.0396776386 -0.975359023 -0.217026129
vn 0.259086519 -0.912507355 0.316551238
vn -0.0451064594 -0.969714165 -0.240041479
vn -0.0576544851 -0.705178618 0.706681728
vn -0.0802831575 -0.828353107 0.554423869
vn -0.0946821794 -0.91832912 0.384326667
vn -0.171694323 -0.502635956 0.847276866
vn -0.0285030287 -0.552175045 0.833240867
vn -0.0139154391 -0.386193961 0.922312677
vn -0.0261227768 -0.205870792 0.978230476
vn -0.11216519 -0.404101849 0.907810867
vn -0.130166411 -0.550261259 0.824784398
vn -0.084357515 -0.23434262 0.968487084
vn -0.0491513386 0.392738163 0.918335915
vn -0.0792002901 0.220464811 0.972174168
vn -0.169012725 0.602730811 0.779839933
vn -0.041195754 0.547964215 0.835486829
vn -0.148319662 0.71578145 0.682391465
vn -0.107705764 0.709635079 0.696288407
vn 0.0120942984 0.671585321 0.740828454
vn -0.621954083 -0.77873528 -0.0821248218
vn -0.663190603 -0.743674636 0.0844166949
vn -0.478547841 -0.870871186 0.112139486
vn -0.445884526 -0.891977727 -0.0745831579
vn -0.495038748 -0.81769228 0.293795973
vn -0.297026128 -0.898755193 0.322512746
vn -0.267194241 -0.950993896 0.155620962
vn -0.660820425 -0.704703271 0.258282036
vn -0.238214895 -0.970687628 -0.0319249779
vn -0.665775537 -0.617910683 0.418245375
vn -0.512221754 -0.731782079 0.449581981
vn -0.32419014 -0.819693387 0.472232401
vn -0.53411305 -0.783753932 0.316943377
vn -0.417668283 -0.748354793 0.515284598
vn -0.322809875 -0.715398192 0.619676769
vn -0.641495287 -0.515380442 0.56821382
vn -0.591826737 -0.430873752 0.681240618
vn -0.542928636 -0.489565015 0.682315648
vn -0.531887054 -0.61274755 0.584496737
vn -0.211307034 -0.704144061 0.677886784
vn -0.169921547 -0.864343286 0.473325849
vn -0.577044487 -0.584886611 0.570023894
vn -0.558160603 -0.465778738 0.686663628
vn -0.236711562 -0.89644444 0.374640077
vn -0.25315994 -0.947521865 0.195223823
vn -0.20798479 -0.963134944 0.170626029
vn -0.200285912 -0.906205058 0.37239489
vn -0.168948576 -0.817871571 0.550038695
vn -0.244994432 -0.80965668 0.533323288
vn -0.0862215459 -0.927474976 0.363807529
vn -0.0891155154 -0.977594495 0.19070217
vn -0.102935255 -0.842516065 0.528744638
vn -0.248700917 -0.968551338 0.00750718312
vn -0.234135941 -0.972010076 -0.0194080789
vn -0.0634514838 -0.997945905 0.0088175172
vn -0.15581508 -0.702477098 0.694440544
vn -0.219474554 -0.705591857 0.673773646
vn -0.204255357 -0.563722372 0.800310493
vn -0.0722171217 -0.725817621 0.684085906
vn -0.0618619323 -0.597832382 0.799230576
vn -0.212641999 -0.405991226 0.888793886
vn -0.190842673 -0.233534768 0.953436196
vn -0.0812643245 -0.255446166 0.963401973
vn -0.0764808208 -0.448250771 0.890630126
vn 0.00851661619 -0.0042919172 0.999954522
vn 0.0490433872 0.185650721 0.981391191
vn -0.0401214398 0.155129731 0.987079024
vn -0.0624783784 -0.021508446 0.997814536
vn -0.156236961 0.146711186 0.976762891
vn -0.0404726528 0.109043449 0.99321264
vn -0.0448698699 -0.0574699752 0.997338355
vn -0.163284943 -0.0310380384 0.9860906
vn -0.054115925 0.320717782 0.94562763
vn -0.157907531 0.30437547 0.939372599
vn -0.0383051299 0.283310771 0.958262861
vn 0.0474153385 0.349818885 0.935616612
vn 0.0634362847 0.51128298 0.857068002
vn -0.0473613329 0.487334371 0.871930063
vn 0.0615125112 0.631967664 0.772549629
vn -0.0743807927 0.581559002 0.810096741
vn -0.194329664 -0.956720591 -0.216614321
vn -0.0135574462 -0.98731339 -0.158204034
vn -0.0297098812 -0.999542773 0.00563552137
vn -0.0873564482 -0.932612777 0.350146115
vn -0.0649336055 -0.98126632 0.181383342
vn -0.120902285 -0.847967386 0.516075611
vn 0.127409071 -0.915587962 0.381399602
vn 0.156859204 -0.963416874 0.217308626
vn 0.106510267 -0.837991238 0.535188019
vn -0.408043802 -0.491781741 0.769188523
vn -0.362011254 -0.567550063 0.73948288
vn -0.222635299 -0.540443718 0.811390281
vn -0.179567501 -0.639493287 0.747531831
vn -0.405028611 -0.700441539 0.587650776
vn -0.192542121 -0.65001756 0.735122204
vn -0.482867122 -0.805019736 0.34464848
vn -0.351409376 -0.705701828 0.615220547
vn -0.137951046 -0.733397126 0.665656149
vn 0.143408731 -0.974085331 -0.174905255
vn 0.0930327997 -0.989619195 -0.109539255
vn 0.256355941 -0.955195427 -0.147929952
vn 0.286194354 -0.950102806 -0.124086395
vn 0.0638708174 -0.961999476 0.265476078
vn -0.107983612 -0.974519491 0.196599379
vn -0.055258587 -0.978191376 -0.200219974
vn -0.058110144 -0.990869284 -0.121660598
vn 0.25061807 -0.90629065 0.340334684
vn 0.0869815275 -0.733809173 0.673764169
vn 0.0857204348 -0.854841232 0.511760175
vn 0.0917995572 -0.613587379 0.784272552
vn 0.249156177 -0.613117039 0.749672413
vn 0.25251314 -0.732128739 0.63263315
vn 0.274466664 -0.838596046 0.470557898
vn 0.0769459158 -0.469158232 0.879755557
vn 0.257681698 -0.467654675 0.845517159
vn 0.0839011222 -0.266879708 0.960070729
vn 0.253978997 -0.283729166 0.924658
vn 0.092160888 0.0936238468 0.991332948
vn 0.0857650563 -0.0651150942 0.994185209
vn 0.104375549 0.275744915 0.955547214
vn -0.143501937 0.485394895 0.862437844
vn -0.00983874779 0.469594985 0.882827044
vn 0.115830027 0.398711562 0.909732103
vn 0.067904979 0.247643992 0.966468453
vn 0.242981508 0.264240801 0.933347046
vn -0.0784820393 0.569391072 0.81831187
vn -0.188860506 0.363489687 0.912253797
vn -0.299221426 0.121342286 0.946436763
vn 0.174363285 -0.983731151 0.0432479009
vn 0.197140276 -0.971653342 -0.130482048
vn 0.382706046 -0.89786309 0.217664972
vn 0.387905985 -0.920205653 0.0524464175
vn 0.409053445 -0.907477438 -0.0957074985
vn 0.320103884 -0.78330034 0.532892108
vn 0.34303087 -0.856933951 0.38470009
vn 0.0579029173 -0.737888038 0.672434688
vn 0.274766475 -0.695093274 0.664340794
vn 0.227716669 -0.598859608 0.767797112
vn 0.0198362377 -0.646420777 0.762723207
vn -0.0100512896 -0.507313609 0.861702919
vn 0.20695284 -0.475401133 0.855081379
vn 0.306880802 -0.440263629 0.843796253
vn 0.375789285 -0.528238595 0.761410713
vn 0.434529871 -0.628867328 0.644755363
vn 0.00232351338 -0.582984746 0.812479734
vn 0.184651136 -0.568335474 0.801809728
vn 0.0742769912 -0.997076273 0.0179404337
vn 0.25710848 -0.966160119 0.0207310431
vn 0.453317344 -0.834340632 0.313654512
vn 0.319475681 -0.565874696 0.760079622
vn 0.404375076 -0.864788234 0.297694653
vn 0.156837016 -0.68647784 0.710035443
vn 0.421112061 -0.897495866 -0.131018773
vn 0.532289624 -0.836440682 -0.130517125
vn 0.437105149 -0.849734068 0.294772953
vn 0.249028981 -0.910922527 0.328944921
vn 0.429913014 -0.792329729 0.43288362
vn 0.599576354 -0.773629785 0.204951599
vn 0.585911691 -0.805529475 0.0884857029
vn 0.432145 -0.893256605 0.123868421
vn 0.597055972 -0.711830854 0.369893104
vn 0.248686776 -0.950514972 0.186215356
vn 0.431959659 -0.424157739 0.795927882
vn 0.41449976 -0.568479836 0.710648
vn 0.414493173 -0.255098999 0.873567343
vn 0.549032331 -0.373999447 0.747454286
vn 0.577706397 -0.503648698 0.642334282
vn 0.536673725 -0.238960445 0.809246182
vn 0.253062129 -0.100276448 0.962239087
vn 0.404605925 -0.0658139884 0.912119746
vn 0.394535184 0.0817570686 0.915236473
vn 0.301591307 0.0184793752 0.953258157
vn 0.432739556 -0.0777936652 0.898156226
vn 0.262075603 0.0862016901 0.961189628
vn 0.317195088 0.125280961 0.940048873
vn -0.0638676807 -0.000898160797 0.997957945
vn -0.16043441 -0.157754362 0.974358499
vn 0.0398539901 -0.0875163302 0.9953655
vn -0.213899896 -0.0126875313 0.976773202
vn -0.852749765 0.324051201 -0.409644544
vn -0.932371199 0.320725769 -0.166790292
vn -0.964832544 0.187621877 -0.184109688
vn -0.703954816 0.333875537 -0.62687701
vn -0.661757946 0.493129104 -0.564712465
vn -0.790801227 0.478562146 -0.381590992
vn -0.86149472 0.486351967 -0.145906255
vn -0.866482675 0.498775363 -0.020758912
vn -0.940051854 0.340444982 -0.0199894905
vn -0.979756534 0.200106576 0.00586557528
vn -0.604812562 0.358536571 -0.711092949
vn -0.668813348 0.469172478 -0.57668525
vn -0.726044416 0.552801967 -0.408986002
vn -0.609550357 0.631372273 -0.479392737
vn -0.717792153 0.611154914 -0.333562821
vn -0.560277462 0.739070475 -0.373984098
vn -0.641698182 0.722035825 -0.258626342
vn -0.727465093 0.645020306 -0.233972788
vn -0.707572937 0.704021513 -0.0607794262
vn -0.464844823 0.84701997 -0.257830411
vn -0.524916708 0.832877159 -0.175437063
vn -0.556524456 0.830418468 -0.0261852965
vn -0.686696529 0.723401368 -0.0716822669
vn -0.770342529 0.62764591 -0.112396114
vn -0.700653255 0.598261237 -0.388804048
vn -0.808724105 0.532490313 -0.249838725
vn -0.561293721 0.649298131 -0.513187408
vn -0.729018211 0.347385436 -0.589792907
vn -0.863519311 0.305286407 -0.401415735
vn -0.687673628 0.364453465 -0.627916098
vn -0.864879668 0.277727902 -0.418151259
vn -0.67510283 0.251349509 -0.693584502
vn -0.726155698 0.015226271 -0.687361658
vn -0.846874714 -0.0224006269 -0.531320512
vn -0.897852659 -0.0691871271 -0.434826225
vn -0.800810754 0.153747305 -0.578847051
vn -0.892258286 0.435267895 -0.120071098
vn -0.807030082 0.508159935 -0.300792336
vn -0.724915624 0.668934405 -0.164390385
vn -0.802530169 0.596550465 -0.00853677746
vn -0.842874348 0.523412347 0.124909565
vn -0.915493608 0.397154003 -0.0643433407
vn -0.939754069 0.248098284 -0.235179946
vn -0.844236374 0.323560387 -0.427286476
vn -0.938809216 0.266684711 -0.217982888
vn -0.647916555 0.755300879 0.0986144543
vn -0.407833368 0.906670153 -0.107801199
vn -0.726864636 0.643117011 0.24097389
vn -0.519459367 0.805264413 0.285851538
vn -0.292277068 0.956332564 0.00146720023
vn -0.406348675 0.907789409 -0.103918567
vn -0.256071866 0.966401398 -0.0222590864
vn -0.728270233 0.354633808 -0.586393476
vn -0.684037566 0.553779662 -0.474785
vn -0.603580773 0.725757658 -0.330100179
vn -0.606634915 0.794528663 -0.0268032439
vn -0.686793268 0.714658737 0.13258107
vn -0.59887749 0.706434608 0.377221256
vn -0.396056831 0.81233561 0.428077012
vn -0.17794776 0.974580288 0.136117101
vn -0.427823961 0.745598614 0.510929823
vn -0.53430146 0.806418657 0.253398865
vn -0.463031679 0.543003976 -0.700534344
vn -0.746388435 0.217549309 -0.628948748
vn -0.383761585 0.224480122 -0.895731926
vn -0.750497222 -0.0392538644 -0.659706712
vn -0.788210928 -0.0817915648 -0.609945714
vn -0.819708347 -0.0532234125 -0.570302963
vn -0.738914728 0.0189236253 -0.673533142
vn -0.725297928 0.143907428 -0.673226237
vn -0.848204255 0.105473518 -0.519061506
vn -0.745721459 0.129528314 -0.653545558
vn -0.810001194 0.0934584066 -0.578933179
vn -0.834320903 0.0947105736 -0.543082416
vn -0.681589007 -0.0685320571 -0.728518784
vn -0.695571423 0.136440814 -0.705382347
vn -0.623065531 -0.278020084 -0.731091082
vn -0.805588365 0.288750142 -0.517349839
vn -0.833897769 0.281206876 -0.474907488
vn -0.681367695 0.336710066 -0.649895608
vn -0.737119675 0.343101174 -0.582182229
vn -0.702330589 0.538828969 -0.465182871
vn -0.641271234 0.697586954 -0.319599062
vn -0.812413692 0.452765524 -0.367406338
vn -0.764363527 0.595823824 -0.246459335
vn -0.594085634 0.788365245 -0.159820631
vn -0.484259635 0.858798683 -0.167205155
vn -0.715904415 0.693914711 -0.0772233978
vn -0.773118377 0.481427789 -0.412935048
vn -0.726776779 0.621558726 -0.292335838
vn -0.655566335 0.735556841 -0.170847878
vn -0.441536814 0.890461802 0.110104144
vn -0.386196792 0.921730161 0.0355737358
vn -0.264154315 0.931473494 0.250159323
vn -0.363673329 0.855830967 0.367825121
vn -0.390615225 0.894088924 0.219145536
vn -0.291811079 0.844054282 0.449909657
vn -0.186232448 0.971503913 0.146620706
vn -0.317442417 0.757787704 0.5700773
vn -0.698419392 0.690799415 0.187100232
vn -0.626599371 0.774848044 0.0835697204
vn -0.579146802 0.789283514 -0.204011157
vn -0.216313869 0.864823341 0.453088164
vn -0.59225589 0.794808388 0.132335141
vn -0.232953727 0.883089662 0.407290012
vn -0.624461055 0.672127187 -0.397861153
vn -0.543781161 0.793958068 -0.271905631
vn -0.656526923 0.517418385 -0.548863113
vn -0.456807196 -0.259104669 -0.850994647
vn -0.434503943 0.0317389444 -0.900110483
vn -0.590475976 -0.0271147806 -0.806599617
vn -0.457345784 -0.270141184 -0.847265363
vn -0.465150148 -0.250482589 -0.849054635
vn -0.137452409 0.341717511 -0.929696739
vn -0.526073635 -0.0208039377 -0.85018456
vn -0.549336433 0.188737482 -0.814007163
vn -0.387036741 0.204856411 -0.899019718
vn -0.39930883 0.391904503 -0.828832448
vn -0.545434952 0.374741614 -0.749712944
vn -0.341114849 0.00750349741 -0.939991653
vn -0.527073622 0.541176319 -0.65522635
vn -0.481010169 0.710717022 -0.513332725
vn -0.421373904 0.841897666 -0.337123781
vn -0.32514292 0.923067987 -0.205493346
vn -0.453348875 0.882657349 -0.124060117
vn -0.57878089 0.815219164 -0.0207460336
vn -0.634522855 0.769769192 0.0695433691
vn -0.562400222 0.806339979 0.183089465
vn -0.560816228 0.796586275 0.225688711
vn -0.573899686 0.818733156 0.0177513752
vn -0.491395444 0.868184805 0.069178693
vn -0.614647985 0.788342834 -0.0268973596
vn -0.673872411 0.733881831 0.0855175033
vn -0.686857045 0.700654745 0.193158865
vn -0.394834161 0.917835414 -0.0410387143
vn -0.52941674 0.826830089 -0.189920917
vn -0.636509538 0.738218009 0.223360002
vn -0.834160686 0.345479697 -0.429906487
vn -0.667780995 0.402839869 -0.62593013
vn -0.746899724 0.209185928 -0.63117522
vn -0.833017588 0.33337152 -0.441526055
vn -0.880621672 0.472755343 0.0317485407
vn -0.68589443 0.694590747 -0.217008263
vn -0.597193241 0.521410465 -0.609500945
vn -0.589226484 0.55002439 -0.591849029
vn -0.747257054 0.617813885 0.244770989
vn -0.379883081 0.175513566 -0.908231139
vn -0.355997235 0.171301812 -0.918652058
vn -0.486510724 0.0720790923 -0.870696306
vn -0.339066327 -0.148069113 -0.929036915
vn -0.285855532 -0.179739818 -0.941265166
vn -0.193868414 -0.0357573889 -0.980375648
vn -0.127516851 -0.131513983 -0.983078659
vn -0.166701913 0.0219636336 -0.985762656
vn 0.0332534984 -0.0773543343 -0.996448874
vn 0.0266949218 0.0484563932 -0.998468518
vn -0.213893771 0.217194572 -0.952405393
vn -0.00681149354 0.244595066 -0.969601393
vn -0.219456479 0.419569939 -0.880795062
vn -0.373694628 0.569255054 -0.732325792
vn -0.20250909 0.595273256 -0.777585924
vn -0.317916393 0.731004119 -0.603789866
vn -0.159038916 0.740459323 -0.653013349
vn -0.278939843 0.863678336 -0.419824034
vn -0.196079209 0.950881124 -0.239537463
vn -0.114858583 0.868520081 -0.482162237
vn -0.0404388867 0.956918418 -0.287527323
vn -0.150362566 0.956418574 -0.250309169
vn -0.280005991 0.948979795 -0.145031154
vn -0.0255374778 0.949487746 -0.312763065
vn -0.431909293 0.848007262 -0.307145149
vn -0.318600744 0.846057236 -0.427411795
vn -0.327198118 0.816695273 -0.475342125
vn -0.501173019 0.755634487 -0.421713144
vn -0.644490242 0.705975175 -0.293651611
vn -0.412845761 0.663872778 -0.623563468
vn -0.248434708 0.77001518 -0.587670684
vn -0.307822138 0.812858164 -0.494476587
vn -0.460923433 0.696673989 -0.549722612
vn -0.556711733 0.771104038 -0.308983088
vn -0.364770442 0.872447908 -0.325233907
vn -0.641510189 0.751023114 0.156297907
vn -0.824970067 0.54636848 0.144588619
vn -0.796806753 0.602489591 0.0458858199
vn -0.663066149 0.726279259 0.181278124
vn -0.467612892 0.865901232 0.177632123
vn -0.467455745 0.845518053 0.258039266
vn -0.141229942 0.946817756 -0.28911975
vn -0.0727856979 0.834620357 -0.545995474
vn -0.135040075 0.89161247 -0.432193667
vn -0.27215907 0.941795826 0.197357982
vn -0.235495061 0.209261104 -0.949079514
vn -0.215834215 0.291690141 -0.931843519
vn -0.0547090285 0.085968636 -0.994794607
vn 0.101827085 0.178195208 -0.978712261
vn 0.232501239 -0.00494800415 -0.972583532
vn 0.232260182 0.100026608 -0.967496693
vn -0.0387609415 0.285947919 -0.957460999
vn -0.0613294616 0.388247877 -0.919512033
vn 0.205150455 0.273446947 -0.93975538
vn 0.169435099 0.447509915 -0.878081262
vn -0.0200341418 0.437629759 -0.89893204
vn 0.387218565 0.275752068 -0.879785538
vn 0.351983696 0.447394222 -0.822159231
vn 0.415321559 0.128788128 -0.90051192
vn -0.0263304133 0.594464779 -0.803690434
vn 0.160863802 0.588711798 -0.792175055
vn 0.166528165 0.728752375 -0.664220035
vn 0.00371848 0.734860003 -0.67820859
vn 0.341820747 0.574980974 -0.743340731
vn 0.33665368 0.712135494 -0.616058052
vn 0.0243079569 0.806829154 -0.590284526
vn 0.123031601 0.911630452 -0.392164767
vn 0.234701768 0.867425501 -0.438734621
vn 0.17893067 0.762417674 -0.621854663
vn -0.146375924 0.83996582 -0.522524297
vn 0.0781388879 0.834054828 -0.546119809
vn -0.13210763 0.839984715 -0.526282609
vn 0.254591018 0.807112992 -0.532683849
vn -0.254240304 0.913099468 -0.318765014
vn -0.436388165 0.857577384 -0.272261828
vn -0.0682677478 0.945629954 -0.317999244
vn -0.0246713106 0.995179296 -0.0949187577
vn -0.218877107 0.968247056 -0.12079113
vn -0.430264294 0.900335908 -0.0653288662
vn -0.0521287024 0.96729058 0.248257205
vn 0.078621164 0.962863743 -0.258286715
vn 0.122793727 0.852537155 -0.508037567
vn 0.0699320436 0.919870198 -0.385938078
vn -0.0177048277 0.117502466 -0.992914736
vn 0.133098438 0.179422989 -0.974726677
vn 0.139064416 0.312823087 -0.939575851
vn 0.0921373218 0.458437651 -0.883937538
vn 0.200975761 0.342161506 -0.917896628
vn 0.410015285 0.107691191 -0.905698657
vn 0.282539606 0.362362891 -0.888180435
vn 0.257709831 0.49945879 -0.82711941
vn 0.284103453 0.489024937 -0.824705899
vn 0.535751998 0.286823392 -0.794167697
vn 0.489982694 0.456567764 -0.742605388
vn 0.562746644 0.143381193 -0.814099491
vn 0.443890333 0.583941758 -0.679686129
vn 0.148413315 0.539642155 -0.828709722
vn -0.0154435337 0.592610896 -0.805340827
vn 0.385650724 0.725641966 -0.569839597
vn 0.29107517 0.407009482 -0.865805149
vn 0.370530814 0.808339357 -0.457487136
vn 0.237515345 0.83685267 -0.493218154
vn 0.185349032 0.837808192 -0.51353991
vn 0.119019948 0.942571461 -0.312078983
vn 0.242031753 0.9152022 -0.322219849
vn 0.0523614883 0.899989367 -0.432755649
vn -0.390336543 0.782708585 -0.484772742
vn -0.362768918 0.828516066 -0.426567495
vn 0.0512558296 0.80470413 -0.591459274
vn 0.281572849 0.899191201 -0.334920794
vn -0.0977253392 0.855481803 -0.508527875
vn 0.313134879 0.897907019 -0.309369653
vn 0.135304868 0.937955022 -0.31926927
vn 0.182247415 0.855063438 -0.485440433
vn 0.284790307 0.919145167 -0.272151798
vn 0.391415566 0.919465184 -0.0371174589
vn 0.336404145 0.939475536 -0.0649456084
vn 0.161778674 0.982876241 -0.0882152319
vn -0.269997627 0.922261953 -0.276647985
vn -0.17361255 0.980831146 -0.0884817541
vn -0.0427956879 0.994214952 0.0985151902
vn 0.349244922 0.919804692 0.178849682
vn 0.308302939 0.863002181 0.400220633
vn 0.124013521 0.926149845 0.356184155
vn 0.162286147 0.975455225 0.148830205
vn 0.453524858 0.865419388 0.212989166
vn 0.448206335 0.808792353 0.380743861
vn 0.273878574 0.96174252 -0.00646988675
vn 0.323458135 0.899181426 0.294699043
vn 0.17290701 0.941670239 0.288721889
vn 0.278386921 0.215306357 -0.93602562
vn 0.394892067 0.394256145 -0.829832792
vn 0.323408276 0.519776404 -0.790720999
vn 0.447247505 0.240148336 -0.861567438
vn 0.520950437 0.247434869 -0.816937327
vn 0.276104957 0.582562566 -0.764451981
vn 0.395455092 0.374171317 -0.838815272
vn 0.45008865 0.164342925 -0.877730906
vn 0.391622901 0.254562259 -0.884211242
vn -0.00529831508 0.482207328 -0.876041114
vn -0.00377970911 0.255230546 -0.966872871
vn -0.0143785141 0.0142762056 -0.999794722
vn -0.107210495 0.0545109473 -0.99274087
vn -0.191171944 0.17964536 -0.964977145
vn -0.282752723 0.305116475 -0.909370661
vn -0.400107592 -0.0212057009 -0.916222811
vn -0.468452185 0.13452135 -0.873187542
vn -0.269729733 -0.10104806 -0.957619548
vn -0.405941397 0.434225023 -0.804151833
vn -0.366995841 0.300866783 -0.880223334
vn -0.306821942 0.471063852 -0.827018261
vn -0.427873731 0.554805458 -0.713522971
vn -0.27889666 0.60772121 -0.743566751
vn -0.279158682 0.59367162 -0.754734635
vn -0.257090628 0.712392449 -0.652994156
vn -0.435055345 0.681949377 -0.587938607
vn -0.469055414 0.63700068 -0.611733019
vn -0.471080095 0.433711797 -0.768099904
vn -0.223617807 0.528403997 -0.819014251
vn -0.148805723 0.595893025 -0.789156795
vn -0.52983439 0.71376282 -0.458059222
vn -0.428958505 0.820537627 -0.377773166
vn -0.367449164 0.808717728 -0.45930028
vn -0.374156117 0.85223645 -0.365650594
vn -0.428770542 0.87867099 -0.209983557
vn -0.422634214 0.906298101 0.00203050533
vn -0.491447717 0.853363872 -0.173923239
vn -0.512118459 0.858246922 -0.03386667
vn -0.59633708 0.802153826 0.0305160023
vn -0.443526745 0.874788404 0.195011064
vn 0.203490764 0.942987978 0.26337254
vn -0.369361699 0.895272553 0.249116346
vn 0.212515011 0.960913539 0.177433193
vn -0.097953096 0.921582818 -0.375620008
vn -0.746436775 0.599833846 -0.288152009
vn -0.690297246 0.653084755 -0.311399996
vn -0.472275466 0.645383596 -0.600363135
vn -0.435709566 0.691209853 -0.576529443
vn -0.775488257 0.631344616 0.00468558399
vn -0.749719381 0.657357514 -0.076170139
vn -0.503406227 0.862114668 -0.0577959791
vn -0.714864612 0.688356817 0.123018309
vn -0.698962033 0.707240641 -0.106125243
vn -0.120679833 0.962245882 0.243965507
vn 0.202744499 0.307560652 -0.929677963
vn 0.0980088562 0.434233725 -0.895452559
vn 0.265004337 0.262507915 -0.927826643
vn -0.239997625 0.263398975 -0.934356511
vn -0.37319985 0.295452774 -0.879448414
vn -0.334235162 0.113311887 -0.935653389
vn -0.154927373 0.160534352 -0.974795401
vn -0.313534498 -0.252483934 -0.915394962
vn -0.596791208 -0.103246003 -0.795726478
vn -0.759234786 0.0150897177 -0.650641739
vn -0.723118067 0.0152858486 -0.690555394
vn -0.435563177 -0.177492335 -0.882485747
vn -0.485918581 -0.171782255 -0.856956184
vn -0.599607825 0.175330326 -0.780851901
vn -0.746990681 -0.0359369181 -0.663862467
vn -0.520829797 -0.128730744 -0.843898475
vn -0.545426071 0.223536029 -0.80780077
vn -0.51703918 0.586049736 -0.623871863
vn -0.417430013 0.677871585 -0.605179608
vn -0.299372464 0.656586707 -0.692293227
vn -0.0975360647 0.709703684 -0.697715878
vn -0.155517861 0.725039661 -0.670918465
vn -0.0514298566 0.805293143 -0.590641975
vn -0.214355364 0.823614955 -0.525081158
vn -0.107579671 0.796459913 -0.595044792
vn -0.718551338 0.673163891 -0.174740553
vn -0.702289164 0.706519544 -0.0872921646
vn -0.610257387 0.65407598 -0.446957052
vn -0.708481193 0.573021412 -0.411947548
vn -0.780123591 0.619689226 -0.0859792233
vn -0.44571659 0.625986159 -0.639904618
vn -0.497271806 0.54717505 -0.673290551
vn -0.245773733 0.812333226 -0.528876185
vn -0.311774224 0.728718698 -0.609726071
vn -0.519407451 0.786849856 -0.333291382
vn -0.608233273 0.793063939 0.0331952423
vn -0.701006055 0.713002622 -0.0147572728
vn -0.655232847 0.754092813 -0.0448763929
vn -0.568380892 0.817773163 0.0905000269
vn -0.587580144 0.802197158 0.105968647
vn -0.587170959 0.780554295 -0.214395374
vn -0.721823573 0.68533963 -0.0963352099
vn -0.449533254 0.888112843 -0.095788464
vn -0.57559067 0.80996424 -0.112487279
vn -0.467433661 0.88389194 0.0155162662
vn -0.684520125 0.724834561 -0.0777635053
vn -0.588666201 0.585164309 -0.557722867
vn -0.333842635 0.515366793 -0.789269388
vn -0.383281916 0.610885918 -0.692757785
vn -0.346692383 0.503540039 -0.791360736
vn -0.577436507 0.66094327 -0.479292333
vn -0.514977217 0.390773475 -0.762951314
vn -0.433986545 0.170149207 -0.88470608
vn -0.158281744 0.0943640545 -0.982874632
vn -0.907161951 -0.164239675 -0.38740477
vn -0.947013915 0.0658875033 -0.314361751
vn -0.711716115 -0.464888066 -0.526630163
vn -0.392028332 -0.229285136 -0.890922129
vn -0.340790898 -0.247665778 -0.906930625
vn -0.525305152 -0.0991820022 -0.845113873
vn -0.592167616 0.0611908399 -0.803488076
vn -0.807629287 -0.072911717 -0.58516562
vn -0.625273585 -0.412091225 -0.662732065
vn -0.260273546 -0.57231915 -0.777630091
vn -0.179705247 -0.488323897 -0.853958845
vn -0.456018031 -0.604926288 -0.652772427
vn -0.871445239 0.234614879 -0.430742621
vn -0.719536901 0.251389176 -0.647356272
vn -0.83504051 0.228881493 -0.500320613
vn -0.860999405 0.129792362 -0.491766125
vn -0.799454629 -0.032640826 -0.599838972
vn -0.812710583 0.107326992 -0.57269758
vn -0.852127433 0.0697820634 -0.518661082
vn -0.712243438 0.0803635046 -0.697317064
vn -0.669345975 -0.060323257 -0.740497828
vn -0.670079887 0.031395331 -0.741624773
vn -0.684459329 0.197218224 -0.70186919
vn -0.643600464 -0.10993018 -0.757425785
vn -0.662108243 0.272351325 -0.698167205
vn -0.703984678 0.486573994 -0.517350316
vn -0.850912929 0.219822645 -0.477100819
vn -0.812711775 0.274862617 -0.513760805
vn -0.791991293 0.435623378 -0.427764088
vn -0.853359103 0.349736691 -0.386603862
vn -0.664838493 0.362074256 -0.653369665
vn -0.646770358 0.516463935 -0.561206937
vn -0.750230968 0.558842599 -0.353339076
vn -0.848895133 0.471924156 -0.238043159
vn -0.617767632 0.644590735 -0.450406373
vn -0.769578457 0.541553378 -0.338332564
vn -0.794555902 0.592240393 -0.133911639
vn -0.680513561 0.66229111 -0.313483179
vn -0.708491027 0.667814314 -0.228176489
vn -0.735474229 0.676223516 -0.042421408
vn -0.569081664 0.74604845 -0.345771343
vn -0.647147059 0.75562942 -0.101118445
vn -0.551149666 0.757554948 -0.349777818
vn -0.49630487 0.737969577 -0.457254976
vn -0.532866001 0.70303458 -0.470952481
vn -0.239668861 0.72496742 -0.645740688
vn -0.111838199 0.749064028 -0.652989447
vn -0.671638668 0.724071681 -0.156913131
vn -0.603661358 0.79429549 -0.0684655532
vn -0.282848924 0.539311707 -0.793183088
vn -0.243381023 0.537245691 -0.80754739
vn -0.236006677 0.524730921 -0.81789875
vn -0.401486963 0.717166185 -0.569632292
vn -0.0564965792 0.703263521 -0.708680928
vn -0.0127278231 0.504737854 -0.863178849
vn -0.334894836 0.938363016 -0.0855582431
vn -0.220254555 0.96271801 -0.157041371
vn -0.253397971 0.92478615 -0.283830941
vn -0.350372642 0.910266638 -0.220576182
vn -0.466501415 0.872396767 -0.145946577
vn -0.508517623 0.860990882 -0.0102218343
vn -0.338693649 0.937376022 -0.0813187882
vn -0.0992104039 0.985083044 -0.140601143
vn -0.379763454 0.92323339 -0.0584778599
vn -0.253013164 0.963522732 0.0872257873
vn -0.34024635 0.924006999 0.174480721
vn -0.445669413 0.86542803 0.228938788
vn -0.281708628 0.954824924 -0.0946026295
vn -0.121532671 0.99236238 0.0211381204
vn -0.0791132823 0.353278667 -0.932166994
vn -0.0924428925 0.53241998 -0.841417372
vn -0.260129303 0.670340359 -0.694965184
vn -0.0724078938 0.686801493 -0.723229349
vn -0.410737544 0.733124495 -0.542054534
vn -0.471162677 0.408486903 -0.781757116
vn -0.259794652 0.718974888 -0.64465636
vn -0.37650004 0.298365891 -0.877054989
vn -0.297986746 -0.364564538 -0.882211149
vn -0.406420678 -0.373907834 -0.833675683
vn -0.273744613 -0.665678382 -0.694216251
vn -0.0912633538 -0.67679733 -0.730490446
vn -0.176506355 -0.73345083 -0.656426311
vn -0.22626321 -0.485281408 -0.844575047
vn -0.417538166 -0.470344394 -0.777456105
vn -0.350044668 -0.655755222 -0.668919921
vn -0.329968125 -0.555067718 -0.763557971
vn -0.3772358 -0.531481028 -0.758433282
vn -0.403722227 -0.403372288 -0.821157098
vn -0.436484456 -0.417747527 -0.796848953
vn -0.554250181 -0.263027877 -0.789698064
vn -0.432430983 -0.247620463 -0.866999149
vn -0.477831066 -0.0732837766 -0.875389636
vn -0.485744715 0.0851129666 -0.869947016
vn -0.497577637 0.260870695 -0.827262342
vn -0.269055963 0.136884347 -0.953347564
vn -0.273988158 0.303839743 -0.912475646
vn -0.488968104 0.432496756 -0.757533371
vn -0.282929093 0.48119393 -0.829700887
vn -0.466243863 0.57319814 -0.673840165
vn -0.434036076 0.716950297 -0.545522571
vn -0.398904204 0.839591622 -0.368729293
vn -0.464833766 0.841432035 -0.275538713
vn -0.587362885 0.73011148 -0.349202037
vn -0.457392067 0.888155937 -0.0444012433
vn -0.383294582 0.893269122 -0.234852254
vn -0.498898089 0.849865496 -0.169791982
vn -0.347063571 0.914545417 -0.207734346
vn -0.494958758 0.798836172 -0.341872245
vn -0.360734969 0.833267689 -0.418969214
vn -0.522927344 0.745982945 -0.412378907
vn -0.713743865 0.575821877 -0.39874655
vn -0.462448597 0.748261511 -0.475653201
vn -0.442892253 0.824814022 -0.35146603
vn 0.0483386591 0.771306634 -0.634625494
vn -0.331479967 0.828014553 -0.452231258
vn -0.540255904 0.670907557 -0.507943571
vn 0.146094024 0.697953105 -0.701083422
vn -0.0487152413 0.869654119 -0.491252095
vn 0.225451946 0.848200619 -0.479298681
vn 0.0608030409 0.877388 -0.475913107
vn -0.0662737414 0.725068808 -0.685480177
vn -0.58180964 0.716911197 -0.384103924
vn -0.612807274 0.768673718 -0.183324918
vn -0.225858629 0.866153002 -0.44583261
vn 0.128172591 0.893286526 -0.430825919
vn -0.713146031 0.641281366 -0.283162445
vn -0.643765152 0.758736491 -0.0994252414
vn -0.572706223 0.728351295 -0.376180798
vn -0.489097536 0.859176576 -0.150330678
vn -0.637806535 0.57255137 -0.515157998
vn -0.172328144 0.949902177 -0.260746628
vn -0.165647164 0.92944479 -0.329686821
vn -0.0608124174 0.972066641 -0.226690024
vn -0.16714175 0.971675396 -0.167064533
vn 0.0896100998 0.953011632 -0.289376557
vn -0.193666711 -0.656360269 -0.729166865
vn -0.210671112 -0.559773266 -0.801418483
vn -0.0130678872 -0.589870095 -0.807392418
vn -0.0309622288 -0.679666519 -0.732867539
vn -0.211548582 -0.538347542 -0.81573838
vn -0.0286640674 -0.54183346 -0.839996934
vn -0.224378377 -0.392545909 -0.891942859
vn -0.237355217 -0.23131521 -0.943480611
vn -0.0203912165 -0.39007163 -0.920558631
vn -0.0231374521 -0.221112728 -0.974973798
vn -0.259897321 -0.0402251482 -0.964798033
vn -0.0332588106 -0.0253912024 -0.999124169
vn -0.0426122844 0.151771635 -0.987496614
vn -0.0471187942 0.322514862 -0.945390821
vn 0.174709916 0.169575781 -0.969907463
vn 0.16652675 0.33176288 -0.928548515
vn -0.0637461692 0.505956888 -0.860200107
vn 0.159097552 0.512606382 -0.843755066
vn -0.0665718615 0.668616176 -0.740621746
vn -0.270000935 0.630587339 -0.727639377
vn -0.239659905 0.757273018 -0.607536495
vn -0.224066138 0.874361634 -0.430448681
vn -0.0580229871 0.793264091 -0.606106758
vn -0.0326620191 0.897153378 -0.440509915
vn 0.136378497 0.682631075 -0.717924714
vn 0.13716723 0.807497382 -0.573701262
vn 0.138052523 0.904121876 -0.404357761
vn -0.201474294 0.956727862 -0.209952176
vn -0.151240528 0.986091256 -0.0689224228
vn -0.305135339 0.94875437 -0.0822039321
vn -0.0248394497 0.971651673 -0.235108495
vn -0.0137294829 0.998094201 -0.0601631403
vn -0.257755756 0.940354824 -0.222024009
vn -0.245435372 0.798972666 -0.549002886
vn -0.0863722041 0.956170321 -0.279782385
vn -0.165839702 0.74584347 -0.645147026
vn -0.321810484 0.58264935 -0.746295989
vn -0.466109782 0.604635417 -0.645877481
vn 0.0158718061 0.951737285 -0.306503206
vn -0.458955795 0.644651592 -0.61137861
vn -0.394390047 0.807411969 -0.43879661
vn -0.294543475 0.955443323 -0.0192926135
vn -0.499658436 0.863148212 0.0729164109
vn -0.500985563 0.86457783 -0.0389699563
vn -0.295500487 0.932721913 -0.20666191
vn -0.151154146 0.984546483 -0.0884350091
vn -0.32715565 0.910562932 0.252674848
vn -0.342666715 0.92719388 0.151298076
vn -0.171303332 0.967348039 -0.186796471
vn -0.270869434 0.897944391 -0.34687978
vn -0.0264770966 0.99964726 -0.00207354152
vn -0.158234075 0.965727031 0.205750287
vn -0.214392394 0.83855015 -0.500868857
vn -0.108740658 0.962503552 -0.248520702
vn -0.259900659 0.674593449 -0.690923572
vn -0.0810545906 0.92915827 -0.360686898
vn -0.141788974 0.908662558 -0.392718971
vn 0.0302072428 0.982996285 -0.181123823
vn 0.0460655242 0.954085708 -0.295970291
vn -0.132630974 0.903847992 0.406777471
vn -0.126156121 0.965261221 0.228813007
vn 0.0761661679 0.979963899 0.184036598
vn 0.179735944 0.968529344 -0.172180116
vn 0.150974616 0.971039593 -0.185172364
vn 0.0529292636 0.994554877 -0.0897730365
vn -0.0329626612 0.998967588 -0.0312584303
vn -0.999500275 0.0200121142 0.0244656671
vn -0.961546242 0.274256706 -0.0145601584
vn -0.953383386 0.291658938 0.0774281546
vn -0.857209325 0.145545051 0.49397251
vn -0.908387721 0.297818244 0.293489516
vn -0.739017189 0.103029281 0.66576153
vn -0.620160103 0.101887353 0.777830541
vn -0.770133495 0.636388063 -0.0436422303
vn -0.809429228 0.584860206 -0.0525629446
vn -0.893090129 0.449085295 -0.0266918354
vn -0.679766297 0.731430292 -0.0541072674
vn -0.703390837 0.707562745 -0.0677967668
vn -0.696078837 0.712673008 0.0870139524
vn -0.794626832 0.600283444 0.0907073393
vn -0.88128227 0.46569854 0.0804137215
vn -0.826098204 0.291280568 0.482407868
vn -0.835698187 0.465305388 0.291718036
vn -0.752120972 0.590951443 0.291702628
vn -0.666654825 0.577741265 0.47094214
vn -0.752786994 0.452182412 0.478375286
vn -0.711453497 0.270508319 0.648582458
vn -0.579621017 0.262260407 0.77153033
vn -0.651401222 0.708042443 0.272676021
vn -0.550837457 0.709186673 0.440036803
vn -0.581424832 0.810984015 -0.0651932657
vn -0.568504274 0.819246173 -0.0750917643
vn -0.564749956 0.81891346 0.102168083
vn -0.521461129 0.802966475 0.288657397
vn -0.434152365 0.899754822 -0.0441922881
vn -0.42204985 0.90013361 0.107857943
vn -0.375415981 0.887207925 0.268188417
vn -0.419998825 0.804259896 0.420436889
vn -0.293467343 0.875730336 0.383371085
vn -0.554601312 0.571042061 0.605250657
vn -0.629477561 0.447506458 0.635213375
vn -0.429348409 0.685208797 0.588344038
vn -0.335891426 0.683170438 0.648425043
vn -0.444195539 0.560624361 0.698849499
vn -0.513159156 0.418669164 0.749255538
vn -0.909820259 0.238310412 0.33975774
vn -0.870488942 0.385022283 0.306605279
vn -0.788398445 0.404856741 0.463161796
vn -0.830764174 0.251480281 0.496576726
vn -0.855455101 0.0749288201 0.512427747
vn -0.952240944 0.233983487 0.19618617
vn -0.913522005 0.369101495 0.171001941
vn -0.660561681 0.449062467 0.601665318
vn -0.614976346 0.575018108 0.539590716
vn -0.841255426 0.51683265 0.158660829
vn -0.890163958 0.383606404 0.24587436
vn -0.687393963 0.28768599 0.666878045
vn -0.921169221 0.235742182 0.309633523
vn -0.531689882 0.723577619 0.440160513
vn -0.761391401 0.64326793 0.0805567428
vn -0.857839823 0.499587566 0.120512269
vn -0.781510234 0.622331023 0.0441117398
vn -0.732959569 0.654189408 0.186565563
vn -0.809437215 0.519789577 0.273185045
vn -0.726255834 0.54295516 0.42160666
vn -0.674664557 0.41800788 0.608356059
vn -0.719185352 0.24566555 0.64993906
vn -0.74255693 0.0623014905 0.666879117
vn -0.619873643 0.549229741 0.560449243
vn -0.25437054 0.966439247 -0.0359281935
vn -0.0618287697 0.998086691 -0.000240531153
vn -0.125602022 0.989475429 -0.0718501806
vn -0.270837545 0.955531299 -0.116649173
vn -0.462400824 0.882577598 -0.085101895
vn -0.390677303 0.919884145 -0.0344170332
vn -0.119329967 0.989655077 -0.0796446055
vn -0.253896654 0.967044532 -0.0190058183
vn -0.27055797 0.947193086 0.172115505
vn -0.32262522 0.785565972 0.528014302
vn -0.183575481 0.86198312 0.472530603
vn -0.233778387 0.76697284 0.597578645
vn -0.455711156 0.812391996 0.363794416
vn -0.686739147 0.726903737 -0.000568973948
vn -0.101266861 0.849500597 0.51777786
vn -0.470265985 0.773557127 0.424804896
vn -0.103789337 0.993965387 0.03550319
vn -0.706868291 0.707056344 -0.0202127229
vn -0.648286521 0.751888752 0.119949691
vn -0.610771358 0.791795611 -0.00424195547
vn -0.649843156 0.756684661 -0.0716394782
vn -0.610920608 0.791199863 0.0279081929
vn -0.514123678 0.842042744 0.163220465
vn -0.580833673 0.77087301 0.26150921
vn -0.650462091 0.684372783 0.329443365
vn -0.554705143 0.692304015 0.461537808
vn -0.468724877 0.80382812 0.366274804
vn -0.424911976 0.700582743 0.573265851
vn -0.500253379 0.552122116 0.667014003
vn -0.343231112 0.821397424 0.455520332
vn -0.276832223 0.703234851 0.654847026
vn -0.358008772 0.559245408 0.747712791
vn -0.412564605 0.424363434 0.806043386
vn -0.551040173 0.419887632 0.721144199
vn -0.114146069 0.992325604 -0.047544416
vn -0.582788169 0.772293568 -0.25282532
vn -0.573006034 0.807565153 -0.139652044
vn -0.115961619 0.985650599 -0.122661442
vn -0.940320551 0.0879964009 -0.328715324
vn -0.975467145 0.111889549 -0.189590976
vn -0.973126709 0.218125552 -0.0737959445
vn -0.901013196 0.204536512 -0.38254413
vn -0.92596221 0.0119439494 -0.37742728
vn -0.96818316 0.000981349498 -0.250240892
vn -0.995985508 -0.0138647174 -0.0884345546
vn -0.999331236 0.028117612 -0.0233794004
vn -0.430145562 0.901235878 -0.052428294
vn -0.0271055046 0.998724997 -0.0425867029
vn -0.924705267 0.362043709 -0.117662393
vn -0.405177653 0.914234579 -0.00249678851
vn -0.0629286245 0.995057404 0.0768165961
vn -0.912072122 0.393254131 -0.116084419
vn -0.859272003 0.510506094 0.0321713053
vn -0.363619119 0.917059183 0.163657069
vn -0.0902671367 0.969856203 0.226342231
vn -0.142074406 0.970605612 0.194266945
vn -0.770742595 0.59064281 0.238949791
vn -0.827283025 0.559181035 0.0540304706
vn -0.687636793 0.640398562 0.34211868
vn -0.96142441 0.0783867091 0.263663769
vn -0.910555899 0.185119674 0.369619429
vn -0.936752617 0.252384841 0.242479831
vn -0.811160862 0.309290707 0.49634397
vn -0.70999527 0.68184185 0.176063702
vn -0.953203142 0.0520728715 0.297812343
vn -0.883482456 0.0992225632 0.457835704
vn -0.798596084 0.142809868 0.584679186
vn -0.567797601 0.773863614 0.280608118
vn -0.984256446 0.174337149 -0.0290817041
vn -0.958575249 0.222720996 -0.177563399
vn -0.983847618 0.176401466 0.0304365251
vn -0.928578138 0.371136725 0.000255564315
vn -0.937937856 0.337444037 0.080026105
vn -0.897611618 0.415871203 -0.146097913
vn -0.971798241 0.216318011 -0.0938860923
vn -0.98531878 0.0983988792 -0.139515191
vn -0.99126476 0.0742993504 -0.108966559
vn -0.975839019 0.205921039 -0.073039338
vn -0.926103055 0.375623584 -0.0352139659
vn -0.941067994 0.333209902 0.0579836369
vn -0.987072468 0.156382397 0.0351058543
vn -0.927689135 0.373352945 0.000588278577
vn -0.99581337 0.0871588662 0.0275526699
vn -0.840065956 0.541694224 0.029266648
vn -0.858186185 0.474272937 0.196422085
vn -0.848549068 0.527079046 0.0463914573
vn -0.85992384 0.39186728 0.327064216
vn -0.939721167 0.27197209 0.207256481
vn -0.986926734 0.0735182837 0.143424705
vn -0.743127286 0.663389981 0.0876110271
vn -0.736341059 0.661606193 0.141701147
vn -0.749075532 0.588577509 0.304076195
vn -0.451635987 0.254446417 0.855150223
vn -0.263999552 0.236775622 0.935008883
vn -0.0817274004 0.218496263 0.972409427
vn -0.207222834 0.821050465 0.531916261
vn -0.061319381 0.813225567 0.578709006
vn -0.126853436 0.699584544 0.703199565
vn -0.203421846 0.562272787 0.801541567
vn -0.238682225 0.409684271 0.88044852
vn -0.890536666 0.187950641 -0.414269298
vn -0.878953159 0.0619936399 -0.472861618
vn -0.702234805 0.379262745 0.602516532
vn -0.569871783 0.432908237 0.698453009
vn -0.45595637 0.809186637 0.370568335
vn -0.379420638 0.881136417 0.282203317
vn -0.697284698 0.186417758 0.692129016
vn -0.788667917 0.289894104 0.542184889
vn -0.67611891 0.335329741 0.656061947
vn -0.541189909 0.378267676 0.751017392
vn -0.566954732 0.241396978 0.787584841
vn -0.275019556 0.892849207 0.356629521
vn -0.324317992 0.836252928 0.44215256
vn -0.15016602 0.894759178 0.420542687
vn -0.155180782 0.855652452 0.4937388
vn -0.0205524005 0.896143317 0.443288714
vn -0.533671737 0.527212203 0.661242604
vn -0.374774545 0.558151603 0.740277648
vn -0.399736524 0.401893705 0.823827684
vn -0.661387205 0.503454089 0.555968523
vn -0.404716104 0.28045696 0.870372772
vn -0.751275063 0.604911447 -0.263946772
vn -0.635645151 0.741664767 -0.214216128
vn -0.689888895 0.722803235 -0.0401092432
vn -0.805668414 0.582654536 -0.106827706
vn -0.674091637 0.596187055 -0.436074913
vn -0.554437459 0.739260793 -0.382220656
vn -0.847499549 0.441847563 -0.294134706
vn -0.765699863 0.445049375 -0.464364946
vn -0.844354093 0.274691582 -0.460011631
vn -0.840142071 0.521461844 0.149126798
vn -0.832572758 0.551255941 0.0542178378
vn -0.711631298 0.688138187 0.141586185
vn -0.718134344 0.672066331 0.180582345
vn -0.613363743 0.776803672 0.14269121
vn -0.620525241 0.74476701 0.245500579
vn -0.568883181 0.794061661 0.214098185
vn -0.407852471 0.878853679 0.247532621
vn -0.440343708 0.878750145 0.184107929
vn -0.47149089 0.81434989 0.33842358
vn -0.645160794 0.642241538 0.413875967
vn -0.779788435 0.450208485 0.43501994
vn -0.507727861 0.692044556 0.513114691
vn 0.0760612786 0.204253301 0.975958645
vn 0.266159296 0.163983077 0.949878275
vn 0.119378775 0.883542836 0.452880472
vn 0.0775221214 0.790593445 0.607414424
vn 0.0297097769 0.685247421 0.727704167
vn -0.0395795219 0.529905438 0.847132683
vn 0.205723733 0.760917664 0.615371287
vn 0.189173996 0.646463811 0.739119589
vn 0.144499257 0.497385591 0.855410755
vn -0.0598333776 0.371805817 0.926380277
vn 0.0932812691 0.34323293 0.934606671
vn -0.193902045 0.510134459 0.837952673
vn -0.387256682 0.493790299 0.778590679
vn -0.230519161 0.26710394 0.935690403
vn -0.0208608098 0.519948483 0.853942811
vn 0.0176443569 0.864195228 0.502847254
vn -0.0357897915 0.260467768 0.964818954
vn 0.162390709 0.863075614 0.47825706
vn 0.0642573386 0.564584672 0.822870076
vn 0.0226212256 0.278319746 0.960222006
vn -0.222211465 0.409190297 0.884977639
vn -0.0305550136 0.390804917 0.91996634
vn -0.203615651 0.577702463 0.790443242
vn -0.169202879 0.722025454 0.67085743
vn -0.0126611879 0.719212294 0.694675028
vn -0.0375434384 0.564980626 0.824249566
vn -0.339858025 0.725978971 0.597872078
vn -0.383764029 0.858219326 -0.340858936
vn -0.333430946 0.846902609 0.414221793
vn -0.280165613 0.926827252 0.249996752
vn -0.102909863 0.952856243 0.285437733
vn -0.161942393 0.85508281 0.492552578
vn -0.259574413 0.929424524 0.262280822
vn -0.0765621066 0.962590635 0.259918362
vn -0.0810421556 0.967722535 0.238631845
vn 0.0140382415 0.947816432 0.318507463
vn 0.0175583698 0.848969221 0.528150499
vn -0.473293602 0.865731239 -0.162795737
vn -0.533673167 0.844743669 0.0400117189
vn -0.217750251 0.936507046 -0.274844348
vn -0.275722951 0.956963718 -0.0905396938
vn -0.0329897888 0.973673105 -0.225549251
vn -0.0841918141 0.995966971 -0.0310093071
vn -0.356970429 0.929593742 0.0918016881
vn -0.179064795 0.972299874 0.150228649
vn -0.58120811 0.789315641 0.19793427
vn -0.409717172 0.87207818 0.26760304
vn -0.209053621 0.924960673 0.317402542
vn -0.0343911089 0.938854098 0.342593133
vn 0.0412237234 0.97382617 0.22352466
vn -0.0828771144 0.963737667 0.253655255
vn 0.434386373 0.0898500681 0.896234095
vn 0.269057214 0.323536694 0.907156229
vn 0.32006672 0.462951601 0.826579154
vn 0.474040866 0.396654874 0.786098063
vn 0.463566422 0.25013262 0.850023448
vn 0.32728225 0.582085848 0.744353771
vn 0.478207827 0.515511394 0.711031199
vn 0.28510946 0.842874646 0.456371456
vn 0.394611448 0.766161442 0.507226169
vn 0.370310098 0.699446917 0.611264646
vn -0.158021554 0.538146436 0.827905595
vn 0.194906533 0.836006403 0.512937307
vn -0.322769135 0.239323363 0.915720701
vn 0.0506486073 0.675810933 0.735332727
vn -0.0243551824 0.364838183 0.930752277
vn -0.383501023 0.300687432 0.873220563
vn -0.0428872183 0.547144532 0.835938811
vn -0.417178214 0.457903743 0.785039127
vn -0.112009279 0.714735448 0.69036746
vn -0.502865076 0.564977705 0.654161215
vn -0.625178635 0.234366521 0.744462252
vn -0.613061845 0.116026007 0.78146863
vn -0.468090653 0.262697846 0.84373039
vn -0.293270767 0.884847641 0.361990333
vn -0.187078163 0.828749478 0.527423978
vn -0.424073637 0.87726438 0.224874824
vn -0.565658271 0.661592841 0.492265821
vn -0.640091002 0.695664287 0.326089919
vn -0.630887151 0.600698233 0.491063237
vn -0.645610929 0.498170227 0.578802943
vn -0.613032579 0.703616679 0.35932526
vn 0.255591005 0.902910113 -0.345581442
vn 0.186894 0.968730271 -0.163193554
vn 0.313834161 0.841140985 -0.440442801
vn 0.107426979 0.993741155 0.0306261722
vn -0.0317143835 0.988109231 0.150446892
vn -0.425505042 0.904727221 -0.0203505699
vn -0.442225397 0.888686299 0.121133506
vn -0.0144001665 0.998200774 -0.0582056791
vn -0.399123967 0.89451468 -0.201354265
vn 0.528634965 0.330652297 0.78180176
vn 0.616448879 0.16789414 0.769286931
vn 0.51531744 0.608013928 0.603959441
vn 0.497565687 0.476102561 0.725089431
vn 0.457107335 0.599849403 0.656683803
vn -0.495706558 0.0473280847 0.86719954
vn -0.0399042293 0.424479097 0.904558003
vn -0.592063725 0.0577864312 0.803816736
vn 0.45742923 0.624813259 0.632745445
vn -0.475731879 0.0191787779 0.87938118
vn -0.432407767 -0.100627102 0.896045566
vn -0.167739034 0.0961856768 0.981127918
vn -0.601218522 0.222952455 0.767351627
vn -0.467632562 0.225843459 0.854584455
vn -0.342977703 0.200596154 0.917675078
vn -0.360717446 0.0023382667 0.932672143
vn -0.357864916 -0.167186812 0.918684542
vn -0.635262787 0.36692372 0.679564774
vn -0.587098718 0.362046987 0.724042237
vn -0.471977174 0.383216411 0.793966413
vn 0.255547762 0.936066866 -0.241814256
vn 0.277360857 0.941807628 -0.189919293
vn -0.0528452024 0.804227173 -0.59196794
vn 0.130186543 0.845723629 -0.517496884
vn -0.246502832 0.68184799 -0.688708782
vn -0.570425272 0.504710913 0.647982955
vn -0.546816468 0.642783821 0.536489248
vn -0.418552697 0.673582852 0.609179497
vn -0.448823661 0.525099933 0.723068178
vn -0.475406647 0.756560683 0.449003786
vn -0.363504559 0.779243708 0.510532856
vn -0.343900263 0.515239894 0.785022676
vn -0.368422896 0.352396607 0.860279679
vn -0.290959626 0.670656741 0.682321131
vn 0.0425493717 0.891821623 -0.450381845
vn -0.324210584 0.772095621 -0.546585679
vn 0.0405057333 0.966373384 -0.253932804
vn -0.3267968 0.871533513 -0.365558773
vn -0.626824737 0.756588399 0.186185136
vn -0.602443397 0.797415614 0.0345016755
vn -0.551872313 0.801239908 0.231195986
vn -0.485939205 0.868874729 0.0944438949
vn -0.441755533 0.848727882 0.290711164
vn -0.35042575 0.91903919 0.180468261
vn -0.406967729 0.911381423 -0.0613288283
vn -0.267652422 0.963009298 0.0312285945
vn -0.534071565 0.840980709 -0.0867119208
vn -0.312313855 0.874348581 0.371449232
vn -0.220450893 -0.0169868506 0.975250125
vn -0.391130686 -0.0767996833 0.917125225
vn -0.191932067 0.275557905 0.941928804
vn 0.0072699436 0.408493847 0.912732124
vn -0.34783417 -0.214348674 0.912724555
vn 0.274478376 0.494739145 0.824557424
vn -0.58086729 -0.0661662519 0.811304569
vn -0.717040777 -0.13704963 0.683425009
vn -0.569347262 -0.120305829 0.813246787
vn -0.237054318 -0.0319327042 0.970971406
vn -0.410815686 0.0124397203 0.911633492
vn -0.233529449 0.158142045 0.959403396
vn -0.259236127 0.318992853 0.91161406
vn -0.197087705 0.501064599 0.842668772
vn -0.0683266222 0.445167989 0.892836452
vn -0.135093108 0.272552192 0.952609718
vn -0.247789696 0.0991168916 0.963730335
vn -0.157961592 0.653558552 0.740209103
vn -0.0782069713 0.582919717 0.808757186
vn -0.187308729 0.93776989 -0.292409211
vn -0.301720291 0.938722134 -0.166629761
vn -0.448596388 0.858884931 -0.247139528
vn -0.337818116 0.859904528 -0.382678688
vn -0.0425419696 0.980549693 -0.191605151
vn -0.157993749 0.981425643 -0.10881938
vn -0.256457806 0.846226156 -0.467044681
vn -0.0945369303 0.931020677 -0.352509916
vn 0.0712612197 0.953227997 -0.29373157
vn -0.258188248 0.895494759 -0.362529933
vn -0.0997635052 0.971858144 -0.213398665
vn -0.400998741 0.760434031 -0.510822892
vn -0.225979939 0.94823575 0.223118827
vn -0.254158646 0.777977824 0.574590206
vn -0.187942192 0.877455294 0.441304743
vn -0.141217336 0.756398082 0.638686001
vn -0.0422424823 0.854067624 0.518443882
vn -0.0114857201 0.999877453 -0.0106313666
vn -0.117093273 0.986352623 0.115748279
vn 0.00728308596 0.982081711 0.188314527
vn -0.0873984247 0.946502805 0.310634673
vn 0.0829751492 0.466521055 0.880609632
vn -0.195992976 0.552627981 0.810054958
vn -0.107573316 0.483104408 0.868929327
vn -0.157111511 0.527770996 0.834729791
vn -0.542089403 -0.113851964 0.832572341
vn -0.459471077 -0.196106717 0.866272688
vn -0.423170239 -0.149746373 0.893589914
vn -0.616354883 -0.515494645 0.595291376
vn -0.526419044 -0.559730887 0.639987648
vn -0.624529839 -0.467415512 0.625687778
vn -0.714195609 -0.297957182 0.633360922
vn -0.590054274 -0.315031469 0.743364692
vn -0.569845915 -0.471021146 0.673360825
vn -0.679802299 -0.447642297 0.580934942
vn -0.730839729 -0.145082161 0.666951537
vn -0.621826947 -0.164701745 0.765639961
vn -0.77612114 -0.274027109 0.567930579
vn -0.806624651 -0.138794675 0.574536979
vn -0.677441478 -0.379735291 0.629979432
vn -0.45091638 -0.335801363 0.826989651
vn -0.424691319 -0.491411448 0.760363102
vn -0.395297617 -0.606069207 0.69023186
vn -0.469233274 -0.186813161 0.863088071
vn -0.784842491 0.0253230613 0.619177759
vn -0.737911463 0.0151398275 0.674727798
vn -0.629202724 0.0102686789 0.777173519
vn -0.71560812 0.217575595 0.663751304
vn -0.625276387 0.19509238 0.755624592
vn -0.696509957 0.189094976 0.692182779
vn -0.47954163 0.196826905 0.855160236
vn -0.477891684 0.000611509895 0.878418565
vn -0.495231152 0.268997699 0.826066792
vn -0.642774463 0.401558101 0.652374208
vn -0.608071387 0.366217792 0.704367578
vn -0.468151629 0.364365339 0.805029094
vn -0.447273344 0.508055329 0.736088634
vn -0.567264259 0.539101362 0.622560024
vn -0.445309609 0.525984108 0.72459656
vn -0.212523222 0.530327797 0.820722938
vn 0.0152074406 0.49209848 0.870406687
vn -0.160580829 0.758501947 0.63157624
vn -0.395094544 0.702779293 0.591609359
vn -0.229981989 0.30726108 0.923417032
vn -0.0634027943 0.378175348 0.923560143
vn 0.045169659 0.504978776 0.861948967
vn 0.0910658166 0.625545919 0.774854422
vn 0.136948675 0.541432321 0.829515576
vn -0.0011006206 0.703983128 0.710215807
vn 0.0547728911 0.786544144 0.615100205
vn 0.164663926 0.704585195 0.690250337
vn 0.2708323 0.607216477 0.746952534
vn 0.034438476 0.992653668 -0.115986496
vn -0.337684602 0.936819851 0.0913106278
vn -0.27964741 0.932102263 0.230179563
vn 0.0268128067 0.92013377 0.39068535
vn 0.129368722 0.850919127 0.509117305
vn 0.110716015 0.946700335 0.302490473
vn 0.242883012 0.892660499 0.379690677
vn 0.316041082 0.817911923 0.480768323
vn 0.260433853 0.770719647 0.581519961
vn 0.308698535 0.67702198 0.668091774
vn 0.0920872167 0.98973453 -0.109296098
vn 0.218199119 0.960682034 -0.171694964
vn 0.317806393 0.946627975 -0.0538012013
vn 0.226247668 0.973468006 -0.0342367664
vn 0.101846427 0.991346538 0.0828213319
vn 0.227623001 0.957633197 0.176426843
vn 0.329779118 0.901176453 0.281294852
vn -0.362284243 -0.359155148 0.860091686
vn -0.14227137 0.340892881 0.92927438
vn -0.263911068 -0.512635112 0.817041099
vn -0.230749696 -0.633833766 0.738247395
vn -0.229763627 -0.405509949 0.884743214
vn -0.179563954 0.28240478 0.942339838
vn -0.123104669 0.597626269 0.79226774
vn -0.170523971 0.266086012 0.948746562
vn -0.310514778 0.287766188 0.905964196
vn -0.288287312 -0.345865965 0.892898202
vn -0.29150942 -0.17669262 0.940107465
vn -0.133152485 -0.328602821 0.93503499
vn -0.106968723 -0.513730407 0.851257145
vn -0.0796830058 -0.645717263 0.759407461
vn -0.303996474 0.0121080913 0.952596188
vn -0.310294926 0.359075606 0.880216956
vn -0.291396528 0.522757292 0.801132321
vn -0.311512709 0.198851317 0.929202795
vn -0.143653601 0.554149687 0.819927931
vn -0.163702339 0.384245813 0.908601463
vn -0.175848976 0.212572917 0.961191833
vn 0.0203952119 0.709234893 0.704677045
vn 0.166512251 0.665226221 0.727837741
vn 0.397608936 0.841866493 0.364921957
vn 0.416052848 0.725778341 0.547855616
vn 0.480447054 0.633672059 0.606325209
vn 0.346791327 0.642952859 0.682896435
vn -0.50546962 0.816629052 0.278599143
vn -0.400529265 0.816071808 0.416657001
vn -0.311446309 0.877881706 0.363764822
vn -0.213815436 0.929747045 0.299755603
vn -0.272598207 0.941564322 0.197855458
vn -0.240829185 0.894668937 0.376256436
vn -0.329354256 0.833559275 0.443514228
vn 0.0723175704 0.996582747 0.0399139486
vn -0.250512302 0.900627911 0.355124056
vn -0.0529227741 0.996932328 0.0576637611
vn 0.339780807 0.93749702 0.0751552284
vn 0.345895469 0.91019094 0.227835104
vn -0.129989669 -0.416626871 0.899735987
vn -0.165122807 -0.336384654 0.927135289
vn -0.32536146 -0.104071647 0.939845204
vn -0.453321308 0.239934549 0.858447015
vn 0.051395148 -0.611508906 0.789566576
vn -0.0508376732 -0.487516463 0.871632576
vn -0.368903309 -0.33284995 0.867825568
vn -0.398770064 0.0458489992 0.915903986
vn -0.380518377 0.20950973 0.900728226
vn 0.0599986836 -0.504702508 0.861205816
vn 0.048254557 -0.485440522 0.872936964
vn -0.300390244 -0.425702691 0.853547335
vn -0.144496754 -0.164034322 0.975814223
vn 0.0169094577 -0.138201118 0.990259826
vn 0.0206870902 -0.317857742 0.947912753
vn -0.149736211 0.0173751283 0.988573372
vn 0.0100802071 0.0293407738 0.999518633
vn 0.0568882525 -0.122067571 0.990890086
vn 0.0457813703 -0.297858506 0.953511596
vn 0.0414660797 0.0465317108 0.998055816
vn -0.306773335 0.0456437431 0.950687528
vn -0.280877024 -0.115589395 0.952757657
vn -0.2811611 -0.285813838 0.916110754
vn 0.047724884 0.247337744 0.967753291
vn -0.00649576914 0.223174214 0.974756896
vn -0.277513802 0.211580157 0.937133908
vn -0.00555534568 0.417955518 0.908450544
vn -0.0256211404 0.439684391 0.897786796
vn -0.353052169 0.360606462 0.863317549
vn -0.140527815 0.729309142 0.66959697
vn 0.00614051055 0.724112332 0.689654648
vn 0.00113633054 0.86990279 0.493221849
vn -0.151399836 0.847081125 0.509442389
vn -0.458236337 0.648591757 0.607740343
vn -0.410498142 0.519100964 0.749683619
vn -0.0823155865 0.594132662 0.800144076
vn -0.489891976 0.735047042 0.468734264
vn 0.0136075318 0.582678795 0.812588573
vn -0.106211402 0.705652714 0.700552225
vn -0.0984028727 0.823861539 0.55818367
vn 0.514295995 0.62750715 0.584580421
vn 0.583064377 0.620690763 0.524193585
vn 0.528498411 0.672031581 0.518712819
vn 0.451745212 0.704896569 0.546851873
vn -0.0806716532 0.565715313 0.820645094
vn 0.0400034189 0.446003705 0.894136608
vn 0.0498708673 0.510606289 0.858367145
vn 0.408714414 0.745263815 0.526815295
vn 0.433776051 0.792376518 0.428926349
vn -0.466772586 0.865254879 0.182913512
vn -0.515006423 0.841796398 0.161701187
vn -0.592271924 0.80235672 -0.0737408102
vn -0.716351092 0.697085381 0.0302175488
vn -0.498693287 0.861285388 0.0974289849
vn -0.664874434 0.724937737 0.180020273
vn -0.659647524 0.721733809 0.209679618
vn 0.152715504 0.977604866 0.144798562
vn -0.0823570192 0.94220233 0.324764431
vn 0.477834016 0.767759204 0.426872849
vn 0.363029033 0.79743588 0.481981307
vn 0.375171393 0.850060046 0.369654447
vn 0.449657112 0.708143771 0.544372022
vn 0.237609491 0.920902014 0.309000522
vn -0.227469429 0.685171425 0.69195205
vn -0.19697845 0.82524693 0.529307902
vn -0.12210352 0.969373405 0.21308662
vn -0.0692615286 0.996778727 0.0404367521
vn -0.522194803 0.829230428 0.199222013
vn -0.617417812 0.786604464 -0.00697157299
vn -0.496149123 0.859022915 0.126157328
vn -0.363833547 0.860327303 0.357018411
vn -0.552418649 0.716506183 0.425972432
vn -0.646244526 0.601295054 0.469906598
vn -0.539101601 0.822282493 0.182266235
vn -0.560486197 0.488272429 0.668913484
vn -0.444609761 0.62076664 0.64573276
vn -0.203508362 0.141525358 0.968790472
vn -0.335294604 -0.0757473707 0.939063251
vn -0.271182358 -0.255277932 0.928058863
vn -0.114250988 0.0580313131 0.991755545
vn -0.118009321 -0.0146571146 0.992904305
vn -0.491274059 -0.119656473 0.862746835
vn -0.487805694 -0.266731143 0.831203997
vn -0.482631683 -0.40800339 0.774983823
vn -0.482009798 -0.391720653 0.783722818
vn -0.371448815 -0.489918381 0.788673401
vn -0.392496735 -0.406166166 0.82521224
vn -0.514559984 0.206628144 0.832185566
vn -0.505598426 0.0299769845 0.862248003
vn -0.508805156 0.342136174 0.789974809
vn -0.416201025 0.363152534 0.833604813
vn -0.424966514 0.214113683 0.879521906
vn -0.408762664 0.035717342 0.911941469
vn -0.413384169 -0.10073787 0.90496701
vn -0.533461332 0.603915215 0.592203796
vn -0.526253045 0.48442775 0.698847234
vn -0.5497998 0.69429493 0.464407921
vn -0.430401683 0.661664128 0.613966525
vn -0.398357868 0.522947967 0.753549278
vn -0.0920848101 0.981634319 0.167076051
vn 0.0961949825 0.948239863 0.302634686
vn -0.553417504 0.832841516 0.0102000376
vn -0.525319755 0.835473478 0.161316946
vn -0.227432922 0.962047517 0.150793806
vn -0.429563582 0.90120703 0.0574550368
vn -0.568401515 0.807466149 0.157854319
vn -0.55471915 0.773235202 0.307236016
vn -0.49165529 0.807623386 0.325606406
vn -0.569278181 0.821877182 0.020985797
vn -0.221247286 0.921316266 0.319727927
vn -0.453552395 0.890783846 0.0281843189
vn -0.444964528 0.876158297 0.185346022
vn -0.445858419 0.824679554 0.348014355
vn 0.0412609726 0.952584684 0.301462889
vn -0.424217761 0.762962937 0.487777472
vn -0.333031207 0.207439408 0.919814646
vn -0.24565953 0.327163339 0.912477672
vn -0.128139943 0.177290976 0.975780725
vn -0.241747186 0.143415615 0.959682345
vn -0.451936901 0.35706985 0.817468107
vn -0.333375573 0.498831719 0.800017297
vn -0.266746908 0.77014488 0.579416037
vn -0.161202773 0.656559825 0.736846507
vn -0.0605492406 0.496128708 0.86613512
vn 0.024145782 0.290330142 0.956621885
vn -0.252802372 0.632911921 0.73178786
vn -0.170223087 0.521788836 0.835919023
vn -0.139269546 0.34954977 0.926509023
vn -0.353354633 0.473341167 0.80690068
vn -0.0867560506 0.835519731 0.542568147
vn -0.247006416 0.400421053 0.882412016
vn -0.440608829 0.819662392 0.36608398
vn -0.506060362 0.825429261 0.250138968
vn -0.0890210569 0.409158438 0.90811044
vn -0.277568549 0.858065665 0.432063729
vn -0.435681283 0.884935915 0.16453062
vn -0.56518662 0.822665155 -0.0615306012
vn -0.449346125 0.893334508 0.00644319504
vn -0.0688401759 0.993004084 -0.0959374756
vn -0.46033147 0.886406064 -0.0487774983
vn -0.387053937 0.91768229 0.0897135213
vn -0.459972024 0.85738039 -0.230921179
vn -0.67709595 0.720733285 0.148609132
vn -0.716116965 0.697909951 0.00990613643
vn -0.66353029 0.745720327 0.0602382049
vn -0.723202467 0.686020851 0.0797096863
vn -0.652109921 0.743346393 -0.148959115
vn -0.52359122 0.850929916 -0.0420775749
vn -0.636977851 0.737929404 0.222978488
vn -0.459707439 0.803539813 0.378143698
vn -0.347359121 0.754720688 0.556541502
vn -0.53600353 0.794661283 -0.284980237
vn -0.384771317 0.910003781 -0.154415458
vn 0.115123555 -0.902378976 -0.415281713
vn -0.153107107 -0.956071377 -0.249971598
vn 0.199466482 -0.904455006 -0.377059788
vn 0.211508974 -0.852385223 -0.478229493
vn 0.243743688 -0.847463787 -0.471586764
vn -0.0775794312 -0.799561441 -0.595552742
vn -0.0426337495 -0.735618174 -0.676053524
vn -0.152690381 -0.680756986 -0.716418564
vn -0.0396078415 -0.863747001 -0.502366722
vn -0.120551579 -0.815683901 -0.565797746
vn -0.114945985 -0.731095612 -0.672522545
vn 0.140824109 -0.816200376 -0.56034416
vn -0.113216653 -0.910633087 -0.397403419
vn -0.297798932 -0.878018022 -0.37470001
vn 0.350322336 -0.934508979 -0.0629850402
vn 0.27202785 -0.954284906 0.123859107
vn 0.115500562 -0.99246639 0.0408662595
vn 0.0769579038 -0.981783271 -0.173721224
vn 0.0798166916 -0.897271812 -0.434203327
vn 0.42185232 -0.87064755 -0.253008872
vn 0.440227717 -0.871868491 -0.214580879
vn 0.305932075 -0.948142111 -0.0862099975
vn -0.143305436 -0.766267419 -0.626336813
vn -0.0709420964 -0.99689889 -0.034056928
vn 0.152917519 -0.953565121 0.25948
vn -0.249560669 -0.938930333 -0.236916423
vn 0.152907521 -0.95653218 0.248325229
vn -0.22120212 -0.971533298 -0.0848098472
vn -0.177827463 -0.944388866 -0.276599109
vn -0.244468778 -0.962316811 -0.11908482
vn -0.0552465729 -0.965585232 -0.254151285
vn -0.0885332599 -0.76096344 -0.642725766
vn 0.474847794 -0.76863873 -0.428618759
vn 0.55721122 -0.765210032 -0.322442502
vn 0.648210168 -0.640621185 -0.411616504
vn 0.567694724 -0.641342878 -0.516141474
vn 0.487756997 -0.618118107 -0.616460145
vn 0.341333717 -0.878269672 -0.334863782
vn 0.152272955 -0.184316665 -0.970999658
vn 0.316625446 -0.204787195 -0.926180601
vn 0.316978246 -0.00540345581 -0.948417425
vn 0.129515082 -0.00107611867 -0.99157685
vn 0.176775828 -0.369050801 -0.912442744
vn 0.322849482 -0.378780156 -0.867348731
vn 0.478875428 -0.242761642 -0.843649983
vn 0.511309743 -0.0384759009 -0.858534873
vn 0.445203543 -0.421041757 -0.790264249
vn 0.119687289 0.18796818 -0.974855244
vn 0.311820388 0.183784157 -0.932197034
vn 0.113664709 0.355528414 -0.927728295
vn 0.309500843 0.357393384 -0.881180525
vn 0.507238805 0.164381981 -0.845983028
vn 0.493981481 0.344067872 -0.798498333
vn 0.664807141 0.112637639 -0.73847425
vn 0.653081656 0.304809123 -0.693235755
vn 0.638611972 0.497647703 -0.58695966
vn 0.491466224 0.50551331 -0.709166706
vn 0.310799271 0.525104344 -0.792255819
vn 0.0170856286 -0.966868401 -0.254702717
vn -0.207442001 -0.974111199 -0.0898623914
vn 0.163765565 -0.909903586 -0.381124884
vn -0.336580604 -0.924602687 -0.178390697
vn -0.189003602 -0.968417048 -0.162622437
vn 0.170399874 -0.973532557 -0.152309537
vn 0.426473141 -0.866023421 -0.261006027
vn 0.506479859 -0.856335819 -0.100831762
vn 0.205124199 -0.978521109 -0.0205045026
vn -0.254977316 -0.961415589 -0.10327962
vn -0.154283494 -0.953462481 -0.259047925
vn 0.155006841 -0.942694843 -0.295464486
vn 0.356300026 -0.867216527 -0.347830266
vn -0.0400411263 -0.923867047 -0.380613118
vn 0.0145100402 -0.931196153 -0.3642295
vn -0.0144221811 -0.993153691 -0.115921289
vn -0.173904598 -0.746255875 -0.642541289
vn -0.298485249 -0.818941891 -0.490143746
vn -0.313860416 -0.710622251 -0.629688501
vn -0.295909882 -0.678080976 -0.672787845
vn -0.335852593 -0.877437949 -0.342499018
vn -0.310997874 -0.810359657 -0.496585906
vn -0.273721963 -0.723571599 -0.633656323
vn -0.16417028 -0.934298038 -0.316441685
vn -0.14753817 -0.863601685 -0.48210454
vn -0.032207232 -0.872271657 -0.487959892
vn 0.468960851 -0.770280004 -0.432139337
vn 0.143363029 -0.785800755 -0.601634622
vn 0.508648872 -0.651667595 -0.562677443
vn 0.125183895 -0.764222026 -0.632687569
vn 0.134087905 -0.919365406 -0.369848132
vn 0.290560335 -0.819037437 -0.494724631
vn 0.0243069679 -0.9817819 -0.18845059
vn 0.230236739 -0.934900403 -0.270096987
vn -0.122255318 -0.982126057 -0.143115714
vn -0.0469402783 -0.848497868 -0.527112722
vn 0.132570431 -0.829051316 -0.543230057
vn -0.122384302 -0.868883014 -0.47965011
vn 0.733721554 -0.478564203 -0.482316285
vn 0.659119189 -0.480948389 -0.578143954
vn 0.557031035 -0.458441854 -0.692493618
vn 0.590139687 -0.495143801 -0.637626648
vn 0.796976089 -0.312581837 -0.516838014
vn 0.738357186 -0.28469795 -0.611372113
vn 0.621018767 -0.259344161 -0.739646137
vn 0.689647794 -0.274907887 -0.669934034
vn 0.849851727 -0.148273543 -0.505734146
vn 0.763075829 -0.0947401077 -0.639327407
vn 0.776073158 -0.105173483 -0.621811032
vn 0.230535969 -0.619787693 -0.750144184
vn 0.357516825 -0.422821939 -0.832708418
vn 0.456876993 -0.198333874 -0.867137253
vn 0.664887011 -0.0635547861 -0.744235218
vn 0.868392944 0.0455062389 -0.4937841
vn 0.768637538 0.0766043738 -0.635081172
vn 0.854613423 0.0338948295 -0.518157482
vn 0.777718484 0.269901097 -0.567721248
vn 0.763112068 0.468566209 -0.445090681
vn 0.874771893 0.241191268 -0.420239121
vn 0.853828847 0.40004468 -0.333077341
vn 0.891627669 0.361977011 -0.271979541
vn 0.745339096 0.517011344 -0.420914412
vn 0.772438765 0.548021257 -0.320953101
vn 0.868844092 0.460788041 -0.181064621
vn 0.884619236 0.216659814 -0.412925243
vn 0.703089535 0.395641953 -0.590874314
vn 0.812102675 0.538211823 -0.225426897
vn -0.0137933893 -0.995541513 -0.0933102518
vn 0.0330326371 -0.960499585 -0.276313812
vn -0.048386462 -0.998266637 0.0335058644
vn -0.0054780487 -0.952253342 -0.305259794
vn 0.100978084 -0.994844496 0.00937873591
vn -0.1760028 -0.777920246 -0.603210688
vn 0.169862121 -0.981231809 -0.0912743509
vn 0.191336691 -0.942138791 -0.275253832
vn -0.323663563 -0.768995583 -0.551259935
vn -0.311766684 -0.720887661 -0.618968964
vn -0.176114738 -0.639334619 -0.748488307
vn -0.445496619 -0.80106318 -0.399788201
vn -0.431733757 -0.791431308 -0.432715237
vn -0.140843496 -0.770152569 -0.62211585
vn -0.01632859 -0.642901123 -0.765775084
vn -0.261565089 -0.869217396 -0.419576913
vn 0.0615852587 -0.878646612 -0.473484218
vn 0.0531642698 -0.764092445 -0.642912447
vn -0.109514609 -0.723251879 -0.681845427
vn 0.433863342 -0.835006297 -0.338418514
vn 0.387714654 -0.761430383 -0.519520104
vn 0.595262408 -0.640953422 -0.484604418
vn 0.614314973 -0.683828831 -0.393694401
vn -0.0476772636 -0.633179486 -0.772535264
vn 0.179593861 -0.568645656 -0.802737892
vn 0.391226888 -0.427699387 -0.814871073
vn 0.455699742 -0.667127907 -0.589303136
vn 0.270409822 -0.62630868 -0.731174469
vn 0.395020664 -0.436679542 -0.808250964
vn 0.475470364 -0.22319378 -0.850947917
vn 0.516177595 0.0351630524 -0.855759442
vn 0.522601068 0.0348150618 -0.851866245
vn 0.581300497 -0.470640868 -0.663767278
vn 0.739185929 -0.488761485 -0.463375062
vn 0.630559981 0.211395666 -0.746797144
vn 0.530956864 0.279886127 -0.799842775
vn 0.549295008 0.481360644 -0.683057129
vn 0.694101155 -0.00295982859 -0.719871402
vn 0.682866693 0.241878942 -0.689338624
vn 0.625699222 0.475185305 -0.618627012
vn 0.66971612 -0.242330924 -0.701965809
vn 0.814602911 -0.2805399 -0.507660687
vn 0.812965631 -0.0248919837 -0.58177942
vn 0.738013148 0.231123239 -0.633970559
vn 0.47977826 0.430998325 -0.764233708
vn 0.501990795 0.668872893 -0.548282981
vn 0.529030383 0.737827897 -0.419209749
vn 0.647812545 0.547356367 -0.529849231
vn 0.816475391 0.351287842 -0.4582192
vn 0.845734477 0.374042511 -0.380559325
vn 0.396017581 0.607451916 -0.688601792
vn 0.533545136 0.668293118 -0.518376112
vn 0.0599613898 0.178805783 -0.982055604
vn -0.121470943 0.338219613 -0.933194637
vn 0.25503847 0.626823485 -0.736238897
vn 0.432734519 0.762146533 -0.481532484
vn -0.260118455 0.347566783 -0.90085274
vn -0.0914002955 -0.922506154 -0.375004709
vn 0.0382780097 -0.820752561 -0.569999993
vn 0.192732945 -0.67166245 -0.715348482
vn 0.200133815 -0.973690867 -0.10896121
vn 0.149351701 -0.980082214 -0.130892515
vn 0.123600908 -0.87863934 -0.461211234
vn -0.127059817 -0.942477643 -0.309178889
vn 0.134472206 -0.981211245 -0.138354301
vn -0.0154523384 -0.867904305 -0.496490866
vn 0.0415726081 -0.784267247 -0.619028747
vn 0.11582157 -0.955598474 -0.270955801
vn 0.125198931 -0.953867614 -0.27287665
vn 0.206024647 -0.70852834 -0.674938083
vn 0.0539821237 -0.921169698 -0.385398954
vn 0.145132676 -0.459398568 -0.876293063
vn 0.211817309 -0.249394059 -0.944952905
vn 0.0213210117 -0.619441867 -0.784752905
vn -0.0680348128 -0.605742633 -0.792746544
vn -0.106249802 -0.395639479 -0.912239134
vn -0.102996498 -0.145602465 -0.983967304
vn 0.179799736 -0.301533788 -0.936348915
vn 0.502901256 -0.367457569 -0.78234601
vn -0.0957908779 -0.0325803757 -0.9948681
vn 0.727744639 -0.481743723 -0.488170713
vn 0.793235898 -0.315952212 -0.520529509
vn 0.682335854 -0.168554127 -0.711341977
vn 0.399010718 -0.44013533 -0.804407418
vn 0.179639906 -0.441878647 -0.878904223
vn 0.0288723502 -0.229270786 -0.972934246
vn 0.45886898 -0.0161586981 -0.888357043
vn 0.108599059 -0.527118683 -0.842823923
vn 0.0500958078 -0.49106425 -0.869681716
vn 0.0448868014 -0.25340426 -0.966318488
vn -0.0372987911 -0.954565048 -0.295659244
vn -0.297299594 -0.922195911 -0.247320607
vn -0.172711015 -0.983983696 -0.044125028
vn 0.0701579824 -0.990952015 -0.114420079
vn 0.228331387 -0.872735322 -0.431506455
vn 0.161552206 -0.754877687 -0.635657549
vn -0.124533996 -0.848532617 -0.514279723
vn 0.310343117 -0.931548893 -0.189483374
vn -0.407504797 -0.811019421 -0.419746816
vn -0.545174837 -0.824895382 -0.149439141
vn -0.409840256 -0.909861565 0.0646749884
vn -0.640698493 -0.683573067 -0.349618882
vn -0.343423247 -0.931736827 0.118012428
vn -0.1302457 -0.991427362 0.0103794402
vn 0.119255297 -0.987900674 -0.0991485566
vn 0.403911769 -0.9063012 -0.124391906
vn 0.66656357 -0.742637753 -0.0646694303
vn 0.55647856 -0.785066307 -0.272033811
vn 0.469488353 -0.720286369 -0.510654747
vn 0.476058483 -0.653485179 -0.588494182
vn 0.497317046 -0.59294802 -0.633315325
vn 0.066189073 -0.827124059 -0.558108211
vn -0.0530454107 -0.242680743 -0.968654811
vn 0.0706230253 -0.243135497 -0.967417955
vn 0.134789065 -0.0575888455 -0.98919934
vn -0.228004262 -0.846276581 -0.481487304
vn -0.466516495 -0.831095755 -0.302724719
vn -0.492432892 -0.275516808 -0.825590968
vn -0.238460824 -0.187747836 -0.952831149
vn -0.0634528771 -0.961984575 -0.265630394
vn 0.324500382 -0.773057282 -0.54505223
vn 0.0210939646 -0.936703086 -0.349488795
vn -0.0751352981 -0.955402672 -0.285587817
vn 0.383839756 -0.710864007 -0.589355111
vn 0.467354268 -0.805516481 -0.364311993
vn 0.134512827 -0.973671556 -0.184038088
vn 0.555522442 -0.732649982 -0.393215895
vn -0.309179336 -0.643618166 -0.700116992
vn 0.0118541354 -0.768849134 -0.639320195
vn -0.261760235 -0.836236477 -0.481861055
vn -0.350385964 -0.366293162 -0.862008691
vn -0.226269394 -0.808430374 -0.5433622
vn -0.28749159 -0.626188099 -0.72473228
vn -0.0736989751 -0.533389449 -0.842653036
vn 0.0975385681 -0.995183706 0.00978505239
vn 0.049595166 -0.933755457 -0.354458928
vn -0.200978369 -0.958534539 -0.202037811
vn -0.00380171533 -0.999854386 0.0166341402
vn 0.353805989 -0.924340189 -0.14288643
vn 0.311092466 -0.819633603 -0.481063753
vn 0.0994609371 -0.992227733 0.0747776851
vn 0.0967677012 -0.995243549 -0.0112285214
vn 0.316098511 -0.946832716 0.0599122718
vn -0.127944246 0.0706663355 -0.989260614
vn -0.374842077 -0.174855307 -0.910449922
vn -0.230057284 -0.378800541 -0.896428406
vn -0.230993927 -0.105844066 -0.967180908
vn 0.0369347893 -0.322889775 -0.945715547
vn 0.128327161 -0.161895633 -0.978428245
vn -0.0809264556 -0.220288917 -0.972071767
vn -0.233264208 -0.512604296 -0.826331973
vn -0.0841976777 -0.300166547 -0.950163603
vn -0.607554257 -0.395607859 -0.68874687
vn -0.526490033 -0.200231791 -0.826265931
vn 0.0022868833 -0.0803262666 -0.996766031
vn 0.0295547824 -0.0196187384 -0.999370635
vn -0.419452608 0.0463057347 -0.906595349
vn -0.0678731948 -0.0438661315 -0.996729076
vn 0.0162145365 -0.991890013 -0.126060724
vn 0.107983448 -0.959933698 -0.258586407
vn -0.0141365137 -0.932535708 -0.360800922
vn 0.150184572 -0.988151193 0.0316522866
vn 0.271526903 -0.95810312 -0.0911671221
vn 0.227602601 -0.973295987 0.029867867
vn 0.465348274 -0.658567071 -0.591388524
vn 0.30852145 -0.446183085 -0.8400805
vn 0.206568673 -0.620664358 -0.756376386
vn 0.556342661 -0.787153721 -0.266217738
vn 0.0570870005 -0.76740098 -0.638621092
vn 0.416857719 -0.623909295 -0.661034644
vn -0.0671024546 -0.79852885 -0.598204792
vn -0.267885804 -0.638517082 -0.721479714
vn 0.178619072 -0.446036279 -0.877010226
vn 0.491879493 -0.792484701 -0.360586554
vn -0.0442959927 -0.9202227 -0.388880402
vn 0.537107885 -0.842059731 -0.0495018028
vn 0.0335900895 -0.950485826 -0.308947295
vn 0.236301407 -0.926118135 -0.294052511
vn 0.288259745 -0.912235439 -0.291089296
vn 0.407024115 -0.905704975 -0.11844784
vn -0.12277928 -0.978819251 -0.163823724
vn 0.128079847 -0.967891037 -0.216292605
vn -0.25741756 -0.966028512 -0.0229163226
vn 0.0532473326 -0.878104746 -0.475496382
vn 0.225851491 -0.907954156 -0.353002042
vn 0.298985779 -0.85185945 -0.430049747
vn 0.183786824 -0.815100491 -0.549393654
vn -0.354556024 -0.884295464 -0.30382812
vn -0.414406031 -0.799727917 -0.434399515
vn -0.484584153 -0.698627949 -0.526400149
vn -0.682492733 -0.174143001 -0.709843576
vn -0.677544892 0.0288405884 -0.734915733
vn -0.664106369 -0.368398339 -0.650573134
vn -0.530244529 -0.361125767 -0.767091215
vn -0.549799919 -0.193117321 -0.812665761
vn -0.559054255 0.00346723595 -0.829123914
vn -0.529754043 0.194026351 -0.82565999
vn -0.640626729 0.232314005 -0.731865823
vn -0.234961867 0.167761222 -0.957417965
vn -0.502757549 0.349698961 -0.790534973
vn -0.394628763 0.180494428 -0.900938332
vn -0.3521384 0.316227466 -0.880907953
vn -0.251649082 0.466805041 -0.847800612
vn -0.410199851 0.524615169 -0.745999336
vn -0.573858917 0.40532276 -0.71161747
vn -0.454112828 0.510162234 -0.730421841
vn 0.355144858 -0.904862702 -0.234724507
vn 0.446319818 -0.838978529 -0.311309308
vn 0.245485038 -0.930411577 0.272160709
vn 0.269167274 -0.942679405 0.197241947
vn 0.395915121 -0.916616857 0.0553595647
vn 0.497563422 -0.863065362 -0.086884968
vn 0.569697738 -0.797220528 -0.199709296
vn -0.323691189 -0.932821274 -0.158329904
vn -0.302480429 -0.879920363 -0.366395801
vn -0.380141526 -0.786293983 -0.487066895
vn -0.425812483 -0.67543608 -0.602054596
vn -0.287393838 -0.957569361 -0.0215812027
vn -0.231209606 -0.943580687 -0.237060174
vn 0.0899881944 -0.901871443 -0.422528148
vn -0.119256012 -0.992466867 -0.0280636624
vn -0.161022946 -0.983374715 0.0839398131
vn -0.148652405 -0.980515182 -0.128422946
vn -0.0476680771 -0.998633564 -0.0214190166
vn 0.250614762 -0.897762418 -0.362236023
vn 0.0320635624 -0.999283612 0.0201098602
vn 0.393757284 -0.881003678 -0.262274086
vn 0.163446367 -0.982172966 0.0928526223
vn -0.503682792 -0.521277487 -0.688892841
vn -0.359858066 -0.510366559 -0.781043112
vn -0.386084437 -0.34717986 -0.854637325
vn -0.300713867 -0.657561719 -0.690784931
vn -0.615693748 -0.535636365 -0.577940106
vn -0.186443761 -0.869858861 -0.456710339
vn -0.270362049 -0.761209011 -0.589461863
vn -0.18681848 -0.497546762 -0.847080946
vn -0.220410943 -0.326227605 -0.919235885
vn -0.226482943 -0.182100236 -0.956841111
vn -0.398333699 -0.1914884 -0.897029936
vn -0.148941174 -0.641019702 -0.752934396
vn -0.409916192 0.0031036525 -0.912117839
vn -0.237103507 0.00224292465 -0.9714818
vn -0.239496514 0.219122127 -0.945847273
vn -0.234070629 0.332061023 -0.913753986
vn -0.138098106 0.357744694 -0.923551679
vn -0.0234837495 -0.97157383 -0.235569015
vn -0.117087848 -0.933934987 -0.337721616
vn 0.0751273483 -0.989907801 -0.120160498
vn 0.174754784 -0.952492952 -0.249435395
vn 0.0826358199 -0.934821486 -0.345369458
vn 0.0103780096 -0.900449574 -0.434836596
vn 0.0434175692 -0.996922076 0.0652785674
vn 0.159833536 -0.986184418 -0.0435154699
vn 0.288581312 -0.946182966 -0.146487296
vn -0.0612662248 -0.983316541 0.171274543
vn 0.0568189211 -0.957817912 0.281702846
vn 0.164479852 -0.969723046 0.180509344
vn 0.537198007 -0.83142221 -0.141970083
vn 0.348816305 -0.921100438 0.17291981
vn 0.616470635 -0.787244499 0.0144952806
vn 0.675602853 -0.731114805 -0.0950368568
vn 0.522421598 -0.841708481 0.136390716
vn 0.502672017 -0.856308699 0.118558452
vn 0.603446007 -0.797349215 -0.00933066849
vn 0.68801254 -0.714851081 -0.125006124
vn 0.0162899308 -0.611027539 -0.791441619
vn 0.00798557233 -0.470991492 -0.882101536
vn -0.0255068988 -0.302136391 -0.952923417
vn -0.0304071605 -0.146038264 -0.988811553
vn -0.051536914 0.024751531 -0.998364329
vn 0.12650606 -0.122680575 -0.984350443
vn 0.10051851 0.0265675522 -0.994580388
vn -0.0898439363 0.208125785 -0.973967075
vn 0.0494680032 0.220930487 -0.974034131
vn 0.293188334 -0.954596698 0.0527794547
vn 0.386705756 -0.91892612 -0.077675581
vn 0.280047536 -0.916419804 0.285916179
vn 0.383187175 -0.905841351 0.180607244
vn 0.506605685 -0.861678243 0.029347619
vn 0.194310784 -0.916735053 0.349056244
vn 0.265587598 -0.847316623 0.459910721
vn 0.387560189 -0.721434355 0.573872387
vn 0.478412628 -0.734203219 0.481733382
vn 0.375969172 -0.849895597 0.369221658
vn 0.456360906 -0.840102315 0.293194413
vn 0.511498988 -0.773248672 0.374773562
vn 0.489585847 -0.836300135 0.246794865
vn 0.6788674 -0.732563853 -0.0498929806
vn 0.693618655 -0.719617367 -0.0323140137
vn 0.197997659 -0.698361278 -0.687814295
vn 0.364644974 -0.681068957 -0.63496393
vn 0.352180004 -0.545818269 -0.76029706
vn 0.189958677 -0.572299957 -0.797739625
vn 0.0294602253 -0.71536243 -0.698132396
vn 0.0842462778 -0.804870427 -0.587440431
vn 0.218455076 -0.786809564 -0.577241778
vn 0.338789672 -0.791339517 -0.508923709
vn 0.702188432 -0.671543837 0.236559063
vn 0.518595994 -0.60248363 0.606689155
vn 0.543704689 -0.618810356 0.566973448
vn 0.750324488 -0.626797497 -0.210090593
vn 0.851808429 -0.481859028 -0.205509767
vn 0.82362783 -0.556733668 0.108096093
vn 0.629562259 -0.505093813 0.590365589
vn 0.309977621 -0.269325644 -0.911799014
vn 0.279960752 -0.0825182572 -0.956458509
vn 0.144598797 -0.280288905 -0.948962212
vn 0.489358455 -0.225231245 -0.842495799
vn 0.439257413 -0.0235495735 -0.898052514
vn 0.191684559 -0.4432787 -0.875648916
vn 0.341061592 -0.429638088 -0.836114883
vn 0.483206391 -0.403659195 -0.776898265
vn 0.269156724 0.088808395 -0.958993018
vn 0.404697776 0.152964935 -0.901566148
vn 0.219586328 0.284044117 -0.933327794
vn 0.11903993 0.469849974 -0.874683142
vn -0.00522696646 0.405335099 -0.914153278
vn 0.359785616 0.322956622 -0.87535888
vn 0.395133913 -0.869090259 -0.297575891
vn 0.502236247 -0.844960034 -0.183851361
vn 0.450825542 -0.776240945 -0.440688342
vn 0.294021577 -0.877398133 -0.379109293
vn 0.550288975 -0.756417453 -0.353574276
vn 0.604436874 -0.784996867 0.135779113
vn 0.58457613 -0.724715054 0.364772201
vn 0.688645601 -0.691919744 0.21682778
vn 0.759697378 -0.644568264 0.0859747455
vn 0.68041265 -0.732824206 -0.00270342943
vn 0.599814653 -0.793015778 -0.106529094
vn 0.497286648 -0.666677773 -0.555199623
vn 0.484824985 -0.538902581 -0.688860416
vn 0.17999588 -0.866415918 -0.465752006
vn 0.657399118 -0.716088891 -0.234612346
vn 0.696825802 -0.609369874 -0.378288329
vn 0.599431992 -0.648666799 -0.468948364
vn 0.750205874 -0.647643089 -0.133227617
vn 0.793235421 -0.543696046 -0.274175316
vn 0.655213118 -0.604889214 0.45255363
vn 0.734992266 -0.589545488 0.334996045
vn 0.588207066 -0.500265896 0.635410428
vn 0.687917471 -0.502673388 0.523535073
vn 0.622058094 -0.347153455 -0.701803565
vn 0.624937177 -0.185517028 -0.758311927
vn 0.583262861 -0.00691187708 -0.812254071
vn 0.613508463 -0.513405025 -0.600018978
vn 0.885933995 -0.463796169 -0.00375184882
vn 0.664345562 -0.620222688 0.417095482
vn 0.535416186 -0.606349707 0.587936759
vn 0.642534733 -0.588851154 0.490309596
vn 0.643650472 0.245475024 -0.724883437
vn 0.747359455 0.270710349 -0.606769919
vn 0.646390557 0.458897978 -0.609583378
vn 0.559248209 0.429298013 -0.709185839
vn 0.465204149 0.379148483 -0.799894691
vn 0.519232512 0.191850126 -0.832821131
vn 0.709633946 0.0423849449 -0.703294516
vn 0.790788472 0.0906258821 -0.605343282
vn 0.739105642 -0.469097108 -0.48339498
vn 0.825390279 -0.41651696 -0.381109625
vn 0.821600556 -0.536523283 0.192653164
vn 0.824948549 -0.564318419 -0.0316967964
vn 0.896856427 -0.438107282 0.0609144457
vn 0.784580648 -0.476480216 0.396736443
vn 0.870520115 -0.404444665 0.280391186
vn 0.723809183 -0.314598322 -0.614107668
vn 0.833821654 -0.26169166 -0.486064732
vn 0.811059296 -0.0712075084 -0.580613673
vn 0.72409147 -0.14582561 -0.674111724
vn 0.899715543 -0.326967269 -0.289144129
vn 0.912046731 -0.180460095 -0.368245691
vn 0.89410162 -0.0338991359 -0.446579248
vn 0.960787535 -0.234693676 -0.147669464
vn 0.961635113 -0.102597013 -0.254424036
vn 0.876681983 -0.454807639 -0.156775638
vn 0.934013844 -0.353262246 -0.0531401038
vn 0.74234128 -0.573493421 0.346460342
vn 0.834904313 -0.492456883 0.245806918
vn 0.914436638 -0.392529815 0.0986200497
vn 0.920347691 -0.353976876 0.166314408
vn 0.501753449 -0.86324966 0.0551675037
vn 0.611815989 -0.787631869 -0.0729182586
vn 0.69909507 -0.69798547 -0.155185089
vn 0.265972853 -0.91826874 0.293327481
vn 0.383443207 -0.899601936 0.209015951
vn 0.314219713 -0.926395476 0.207502797
vn 0.205916807 -0.978497624 0.0118608037
vn 0.33270061 -0.937548399 -0.101553954
vn 0.0909501165 -0.989631832 0.111161202
vn 0.185387969 -0.960100114 0.209377885
vn 0.306417584 -0.949369788 0.0693211779
vn 0.391850114 -0.918872237 -0.0461228602
vn 0.396403134 -0.881868184 -0.255290031
vn 0.491665244 -0.854938328 -0.1653658
vn 0.858154416 0.150717825 -0.490769923
vn 0.818088174 0.322383434 -0.476235867
vn 0.730357409 0.491321415 -0.474532783
vn 0.950792789 0.0644570738 -0.303048372
vn 0.906368613 0.219311833 -0.361106932
vn 0.990650415 -0.0120425569 -0.135892063
vn 0.973662794 0.100582711 -0.204606995
vn 0.927100301 0.231516093 -0.294763237
vn 0.836197913 0.378351331 -0.397017866
vn 0.857935011 0.359858632 -0.36667338
vn 0.969771683 -0.233776972 0.0699363276
vn 0.990095079 -0.13195762 -0.0479461774
vn 0.940553725 -0.145997286 -0.306664973
vn 0.890701234 -0.0508919768 -0.451731324
vn 0.957310438 -0.247065559 -0.150050491
vn 0.951452136 -0.306162506 -0.0316734686
vn 0.701448321 -0.621113062 -0.349555194
vn 0.72063005 -0.515306175 -0.463844717
vn 0.552404404 -0.592783928 -0.586051702
vn 0.570166707 -0.475789607 -0.669726968
vn 0.686053216 -0.413027763 -0.59894824
vn 0.624394536 -0.568292558 -0.535887182
vn 0.664004445 -0.445715219 -0.600363255
vn 0.534067333 -0.70417285 -0.467881054
vn 0.620684206 -0.670654714 -0.406169206
vn 0.550084114 -0.77556777 -0.30968067
vn 0.608134985 -0.789928615 -0.0786415264
vn 0.665386438 -0.71782428 -0.204912752
vn 0.480434448 -0.805565953 -0.346765548
vn 0.707780838 -0.629351437 -0.320878685
vn 0.519011617 -0.853887141 0.0387778431
vn 0.624647617 -0.76743716 0.144414961
vn 0.696981788 -0.717033565 0.00889403094
vn 0.416048914 -0.890152752 0.185825735
vn 0.525772035 -0.811569929 0.254790068
vn 0.807272673 0.0353843793 -0.589116991
vn 0.616597533 -0.307903945 -0.724570692
vn 0.514639914 -0.205030471 -0.832531214
vn 0.53393662 -0.354351848 -0.767689109
vn 0.547715366 -0.213493824 -0.808967412
vn 0.646278381 -0.289746255 -0.705954254
vn 0.658183396 -0.1346156 -0.740724802
vn 0.739405811 -0.512975097 -0.436045587
vn 0.751649737 -0.650302112 -0.110135421
vn 0.785212874 -0.570955336 -0.239689127
vn 0.720580697 -0.662365198 0.205026358
vn 0.771194696 -0.630092978 0.0907827467
vn 0.819736779 -0.572531164 -0.0154834725
vn 0.86936599 -0.476112932 -0.132360697
vn 0.833075464 -0.441030204 -0.333882749
vn 0.901884615 -0.373575151 -0.216900408
vn 0.762581348 -0.376485169 -0.526049912
vn 0.83612901 -0.345829099 -0.425782293
vn 0.840809286 -0.510102749 0.181203932
vn 0.899669707 -0.434469312 0.0427865982
vn 0.919405758 -0.386075437 -0.0750918984
vn 0.562660635 -0.818655789 -0.114959523
vn 0.558947563 -0.784978688 -0.267181784
vn 0.411026806 -0.869590461 -0.273622841
vn 0.564440727 -0.823804259 0.0524716526
vn 0.523879528 -0.850196123 0.0521244146
vn 0.552313745 -0.80716759 0.208398491
vn 0.482621729 -0.849975467 0.211229399
vn 0.534404397 -0.75997144 0.369939536
vn 0.455581248 -0.809698403 0.369911015
vn 0.491182148 -0.690166712 0.531422675
vn 0.382770002 -0.788486362 0.481431603
vn 0.245089248 -0.661802649 0.708483219
vn 0.304216892 -0.740318 0.599484205
vn 0.144445524 -0.61783123 0.77292949
vn 0.0995397344 -0.954628885 0.280669689
vn -0.189158559 -0.782828927 0.592788398
vn 0.556158721 -0.828943968 -0.0594928823
vn -0.15250884 -0.776906669 0.610865891
vn 0.240772635 -0.898165941 0.3678675
vn -0.259398252 -0.848989129 0.46035859
vn -0.225937411 -0.859844565 0.457842261
vn 0.434008956 -0.702539921 0.56398046
vn 0.583460927 -0.623192668 0.520772755
vn 0.693356693 -0.656346202 0.297432631
vn 0.720124483 -0.677038431 0.151787847
vn 0.659265399 -0.593487084 0.461673349
vn 0.36231029 -0.353661299 0.862354279
vn 0.514556885 -0.417503059 0.748947501
vn 0.627712011 -0.488508493 0.606083274
vn 0.129513308 -0.307410121 0.94272238
vn -0.101011068 -0.278672844 0.95505923
vn -0.314735919 -0.234713599 0.919701457
vn -0.333512902 -0.238599047 0.912052393
vn -0.328858048 -0.377676725 0.865570664
vn -0.240403056 -0.509902537 0.825957477
vn -0.289194494 -0.0965468064 0.95238924
vn -0.312777817 -0.075420104 0.946827233
vn -0.189034119 -0.218449309 0.957364142
vn -0.203149527 -0.363352329 0.909233332
vn -0.212014422 -0.506375551 0.835843086
vn -0.171189383 -0.0567072257 0.983604848
vn -0.258157939 0.0431569926 0.965138257
vn -0.299856842 0.0558041595 0.952350736
vn 0.231052026 -0.971355796 0.0555232428
vn 0.494313657 -0.751536071 -0.436861187
vn 0.195035934 -0.963417232 0.183815658
vn -0.258925557 -0.965258718 0.0351171009
vn -0.3097727 -0.935053289 0.172384083
vn 0.13051717 -0.938027561 0.321044117
vn -0.313082308 -0.881702244 0.352959543
vn 0.108107924 -0.908415079 0.403850049
vn -0.275748253 -0.860700309 0.427969575
vn -0.0146633079 -0.810321391 0.585802019
vn 0.0323697738 -0.858669758 0.511506021
vn -0.111930586 -0.884220243 0.453460276
vn -0.116487049 -0.85269469 0.509256899
vn -0.121690996 -0.852483213 0.508393109
vn -0.0351803042 -0.925709248 0.376596391
vn -0.240543082 -0.71284759 0.658777118
vn -0.0460238308 -0.695617437 0.716936648
vn -0.0969365612 -0.693952322 0.71346575
vn -0.0413359068 -0.720758021 0.691953063
vn 0.167910859 -0.892005861 0.419680089
vn -0.0513026491 -0.901988089 0.428702235
vn 0.619513333 -0.73616159 0.272523761
vn 0.540176988 -0.800171256 0.260642678
vn 0.446238637 -0.76711458 0.46087575
vn 0.0209106803 -0.949550331 0.312916845
vn 0.153391287 -0.970308661 0.187008753
vn -0.00743826246 -0.984738588 0.173880905
vn -0.0305855777 -0.953704476 0.29918614
vn 0.134794936 -0.947707832 0.289275408
vn 0.127828673 -0.973328292 0.190503657
vn 0.098463662 -0.884400308 0.456224799
vn 0.279835105 -0.752407014 0.596301854
vn 0.147639304 -0.69808507 0.700628102
vn -0.140563101 -0.768408656 0.624331772
vn -0.086790584 -0.873071253 0.479806334
vn -0.0748984367 -0.632196188 0.771179795
vn -0.193205729 -0.663528264 0.722773671
vn -0.00862800423 -0.229178712 0.973346114
vn -0.0235619266 -0.373127311 0.927480876
vn 0.00364411133 -0.056061931 0.998420656
vn 0.178349838 -0.0513602197 0.982625782
vn 0.161531672 -0.224180743 0.961067438
vn -0.149724737 0.0702562034 0.986228466
vn 0.0167780258 0.0823123381 0.996465385
vn 0.193676561 0.087442331 0.977160752
vn -0.611826897 -0.790737629 -0.0200469885
vn -0.620729506 -0.765161812 0.170945048
vn -0.549759746 -0.809789062 0.204953387
vn -0.533713341 -0.84564054 -0.00648246286
vn -0.491268724 -0.837663114 -0.238695547
vn -0.549888134 -0.806505561 -0.217190444
vn -0.601848185 -0.709142089 0.367282242
vn -0.553424299 -0.635119855 0.538836002
vn -0.526781499 -0.750447631 0.399160981
vn -0.481437862 -0.656957626 0.580193341
vn -0.0485588014 -0.799736381 0.598384321
vn 0.151113823 -0.884088039 0.442213565
vn 0.0708157495 -0.820106387 0.567812026
vn 0.249985069 -0.772995293 0.583082974
vn 0.318596214 -0.798055291 0.511472464
vn 0.0585647561 -0.75198859 0.656569302
vn 0.259296328 -0.648393214 0.71578747
vn 0.155337483 -0.687014461 0.709846139
vn 0.107807331 -0.664913416 0.739099205
vn -0.0310486015 -0.874905884 0.483296663
vn 0.105752736 -0.87837249 0.466130972
vn 0.26279068 -0.924521804 0.276044786
vn 0.290811032 -0.933290958 0.210705712
vn 0.289045423 -0.846366465 0.447343826
vn 0.413773537 -0.870398879 0.266828001
vn 0.44791922 -0.87754482 0.171123922
vn 0.269832522 -0.856366634 0.4402574
vn 0.405274987 -0.813293576 0.417499542
vn 0.13560991 -0.359403491 0.923276305
vn 0.119033329 -0.503572583 0.855713665
vn -0.0416711159 -0.515447557 0.855907261
vn 0.319275171 -0.0406162813 0.946791291
vn 0.310629457 -0.214596793 0.925990105
vn 0.288181663 -0.359571129 0.887502134
vn 0.268176436 -0.500274897 0.82328999
vn 0.478678823 -0.219918713 0.850001276
vn 0.456533343 -0.351881117 0.817164004
vn 0.423233241 -0.483284324 0.766361415
vn 0.196094006 0.219645083 0.955668986
vn 0.336350858 0.237618446 0.91126591
vn 0.330621064 0.0949615613 0.938973844
vn 0.0257472899 0.196699306 0.980125725
vn -0.337746978 -0.940808356 0.0284025595
vn -0.14327018 -0.986185491 0.0831372291
vn -0.131568313 -0.981367409 -0.140028045
vn -0.316597342 -0.92871207 -0.193028271
vn -0.363300294 -0.89817965 0.247560516
vn -0.151602387 -0.945073843 0.289572299
vn 0.0717134401 -0.988683462 0.131765619
vn 0.0444688313 -0.995675147 -0.0815692693
vn 0.0629545748 -0.934823751 0.349487185
vn 0.28766346 -0.875400841 0.388488293
vn 0.287934452 -0.941962779 0.172626406
vn 0.246733248 -0.96497488 -0.0891413838
vn 0.0426360406 -0.824355543 0.564464569
vn -0.178437322 -0.853564918 0.489476174
vn 0.249980062 -0.765812635 0.592487037
vn -0.0289007034 -0.681677341 0.731081963
vn 0.155140057 -0.636744916 0.755306125
vn -0.226747081 -0.702934742 0.674142778
vn -0.260382563 -0.571575403 0.778140366
vn -0.0684336126 -0.457388639 0.88662976
vn 0.0381591879 -0.470524341 0.881561577
vn -0.180874363 -0.523284614 0.832741082
vn -0.331250578 -0.692008793 0.641402423
vn -0.387704849 -0.528620183 0.755146146
vn 0.179056659 -0.353441894 0.918159902
vn 0.431341052 -0.667280316 0.607191801
vn 0.497648716 -0.70215112 0.509244084
vn 0.487021565 -0.513126552 0.706761003
vn 0.395247996 -0.203992292 0.895637274
vn 0.490138441 -0.773648977 0.401536554
vn 0.496389478 -0.535820603 0.683003426
vn 0.315602094 -0.616581798 0.721264362
vn 0.577260673 -0.808837056 0.112038486
vn 0.611046731 -0.738999903 0.28372699
vn 0.569732785 -0.573938191 0.588217378
vn 0.345419407 -0.602648199 0.719375134
vn 0.522457182 -0.494215131 0.694830775
vn 0.574524045 -0.583765209 0.573707581
vn 0.573795855 -0.437585831 0.692298353
vn 0.579625845 -0.759662747 0.294866532
vn 0.417147815 -0.73624295 0.532854855
vn 0.454661638 -0.710571051 0.537002325
vn 0.551143467 -0.804755688 0.22047469
vn 0.493972749 -0.79638797 0.348937094
vn 0.666874886 -0.713157117 0.216066673
vn 0.689457357 -0.716166615 0.108415626
vn 0.612858534 -0.703663707 0.359529883
vn 0.561860621 -0.480842531 0.673129201
vn 0.594364464 -0.344970703 0.726447582
vn 0.705073059 -0.345715374 0.619155109
vn 0.662537277 -0.481614321 0.573665321
vn 0.616006076 -0.601155043 0.509066939
vn 0.536032498 -0.590765059 0.603047073
vn 0.391623527 -0.624292433 0.675936401
vn 0.490944684 0.106395423 0.864669442
vn 0.4885014 -0.0454282574 0.871379733
vn 0.622027874 -0.209726498 0.754384696
vn 0.638563752 -0.0426649116 0.768385351
vn 0.636336505 0.0953299254 0.765498519
vn 0.737431347 0.0867952853 0.669822097
vn 0.740218818 -0.0486499257 0.670603573
vn 0.727433085 -0.208743498 0.65365684
vn 0.512306988 -0.768136203 0.384068042
vn 0.522538304 -0.838247538 0.155868322
vn 0.463595688 -0.665646851 0.584801972
vn 0.701934397 -0.635435224 0.321730107
vn 0.701181471 -0.707643986 0.0870893821
vn 0.659679174 -0.515881896 0.546524763
vn 0.57726115 -0.379692852 0.722912729
vn 0.380000621 -0.523532033 0.7625705
vn 0.253180236 -0.369236946 0.894183338
vn 0.455487847 -0.230148643 0.859978139
vn 0.526938319 -0.172679752 0.832176447
vn 0.627528548 -0.333118856 0.703732729
vn 0.669128418 -0.510521889 0.54003197
vn 0.497849762 -0.21096763 0.841212392
vn 0.582784832 -0.505175769 0.63652122
vn 0.71428591 -0.53537488 0.450743169
vn 0.606691241 -0.643199325 0.467140526
vn 0.63587296 -0.452604592 0.625151694
vn 0.540415466 -0.669317126 0.509868264
vn 0.544724584 -0.57195884 0.613301158
vn 0.576981783 -0.599258125 0.554960966
vn 0.222508624 -0.511102319 0.830219388
vn 0.318807483 -0.814823449 0.484174311
vn 0.408878833 -0.831436694 0.376206428
vn 0.376886368 -0.752423823 0.540199161
vn 0.280758917 -0.767143369 0.576771617
vn 0.449744076 -0.714557707 0.535852134
vn 0.527386069 -0.751933813 0.395549744
vn 0.341661096 -0.662688434 0.666417122
vn 0.731139779 -0.638868451 0.239336178
vn 0.485920846 -0.743510962 0.459426135
vn 0.751165271 -0.606995702 0.259435713
vn 0.812165141 -0.488547713 0.318918347
vn 0.763209939 -0.539399981 0.355750203
vn 0.488212675 -0.648454189 0.584085286
vn 0.698576033 -0.597343385 0.393919408
vn 0.755519807 -0.481057405 0.444717407
vn 0.804154932 -0.354878098 0.476861
vn 0.830134749 -0.224525839 0.510357082
vn 0.854345143 -0.364718705 0.37023589
vn 0.883664787 -0.231795669 0.406702846
vn 0.852788031 -0.0569332279 0.519144654
vn 0.533217609 -0.839181304 -0.107021943
vn 0.649409175 -0.746186554 -0.146537706
vn 0.559927166 -0.817477703 0.134951159
vn 0.628208876 -0.70047605 0.33865431
vn 0.491549313 -0.866480231 -0.08712814
vn 0.332549214 -0.672390878 0.661287725
vn 0.315015614 -0.819407761 0.478890538
vn 0.336294472 -0.527941287 0.77986151
vn 0.308047116 -0.475572705 0.823976636
vn 0.272966772 -0.413533807 0.868607521
vn 0.0891049355 -0.653462529 0.75169605
vn 0.159406722 -0.747992873 0.64427948
vn 0.0108917123 -0.555193722 0.83164984
vn 0.220497608 -0.825727284 0.519187033
vn 0.0541564263 -0.507561922 0.859911501
vn 0.11485707 -0.633198261 0.76541996
vn 0.154961571 -0.722544849 0.673732698
vn -0.0380047001 -0.472093582 0.880728781
vn 0.0378556512 -0.396753073 0.917144537
vn 0.150588721 -0.530657828 0.834101558
vn 0.481830209 -0.734083533 0.478498697
vn 0.288303345 -0.545738339 0.786797822
vn 0.0343224816 -0.374264598 0.926686525
vn 0.642567933 -0.617046773 0.454268426
vn 0.62310946 -0.610600948 0.488775045
vn 0.339750409 -0.425555021 0.838732719
vn 0.581711352 -0.564350903 0.585764468
vn 0.464930594 -0.519367397 0.717005551
vn 0.640822411 -0.425641656 0.638886392
vn 0.735018551 -0.4679735 0.490661412
vn 0.54002589 -0.362637371 0.759517014
vn 0.564972997 -0.217031971 0.796054482
vn 0.696976602 -0.260939121 0.667932868
vn 0.495906025 -0.505330145 0.706200123
vn 0.554583192 -0.342841387 0.758219838
vn 0.561117947 -0.17641294 0.808718204
vn 0.785666525 -0.273900479 0.554713249
vn 0.765365481 -0.419620603 0.487990022
vn 0.90797925 -0.07671047 0.411933362
vn 0.785911977 -0.122788906 0.606024146
vn 0.574530721 -0.0895657465 0.813567758
vn 0.584221005 -0.0954945534 0.805957019
vn 0.789086342 -0.0619792901 0.611147463
vn 0.711232007 -0.148338988 0.687127769
vn 0.506633162 -0.298345596 0.808896065
vn 0.526597202 -0.295454413 0.797121048
vn 0.72007668 -0.126490861 0.682267964
vn 0.454093367 -0.47280544 0.755151808
vn 0.588202238 -0.487716854 0.645097136
vn 0.656486034 -0.307989806 0.688598752
vn 0.31413275 -0.449150592 0.836411595
vn 0.294315845 -0.876047492 0.381993592
vn 0.231923595 -0.807093978 0.542964816
vn 0.330277979 -0.860192358 0.38856867
vn -0.0409333967 -0.426744401 0.903445363
vn -0.00538923871 -0.580880105 0.813971281
vn 0.0733101293 -0.696792185 0.713516891
vn -0.0483114198 -0.267596185 0.962319136
vn -0.0837356001 -0.332803816 0.939270973
vn 0.0240163878 -0.487511903 0.872785985
vn 0.736740112 -0.466556937 0.489426762
vn 0.382259637 -0.309690893 0.870614111
vn 0.00184436899 -0.103231482 0.994655669
vn 0.798618495 -0.333685964 0.500861347
vn 0.375926226 -0.346324623 0.859499097
vn 0.80897969 -0.297524422 0.506982148
vn 0.787336648 -0.206372052 0.580957532
vn 0.241111085 -0.238372624 0.940767765
vn 0.82652843 -0.156405374 0.540729165
vn -0.552990794 -0.3094109 0.773605883
vn -0.154094473 -0.244787708 0.957253277
vn 0.768500388 -0.313177973 0.557966471
vn 0.732088387 -0.347148776 0.586117923
vn 0.668829858 -0.505100071 0.545472682
vn 0.660697997 -0.525323927 0.536202192
vn 0.192582294 -0.372479796 0.907838643
vn 0.192155421 -0.23661536 0.952412426
vn 0.416495621 -0.871138752 0.26009354
vn 0.42207095 -0.863688827 0.275495291
vn 0.294049442 -0.854447901 0.428314924
vn 0.40519464 -0.872595668 0.272753
vn 0.515529752 -0.850663006 0.10296414
vn 0.631741822 -0.77391094 -0.0443184599
vn 0.185438499 -0.784852087 0.59128648
vn 0.157204092 -0.612103522 0.774994314
vn 0.281994611 -0.694501817 0.661926329
vn 0.426322192 -0.735022008 0.527249455
vn 0.25879541 -0.45337081 0.852924347
vn 0.410966814 -0.539932609 0.73456049
vn 0.129177287 -0.336401641 0.932816744
vn 0.0108263856 -0.192493185 0.981238544
vn -0.199144259 -0.26145944 0.944447279
vn -0.030149797 -0.4244304 0.904958546
vn 0.169379577 -0.527983904 0.832191944
vn -0.531364322 -0.471250206 0.703971088
vn -0.39128831 -0.653097212 0.648349822
vn -0.191185206 -0.789505005 0.583206713
vn -0.482894659 -0.694485009 0.533388615
vn -0.320961654 -0.836770475 0.443620145
vn -0.631145656 -0.505546212 0.588284135
vn 0.322510153 -0.595784009 0.73554647
vn -0.0203284323 -0.876618147 0.480757058
vn -0.509675622 -0.503092766 0.697945833
vn -0.354760498 -0.6637218 0.658497095
vn -0.714678705 -0.306910872 0.628522038
vn -0.623127103 -0.323529243 0.712068558
vn -0.669142485 -0.11971616 0.733427763
vn -0.492661208 -0.130897537 0.860320091
vn -0.436104655 -0.297299147 0.849367917
vn -0.341035664 -0.458889335 0.82043606
vn -0.768323541 -0.098405771 0.632451773
vn -0.210308507 -0.61435008 0.760489583
vn -0.73556459 0.119578905 0.666817486
vn -0.673680902 0.0683162659 0.735857904
vn -0.610920012 -0.0945877433 0.786021531
vn -0.570320606 0.0193789694 0.821193576
vn -0.4623335 0.0761984065 0.88342607
vn -0.642663181 0.318901032 0.696624815
vn -0.586269379 0.295177996 0.754425704
vn 0.276525021 -0.322019905 0.905448616
vn -0.513062537 0.0817833766 0.854446173
vn 0.708483994 -0.680885553 -0.185594022
vn 0.743089676 -0.667693675 0.0447523594
vn 0.818005264 -0.569049358 -0.083965078
vn 0.660888016 -0.717794955 0.219083577
vn 0.748397052 -0.573020577 0.333989888
vn 0.837449729 -0.523011088 0.15854764
vn 0.541371465 -0.749247551 0.381503671
vn 0.64247483 -0.604206264 0.471339375
vn 0.614775836 -0.658829272 0.433583498
vn 0.718061566 -0.629984498 0.295816153
vn 0.816930056 -0.556046307 0.15309456
vn 0.472135335 -0.647432029 0.598264098
vn 0.157041863 -0.922289073 0.353158295
vn 0.532064319 -0.599125803 0.598294139
vn 0.288985252 -0.935675025 0.20248422
vn -0.202432424 -0.791371286 0.576847017
vn -0.183375537 -0.924634814 0.333802104
vn -0.0552430376 -0.883829951 0.464534968
vn -0.0467605218 -0.521502495 0.851967454
vn 0.100603983 -0.625884891 0.773399591
vn -0.0529964082 -0.719822168 0.692132592
vn -0.156368151 -0.366272986 0.917274833
vn -0.0885182545 0.00632763607 0.99605453
vn -0.13645874 0.146109998 0.979811609
vn 0.0586207584 0.163713381 0.984764695
vn 0.0968024805 -0.0081614824 0.995270073
vn -0.289967805 -0.041895967 0.956118941
vn -0.310689986 0.115466394 0.943471968
vn 0.152018175 -0.162178248 0.974981427
vn -0.0252611842 -0.176415578 0.983991563
vn -0.242519021 -0.22417444 0.943890989
vn -0.172395453 0.29912892 0.938510358
vn 0.0257546362 0.326204836 0.944948256
vn -0.384450257 0.272983968 0.881860435
vn 0.938868165 -0.323818624 -0.11691045
vn 0.907655001 -0.419704765 -0.00319197611
vn 0.879970729 -0.474079072 -0.0300090145
vn 0.904765129 -0.416856229 -0.087354809
vn 0.732550681 -0.679454684 0.0413629599
vn 0.587974012 -0.764680803 -0.263723046
vn 0.358496934 -0.92914927 0.0903414562
vn 0.00675582513 -0.97801584 0.208421275
vn 0.598936319 -0.744057834 -0.296062708
vn 0.526812553 -0.839567363 -0.132646918
vn 0.307198167 -0.908759475 -0.282463074
vn 0.377027154 -0.827081919 -0.416876465
vn 0.41039589 -0.911256969 0.0344388261
vn 0.222757995 -0.969504297 -0.102178134
vn 0.387521505 -0.800806701 -0.456656992
vn 0.300342023 -0.951399982 -0.0680643469
vn 0.520735443 -0.74846983 -0.410642833
vn 0.423284858 -0.903304994 -0.0697863102
vn 0.503288805 -0.787622571 -0.355459154
vn 0.0973842368 -0.99372834 0.0549581125
vn -0.0306142792 -0.979776502 0.19773908
vn 0.232151866 -0.959042728 0.162303984
vn 0.349201441 -0.937038064 0.00423135376
vn 0.0978642851 -0.941459715 0.322608203
vn 0.442304909 -0.879649937 -0.174878195
vn 0.242142797 -0.857509673 0.453920782
vn 0.0954194814 -0.798792183 0.593991697
vn 0.239915058 -0.685640633 0.687268317
vn 0.397641599 -0.729674518 0.556288004
vn 0.388365746 -0.87152946 0.299346566
vn 0.533129334 -0.74467963 0.401528686
vn 0.507863045 -0.853856981 0.114032522
vn 0.0793729573 -0.332779944 0.939658225
vn 0.212053686 -0.456499606 0.864084184
vn -0.0379707702 -0.311355978 0.949534476
vn 0.371456474 -0.522445142 0.767509758
vn 0.302245736 -0.243219987 0.921678603
vn 0.445998609 -0.323083758 0.834686875
vn 0.573082745 -0.368202686 0.732122183
vn 0.511988521 -0.564298809 0.647637665
vn 0.263447255 0.157359898 0.951752722
vn 0.442887872 0.110244513 0.889773309
vn 0.471110016 -0.101969898 0.876160622
vn 0.297179103 -0.0308528394 0.954323173
vn 0.219651669 0.331133127 0.917662323
vn 0.399454325 0.303177476 0.8651703
vn 0.597706497 0.0511749983 0.800080001
vn 0.604248524 -0.158482939 0.780875623
vn 0.558106124 0.255751669 0.789372325
vn 0.118980676 -0.948509872 0.293551922
vn 0.282327414 -0.906400979 0.314211011
vn 0.32144171 -0.900353193 0.29332462
vn 0.657833338 -0.718610764 -0.225508183
vn 0.686774433 -0.644425035 -0.336240083
vn 0.624705553 -0.780668497 -0.0173119437
vn 0.611331403 -0.789600372 -0.0529625416
vn 0.793586969 -0.597914755 -0.112772658
vn 0.821709156 -0.517063379 -0.239665315
vn 0.726409614 -0.685646176 0.0470979549
vn 0.649707854 -0.724373877 0.230569124
vn 0.741618454 -0.575950384 0.343923241
vn 0.827816308 -0.540645063 0.149742901
vn 0.893286467 -0.448591977 -0.028365586
vn 0.411811411 -0.83095789 0.37405926
vn 0.41868633 -0.831481576 0.365157634
vn 0.920049787 -0.374067277 -0.11654193
vn 0.630498648 -0.593898952 0.499755412
vn 0.700556934 -0.406936377 0.586193264
vn 0.80325985 -0.422395766 0.419946909
vn 0.897516072 -0.358775973 0.256407201
vn 0.713675857 -0.199139208 0.671573043
vn 0.835309148 -0.240005016 0.494627506
vn 0.715297878 -0.00253137806 0.698815107
vn 0.833946168 -0.0214546937 0.551428556
vn 0.700160861 0.202304378 0.68472445
vn 0.626244128 -0.703398108 0.336228371
vn 0.515643477 -0.721727788 0.461758494
vn 0.521306753 -0.717259824 0.462360919
vn 0.741440892 -0.66889745 0.0533066913
vn 0.848851979 -0.508607984 0.144112006
vn 0.614116013 -0.600493848 0.512121677
vn 0.590031385 -0.594611824 0.546168327
vn 0.96294558 -0.261466682 0.0661141351
vn 0.980327964 -0.195266426 -0.0287741609
vn 0.94050926 -0.167575642 0.295568556
vn 0.986521482 -0.0775573403 0.144083932
vn 0.993147314 -0.0373195186 0.110750079
vn 0.896300912 -0.341682315 0.282662302
vn 0.633559406 -0.471550763 0.613385916
vn 0.652579844 -0.462577045 0.600135088
vn 0.67050457 -0.287605464 0.68389082
vn 0.789623559 -0.259108752 0.556198835
vn 0.768079579 -0.427771389 0.476513684
vn 0.700006187 -0.5657987 0.43573314
vn 0.634855986 -0.313306481 0.706255555
vn 0.877982914 -0.18189238 0.442787915
vn 0.959477723 0.159858093 0.232051447
vn 0.822269857 -0.0376423746 0.567851543
vn 0.978340447 0.0852539539 0.188631445
vn 0.606564581 -0.167421877 0.777206004
vn 0.780282795 -0.535718024 0.322746038
vn 0.834199548 -0.411449492 0.367179096
vn 0.870227635 -0.256898731 0.420365095
vn 0.899802983 -0.362524033 0.242756978
vn 0.940043867 -0.218128949 0.262178242
vn 0.942116857 -0.309319526 0.129373088
vn 0.692266941 -0.130568892 0.709731162
vn 0.799185038 -0.107867688 0.59132719
vn 0.88372916 -0.0976005569 0.457708448
vn 0.1166972 0.528980434 -0.840572119
vn 0.294300079 0.669637084 -0.681889713
vn 0.110957727 0.680426359 -0.724367559
vn 0.464857191 0.659175754 -0.59109652
vn 0.134355679 0.68968904 -0.711531937
vn 0.0534451455 0.153456479 -0.986709058
vn -0.150813311 0.158274814 -0.975809634
vn -0.0678521991 0.7087726 -0.702166319
vn 0.342551023 0.618778825 -0.70694524
vn 0.307433486 -0.0127159031 -0.95148468
vn 0.524383426 0.564326465 -0.637618721
vn 0.141524762 -0.62263453 -0.769608378
vn 0.556317568 -0.148556069 -0.817582905
vn 0.298104644 -0.689286888 -0.66031599
vn 0.127826005 -0.675984919 -0.725744367
vn 0.289539248 -0.679229975 -0.67439872
vn 0.694356382 0.491450548 -0.525685728
vn 0.702009201 -0.261974841 -0.662232816
vn 0.426223606 -0.738939762 -0.521825075
vn 0.162549689 -0.540810406 -0.825288832
vn 0.1760111 -0.386156023 -0.905485332
vn 0.187814623 -0.215260848 -0.958325863
vn 0.335892707 -0.541623056 -0.770597458
vn 0.359966069 -0.390207767 -0.847444594
vn 0.372130036 -0.21685499 -0.902492702
vn 0.178020954 -0.0175496545 -0.983870208
vn 0.373626113 -0.0177704357 -0.927409112
vn 0.37062034 0.172301844 -0.912662327
vn 0.363604218 0.343713522 -0.865824997
vn 0.36434111 0.515118062 -0.775827885
vn 0.339314252 0.680124283 -0.649843812
vn 0.325984567 0.806159616 -0.493802458
vn 0.146348432 0.96819979 -0.20290719
vn 0.126357228 0.990086496 -0.0613398068
vn 0.297758132 0.896493673 -0.32808423
vn 0.308287531 0.940305471 -0.144167528
vn 0.49154225 0.774096906 -0.398948848
vn 0.463932067 0.857687235 -0.221674398
vn 0.41635415 0.908587039 -0.0334471352
vn 0.437584758 0.894071341 -0.0956877396
vn 0.321092457 0.944431305 -0.070351325
vn -0.0480518527 0.660995245 -0.748849988
vn -0.137327358 0.550380707 -0.823542535
vn -0.0632550195 0.698330641 -0.712974846
vn 0.00209341152 0.851225555 -0.524795771
vn 0.120625608 0.697444141 -0.706414342
vn 0.215341851 0.835529447 -0.505488157
vn 0.118729867 0.954781413 -0.27257216
vn 0.294863135 0.923267901 -0.246235907
vn 0.310433298 0.664233863 -0.680018127
vn 0.0751853436 0.526650429 -0.846750557
vn 0.269685626 0.498262227 -0.824017227
vn 0.405111313 0.780591249 -0.475985497
vn 0.45316878 0.412942141 -0.790010512
vn 0.495800197 0.567862272 -0.657049954
vn 0.581629276 0.691276252 -0.428770989
vn 0.00547034619 0.947349608 -0.32015422
vn -0.310872734 0.80337894 -0.507878244
vn -0.396989107 0.839002728 -0.372120887
vn -0.0617303364 0.979282081 -0.192862988
vn 0.0741508156 0.911080182 -0.405505151
vn -0.207793131 0.757696629 -0.618641913
vn -0.0963247269 0.717634201 -0.689726472
vn -0.0645283014 0.732988477 -0.677173555
vn -0.182080314 0.780870497 -0.597568452
vn -0.309839427 0.808510542 -0.500310063
vn 0.0050482885 0.980982721 -0.194029003
vn 0.611857355 0.635766745 -0.470564693
vn 0.71444124 0.611976802 -0.339202136
vn 0.816014409 0.35905841 -0.452987373
vn 0.764298499 0.195914343 -0.614382148
vn 0.594106376 -0.310353547 -0.742103994
vn 0.0544865541 -0.43784982 -0.897395551
vn 0.101537772 -0.661980748 -0.742611349
vn 0.600374818 -0.617548048 -0.508118749
vn 0.711875021 -0.149109215 -0.686294615
vn -0.0451180004 -0.426637709 -0.90329653
vn 0.513274372 -0.76127553 -0.396243542
vn 0.556530356 -0.402251214 -0.726957977
vn 0.663814723 -0.156906292 -0.731252611
vn 0.443840861 -0.680486739 -0.583046377
vn 0.553162873 -0.687744319 -0.470125973
vn 0.613223612 -0.549945235 -0.567024708
vn 0.491879553 -0.541765034 -0.681575537
vn 0.540307999 -0.701935947 -0.464061588
vn 0.683255911 -0.549032331 -0.481378019
vn 0.518813252 -0.40318504 -0.75383997
vn 0.656183481 -0.416544199 -0.629217088
vn 0.691035092 -0.236268967 -0.683116019
vn 0.538175523 -0.233410776 -0.809868157
vn 0.555314243 -0.0232754294 -0.831314802
vn 0.550880849 0.168569982 -0.817382634
vn 0.709998608 -0.0353594124 -0.703314662
vn 0.705795228 0.143464744 -0.693736911
vn 0.543727338 0.343683034 -0.765664876
vn 0.542882562 0.509928167 -0.667271852
vn 0.700894535 0.327488512 -0.633638799
vn 0.688301861 0.493457764 -0.531732976
vn 0.517366052 0.664518833 -0.539209604
vn 0.645445406 0.636596024 -0.422073036
vn 0.690717995 0.352250397 -0.631528556
vn 0.599795759 0.53260237 -0.597142994
vn 0.49608621 0.682151258 -0.537185431
vn 0.336909354 0.936235428 -0.0997760147
vn 0.310330957 0.909779608 -0.275673062
vn 0.44924137 0.741358876 -0.498567224
vn 0.280237883 0.865690291 -0.414785594
vn 0.482857347 0.643203676 -0.594253898
vn 0.662461102 0.732223749 -0.158094034
vn 0.482538402 0.849702001 -0.212516487
vn 0.74452126 0.545177758 -0.385317057
vn 0.801423013 0.580494463 -0.144038975
vn 0.641443849 0.445006132 -0.62491554
vn 0.486435801 0.865890265 0.116681054
vn 0.300670862 0.952485263 0.0486727841
vn 0.655373156 0.746642172 0.114067659
vn 0.79001838 0.601066232 0.120789714
vn 0.758438468 0.584526658 0.288270235
vn 0.586140156 0.735295773 0.34026432
vn 0.427565664 0.849976242 0.307779074
vn 0.240316167 0.899950624 0.363781512
vn 0.823313832 0.410078138 -0.392415911
vn 0.905665934 0.399092674 -0.14315781
vn 0.888989031 0.44247812 0.117947653
vn 0.842897654 0.529873431 0.0935826153
vn 0.255206347 0.961941659 0.0976624787
vn 0.0531177521 0.902025998 0.428401232
vn 0.051061295 0.96070981 0.272817552
vn 0.134940609 0.990792811 0.0109910071
vn 0.582120717 0.771551609 -0.256600171
vn 0.517561793 0.815429628 -0.259237856
vn 0.143550023 0.771298051 -0.620074749
vn 0.0590123832 0.666217208 -0.74341923
vn 0.159602761 0.580184102 -0.798694789
vn 0.168023795 0.569249749 -0.804812253
vn 0.0828958675 0.632362127 -0.770224988
vn 0.0928353518 0.608673215 -0.787971199
vn 0.244838595 0.766275227 -0.594033957
vn 0.123443924 0.851569831 -0.509500086
vn -0.00983087718 0.908209503 -0.418400347
vn -0.123753734 0.937032223 -0.326581687
vn -0.676265895 -0.58440268 -0.448484004
vn -0.842868805 -0.264443398 -0.468659669
vn 0.2003389 -0.614008605 -0.763451278
vn -0.377810657 -0.861011863 -0.340466976
vn -0.793269217 -0.605932772 -0.0597455315
vn -0.648185015 -0.754491448 0.10294991
vn -0.71953541 -0.690918326 -0.0700052604
vn -0.817617774 -0.52572608 -0.234762534
vn -0.922001421 -0.334635347 -0.194762349
vn -0.607544601 -0.781460047 0.142160863
vn -0.479960144 -0.655157864 -0.583443522
vn -0.693657875 -0.473589838 -0.542725861
vn -0.874183416 -0.249998912 -0.416297764
vn -0.183256209 -0.717409313 -0.672116816
vn -0.501376688 -0.84548682 0.183775231
vn -0.514706969 -0.848785162 0.120997608
vn -0.496090829 -0.784629464 -0.371820688
vn -0.663800359 -0.725407004 -0.182081744
vn -0.795714855 0.0490549207 -0.603681684
vn -0.637732267 0.345517427 -0.688414931
vn -0.599902868 0.437614739 -0.669783354
vn -0.822855771 0.210951626 -0.527643681
vn -0.96079129 -0.0330007561 -0.275301456
vn -0.703578234 -0.196536765 -0.682898939
vn -0.572440565 0.098155342 -0.814049959
vn -0.713786304 -0.203277886 -0.670214355
vn 0.212855145 -0.605636835 -0.766744196
vn 0.430790156 -0.477481246 -0.765788138
vn 0.718730807 -0.413788319 -0.558753431
vn 0.435257733 -0.41515258 -0.798873603
vn -0.601220608 -0.108867481 -0.791632235
vn -0.303101838 0.00113646931 -0.952957511
vn -0.314864278 0.560531437 -0.765940607
vn -0.205445498 0.440408736 -0.873974979
vn -0.297522455 0.323775083 -0.898137033
vn 0.751402974 -0.248240203 -0.611367583
vn 0.755685568 -0.0459942706 -0.65331769
vn 0.747923791 0.147258192 -0.647244334
vn 0.495666593 0.131173566 -0.858549953
vn 0.443035245 0.286761165 -0.849404335
vn 0.343759418 0.480309099 -0.806927979
vn 0.309618056 0.159407824 -0.937403738
vn 0.322616488 0.328353465 -0.8877514
vn 0.526462615 -0.0466238596 -0.848918974
vn 0.325083733 -0.0597456396 -0.943796039
vn 0.244954735 0.650950313 -0.718513072
vn 0.320149928 0.505748272 -0.801075995
vn 0.308870554 0.658076286 -0.686683774
vn 0.152318522 0.770861089 -0.618524253
vn 0.39093554 0.79245919 -0.468164206
vn 0.573758662 0.767056286 -0.287098885
vn 0.276826233 0.771111369 -0.573371291
vn 0.254970521 0.880209267 -0.400277287
vn 0.45911023 0.823410749 -0.333485365
vn 0.437148154 0.885047793 -0.159974903
vn 0.234688535 0.944821 -0.22854878
vn 0.0659884587 0.878696501 -0.47279802
vn 0.458246291 0.743124545 -0.487622917
vn 0.0110614346 0.961879492 -0.273249805
vn 0.745131254 0.567804098 -0.349825531
vn 0.712083697 0.363030285 -0.600954115
vn 0.510127962 0.678703368 -0.528328657
vn 0.396598637 0.903853953 -0.160491705
vn 0.448280364 0.889562964 -0.0878771544
vn 0.852749825 0.504800797 -0.134141415
vn 0.137317732 0.94336015 -0.30201897
vn 0.0331113301 0.9962129 -0.0803955868
vn 0.258298308 0.964164555 -0.0605689511
vn 0.268869519 0.961516738 0.0565232895
vn 0.149294838 0.988770306 0.00664562592
vn 0.118672602 0.934918523 -0.334431142
vn 0.818588018 0.573987603 0.0212604348
vn 0.294041127 0.946591318 -0.132304862
vn 0.389188588 0.70368737 -0.594437897
vn 0.73292315 0.607050538 -0.307104856
vn 0.195032209 0.970916033 -0.13886866
vn 0.089085348 0.976174235 -0.197857872
vn 0.205201969 0.912334144 -0.354314148
vn 0.242616966 0.849644125 -0.468232751
vn -0.0152438218 0.7369771 -0.675745785
vn -0.132425413 0.671174109 -0.72937572
vn 0.0184303671 0.742336154 -0.669774234
vn -0.076454401 0.625221252 -0.776693583
vn 0.0747993216 0.726301134 -0.683294773
vn 0.30608049 0.652939498 -0.692809284
vn 0.510881245 0.628450871 -0.586557627
vn 0.480125427 0.709134102 -0.516341507
vn 0.304593593 0.67334497 -0.673668504
vn 0.286030173 0.781914532 -0.553891957
vn 0.48901844 0.751811266 -0.442313164
vn 0.274394989 0.773161173 -0.571777046
vn 0.45078364 -0.583321214 -0.675670326
vn 0.109201767 -0.664103568 -0.739622355
vn 0.394062132 -0.462815523 -0.794050813
vn 0.373086065 0.631820917 -0.679418206
vn 0.0276155956 0.674686253 -0.73758781
vn 0.0540159121 0.440645218 -0.896054804
vn 0.394508898 0.376771748 -0.838096499
vn 0.647988379 0.22126855 -0.72880131
vn 0.680323243 0.435357273 -0.589596808
vn 0.342208326 0.626303256 -0.700455368
vn 0.0663357154 0.643330157 -0.762709558
vn 0.476457953 0.326903999 -0.816162705
vn 0.444662482 -0.0558839142 -0.893953204
vn 0.475504905 0.133237362 -0.869564772
vn 0.399493605 0.0130427452 -0.916643202
vn 0.539112449 0.103990369 -0.835789204
vn 0.350521058 -0.204800025 -0.913888395
vn 0.245756537 -0.0425572172 -0.968396962
vn 0.31443283 -0.213807121 -0.924888432
vn 0.482240856 0.313941747 -0.817853451
vn 0.633940578 0.253189445 -0.730762959
vn 0.495609581 0.486691773 -0.719376266
vn 0.482306272 0.625877321 -0.612909675
vn 0.651081562 0.426583737 -0.62778908
vn 0.644707441 0.549124897 -0.531802773
vn 0.639834523 0.657593668 -0.397721499
vn 0.626097083 0.743474722 -0.235048205
vn 0.613803327 0.785347462 -0.0804660916
vn 0.670697987 0.718013227 0.186068043
vn 0.864183009 0.471077025 0.176844656
vn 0.730397224 0.68282938 -0.0162425544
vn 0.576112151 0.817283452 0.0119389817
vn 0.623805821 0.671481788 0.399973154
vn 0.784842193 0.466072708 0.408410102
vn 0.564293444 0.798930347 0.208045885
vn 0.641571999 0.707506835 0.296343327
vn 0.458424598 0.883000195 0.100784905
vn 0.465905458 0.81288898 0.349490553
vn 0.545985639 0.810674608 0.211438775
vn 0.74415493 0.663632214 0.0763266459
vn 0.923819184 0.382792354 -0.00531493826
vn 0.959874809 0.280311614 -0.00810503121
vn 0.807427287 0.57012713 -0.151710629
vn 0.882060707 0.0202271678 -0.470701486
vn 0.779583931 0.281830341 -0.559303641
vn 0.877661943 -0.0120673412 -0.479128361
vn 0.817467272 -0.0311279278 -0.575133264
vn 0.7222718 0.175956354 -0.668851852
vn 0.819800556 -0.0649729297 -0.568951309
vn 0.940947294 -0.0238554999 -0.337711513
vn 0.912936032 0.0789956301 -0.400384188
vn 0.810708344 0.271178633 -0.518858433
vn 0.443993121 0.895855904 0.0176690146
vn 0.583498299 0.808944464 0.0716836154
vn 0.36050728 0.924767792 -0.121815309
vn 0.451651603 0.876572847 -0.166225523
vn 0.561541736 0.799040318 -0.21495451
vn 0.653154135 0.417201072 -0.631927907
vn 0.563874125 0.33404544 -0.755287826
vn 0.593979537 0.498977929 -0.631038249
vn 0.963181615 0.228196621 -0.142153308
vn 0.856298685 0.434028089 -0.279950351
vn 0.703172743 0.575352311 -0.41775322
vn 0.670496404 0.570820808 -0.473917812
vn 0.646894693 0.665793836 -0.371814191
vn 0.673380375 0.647101879 -0.357516408
vn 0.80906558 0.526623666 -0.260922343
vn 0.800556123 0.463160068 -0.380253196
vn 0.783726454 0.566942453 -0.253671259
vn 0.662365198 0.706920505 -0.248064235
vn 0.818526447 0.56496942 -0.104038477
vn 0.463778913 0.803209007 -0.373850733
vn 0.502879202 0.66222316 -0.555493474
vn 0.84247756 0.114171334 -0.526494563
vn 0.472579658 0.0458619557 -0.880093813
vn 0.215050876 -0.0858175606 -0.97282505
vn 0.101865016 0.11329861 -0.988325238
vn 0.158028007 0.231658623 -0.959875703
vn 0.830888093 -0.0195064656 -0.556097567
vn 0.897410452 -0.286276788 -0.335708499
vn 0.787519932 -0.207161725 -0.580427825
vn 0.390621752 -0.222710729 -0.893204689
vn 0.13270852 0.13586016 -0.981799603
vn 0.261694282 0.0466269366 -0.964023888
vn 0.320553988 0.2455827 -0.914841175
vn 0.269448966 0.256046325 -0.928352058
vn 0.42136693 0.333736926 -0.843249381
vn 0.355678886 0.406996667 -0.841336012
vn 0.559406161 0.355473191 -0.748801351
vn 0.422535926 0.538789332 -0.728813767
vn 0.730706036 0.489878684 -0.475486726
vn 0.60917747 0.645102739 -0.461243123
vn 0.675031662 0.665748179 -0.317980558
vn 0.754101753 0.574674428 -0.317930609
vn 0.656546652 0.408806205 -0.633895874
vn 0.528999686 0.623181105 -0.57602483
vn 0.50673759 0.631617606 -0.586750627
vn 0.495893717 0.745753288 -0.444905996
vn 0.5210886 0.483646154 -0.703244627
vn 0.524906754 0.814019024 -0.248688489
vn 0.736600518 0.676209033 -0.0126910023
vn 0.754795015 0.635522008 -0.162469015
vn 0.723630011 0.678556204 -0.126178399
vn 0.760861397 0.647330821 0.0453070514
vn 0.698874712 0.699301124 0.150173172
vn 0.71999979 0.669505656 0.182653978
vn 0.587922812 0.759911895 0.277273625
vn 0.445534557 0.886184752 -0.127183139
vn 0.254718184 0.953099072 -0.163465023
vn 0.554645002 0.831909239 0.0172024406
vn 0.0943651944 0.822390079 -0.561043441
vn -0.111193873 0.858223975 -0.501086414
vn 0.0250196643 0.994198203 -0.104613006
vn -0.304924458 0.883778751 -0.354903132
vn -0.0190635845 0.987182081 -0.158455819
vn -0.206011042 0.922669828 -0.325944632
vn 0.40901044 0.61549902 -0.673699796
vn 0.536945164 0.703959763 -0.464898378
vn 0.739938021 0.585499883 -0.331182122
vn 0.938059628 0.34606564 -0.0168154407
vn 0.998895466 0.0213746689 -0.0418437645
vn 0.994367957 0.0919696242 0.0526668392
vn 0.969856977 0.174854934 -0.169715121
vn 0.912734747 0.356031537 -0.200392008
vn 0.975973189 0.187013477 0.111814365
vn -0.0997741967 0.121206246 -0.987600267
vn -0.270138621 0.158474326 -0.949689925
vn 0.327298671 -0.392240226 -0.859664619
vn 0.0320693925 0.148122728 -0.988448858
vn 0.473199427 -0.251959831 -0.84415555
vn 0.480988055 -0.302059084 -0.823049664
vn 0.394157171 -0.386680752 -0.833737493
vn 0.566210091 -0.551427186 -0.612645209
vn 0.293467283 -0.319962919 -0.900833309
vn 0.574114561 -0.129484043 -0.80847162
vn 0.453233957 -0.0630797446 -0.889156878
vn 0.34134528 -0.214538366 -0.915126503
vn 0.491251111 -0.0523078702 -0.86944592
vn 0.625952542 0.0423285849 -0.778711498
vn 0.500261784 0.124503478 -0.856876194
vn 0.453265995 0.125801414 -0.882453322
vn -0.310122818 0.588564694 -0.746602535
vn -0.156428486 0.629313171 -0.761245728
vn 0.0527349487 0.169833004 -0.984060824
vn 0.518179476 0.310981363 -0.796731174
vn 0.656093359 0.238444805 -0.716020763
vn 0.663625777 0.409509212 -0.626021743
vn 0.648004055 0.553573966 -0.523112476
vn 0.629843175 0.683815122 -0.368367136
vn 0.522738338 0.85014385 -0.0632465705
vn 0.584318638 0.784148097 -0.209006265
vn 0.528094172 0.846032143 -0.0731175989
vn 0.343460262 0.895649731 -0.282571524
vn 0.572552264 0.595486045 -0.563542604
vn 0.596246541 0.707090676 -0.380148351
vn 0.581880629 0.78864038 -0.198648691
vn 0.583946168 0.781497657 -0.219700307
vn 0.304230839 0.834176898 -0.459991783
vn 0.342368364 0.888344765 -0.305985987
vn 0.450325966 0.760891736 -0.467172563
vn 0.268005013 0.744174361 -0.611864209
vn 0.37113148 0.617434204 -0.693567932
vn -0.0735511854 0.873920918 -0.480471104
vn 0.103259988 0.912372947 -0.396122456
vn -0.10881263 0.973322749 -0.201996222
vn -0.286400914 0.915867269 -0.281356722
vn 0.0929893851 0.745977104 -0.659447491
vn 0.252745509 0.762404203 -0.5957008
vn 0.248734325 0.913617969 -0.321610749
vn 0.0685345903 0.991476238 -0.110804766
vn -0.0758624002 0.988791883 0.128590271
vn -0.242942363 0.968601823 0.0528152324
vn -0.110331587 0.981170297 -0.158529937
vn 0.416653246 0.753769279 -0.508165359
vn 0.501339734 0.598810852 -0.624567151
vn 0.574380517 0.712739706 -0.402602881
vn 0.428091884 0.871970594 -0.237496555
vn 0.244716406 0.968328059 -0.0495453998
vn 0.0975304917 0.97393167 0.204804838
vn 0.286509275 0.921814203 0.261095792
vn 0.167103112 0.848991692 0.501288056
vn -0.0265459195 0.890783131 0.45365262
vn -0.185295284 0.908346653 0.374929279
vn 0.436054438 0.898947239 0.0418351963
vn -0.204287156 0.910431862 0.359694988
vn 0.594575584 0.792693973 0.134596229
vn 0.442282408 0.846464038 0.296453595
vn 0.358983457 0.767317474 0.531370759
vn -0.266690284 0.618512094 -0.739134014
vn -0.121558093 0.556706846 -0.821767032
vn 0.00211340934 0.602265418 -0.798293173
vn -0.147533566 0.681439877 -0.716849685
vn 0.492131799 0.267825723 -0.828296781
vn 0.179715246 0.26135838 -0.94836396
vn 0.291331947 0.346826285 -0.891536474
vn 0.547613382 0.443695784 -0.709403694
vn 0.305632204 0.551496446 -0.776170492
vn 0.306814581 0.708363652 -0.635677397
vn 0.217331693 0.922078729 -0.320215195
vn 0.40584439 0.772018254 -0.489160538
vn 0.233670503 0.861887276 -0.450053722
vn 0.383489668 0.865136027 -0.323226452
vn 0.352978855 0.916133046 -0.190015927
vn 0.51492691 0.760608315 -0.395379812
vn 0.8012591 0.575921595 -0.162167177
vn 0.701482117 0.656303704 -0.277827859
vn 0.755607069 0.540560722 -0.369935125
vn 0.855732262 0.465659857 -0.22557269
vn 0.709754229 0.704383552 -0.00962949451
vn 0.597155213 0.792992532 -0.120699845
vn 0.880402923 0.445980817 -0.161219761
vn 0.87966758 0.472266197 -0.0561219454
vn 0.797654092 0.595933974 0.0927929878
vn 0.63969779 0.567771375 -0.518094897
vn 0.755232871 0.629310727 -0.183279142
vn 0.76148504 0.647320628 0.0334140472
vn 0.709220409 0.66060549 0.246184304
vn 0.707962692 0.66802299 0.229203388
vn 0.252711803 0.51713562 -0.817745388
vn 0.111151181 0.653380454 -0.748825371
vn -0.00544780679 0.746546209 -0.665311158
vn 0.019084448 0.609073043 -0.792884409
vn 0.111390375 0.791005194 -0.601583719
vn 0.144137725 0.698750794 -0.700693548
vn 0.326739609 0.451694071 -0.83018893
vn 0.493278414 0.507164121 -0.706725597
vn 0.552035153 0.423630744 -0.718188167
vn 0.387105435 0.387445122 -0.836681306
vn 0.27818507 0.773120582 -0.569997907
vn 0.340816617 0.830209434 -0.441130817
vn 0.598671913 0.571366787 -0.561366081
vn 0.700969875 0.43663913 -0.563903689
vn 0.516379476 0.583705783 -0.626609802
vn 0.360066116 0.557821691 -0.747788191
vn 0.653800368 0.579714358 -0.486288339
vn 0.300719261 0.72507602 -0.61954236
vn 0.456303537 0.73637557 -0.499538034
vn 0.595137417 0.72647804 -0.343571156
vn 0.763373792 0.469150752 -0.444024563
vn 0.744470298 0.571922064 -0.344483942
vn 0.696412802 0.697305024 -0.1696316
vn 0.620496273 0.784058869 -0.0153632378
vn 0.508167326 0.847181559 -0.155078486
vn 0.556287229 0.82662189 0.0850917697
vn 0.476246506 0.876352549 -0.0720794648
vn 0.656119347 0.750553846 0.0785895586
vn 0.571624398 0.803726733 0.165133014
vn 0.693465471 0.714073181 -0.0959426016
vn 0.738769293 0.671203315 -0.06087723
vn 0.69849962 0.714410663 -0.0414211378
vn 0.653107107 0.710058808 -0.263187349
vn 0.371262223 0.899168015 -0.231649294
vn 0.375217497 0.826736391 -0.419188172
vn 0.424153239 0.894989014 -0.138161898
vn -0.0207215883 0.862970591 -0.504829049
vn 0.0510769784 0.732447565 -0.678904772
vn -0.0349561945 0.711114943 -0.702206194
vn -0.0156147713 0.809154153 -0.587388813
vn 0.590740919 0.700023472 -0.401238352
vn 0.12639004 0.898790777 -0.419762671
vn -0.114793845 0.788168609 -0.604659081
vn -0.164569244 0.848272026 -0.503340364
vn 0.236823827 0.943053186 -0.233591959
vn -0.203334838 0.909672558 -0.362147391
vn -0.0284746494 0.724510491 -0.688675463
vn 0.383358657 0.548688948 -0.742951274
vn 0.222956344 0.693844438 -0.68474102
vn 0.480691969 0.578327239 -0.659145594
vn 0.352401644 0.724802434 -0.592008829
vn 0.205543563 0.830067694 -0.518400908
vn 0.45829311 0.743278027 -0.48734501
vn 0.308159202 0.855978668 -0.415136606
vn 0.557970583 0.614430547 -0.557802856
vn 0.384415299 0.861135364 -0.332672268
vn 0.60299325 0.65059942 -0.461648792
vn 0.397877127 0.86235702 -0.313103974
vn 0.432725281 0.681347251 -0.590351462
vn 0.571059346 0.597090185 -0.563360155
vn 0.288879067 0.83306551 -0.471752763
vn 0.65399766 0.667847335 -0.355340689
vn 0.0103748152 0.60439688 -0.796615839
vn 0.0614641681 0.597467244 -0.799534202
vn 0.151622504 0.700052917 -0.697808325
vn 0.178325444 0.881626487 -0.436960697
vn -0.164979562 0.826158702 -0.538742602
vn -0.229478538 0.878961921 -0.418049544
vn 0.276888728 0.933829069 -0.226485938
vn -0.142513245 0.716623843 -0.682744503
vn -0.226857722 0.806356192 -0.546191633
vn -0.298648089 0.840889215 -0.45134756
vn -0.192119241 0.810005128 -0.554059505
vn -0.0139337545 0.705888629 -0.708185852
vn -0.213615999 0.908510327 -0.35913375
vn -0.114557222 0.882646859 -0.455863059
vn 0.0902338922 0.78512913 -0.612723529
vn 0.0983317569 0.785176873 -0.611414969
vn 0.0116632339 0.860005558 -0.510151446
vn -0.0906452239 0.911626279 -0.400900364
vn 0.222490281 0.840455115 -0.494098455
vn 0.220264524 0.84424144 -0.488610148
vn 0.157387003 0.91055721 -0.382249892
vn 0.529389858 0.758143425 -0.380742759
vn 0.527394831 0.753249407 -0.393026799
vn 0.380911261 0.851227105 -0.36099723
vn 0.624058425 0.646528721 -0.438807189
vn 0.66037935 0.656567514 -0.364442289
vn 0.183524415 0.670546889 -0.718808532
vn 0.369442582 0.609281659 -0.70163244
vn 0.194770589 0.336983442 -0.921144187
vn 0.0219988935 0.420473635 -0.907038033
vn -0.111108005 0.485634238 -0.867072284
vn 0.587679088 0.558161795 -0.585737646
vn -0.170314386 0.610468686 -0.773512006
vn 0.0210547931 0.568079054 -0.822704673
vn -0.0667679533 0.658618212 -0.749509335
vn -0.154503927 0.736853302 -0.658160746
vn -0.011801945 0.800043404 -0.599826157
vn -0.0996781737 0.873445034 -0.476611018
vn 0.0736255869 0.731060147 -0.678328991
vn 0.213279173 0.782676816 -0.584746957
vn 0.116625987 0.869209468 -0.480492771
vn 0.0260295663 0.928959668 -0.369264752
vn -0.0583260059 0.96120131 -0.26961115
vn 0.00748440158 0.941605389 -0.336635262
vn 0.136338726 0.957373977 -0.254650325
vn 0.0574909672 0.990391612 -0.12577495
vn 0.165107369 0.963845849 -0.209142596
vn 0.354154468 0.858655691 -0.370520055
vn 0.276539922 0.956252337 -0.0954317972
vn 0.482836962 0.83873415 -0.251780868
vn 0.482916772 0.850932181 -0.206653863
vn 0.358919501 0.862815201 -0.355987161
vn 0.783205748 0.510472 -0.354974627
vn 0.729847133 0.482833236 -0.483937174
vn 0.241541058 0.194813162 -0.95063436
vn 0.338241488 0.264809042 -0.903033137
vn 0.516879559 0.225216091 -0.825901449
vn 0.378789783 0.0433433577 -0.924467266
vn 0.192684039 0.355921417 -0.914435744
vn 0.39696151 0.265470505 -0.878605127
vn 0.316583782 0.393425882 -0.863128483
vn 0.452331036 0.125137672 -0.883027375
vn 0.0970959738 0.447645277 -0.888924062
vn 0.2423051 0.519107401 -0.819643676
vn 0.150673345 0.640605032 -0.752942622
vn 0.446520388 0.445934653 -0.775733113
vn 0.394387335 0.57321769 -0.71824789
vn 0.528452933 0.30147922 -0.793629527
vn 0.287003547 0.691499889 -0.662915409
vn 0.328570276 0.825581729 -0.458755136
vn 0.263678163 0.895112157 -0.359510869
vn 0.428925395 0.717404723 -0.548956692
vn 0.441583753 0.83566767 -0.326593488
vn 0.362326801 0.900615573 -0.240023002
vn 0.277341038 0.954557717 -0.109093666
vn 0.146749645 0.989034593 -0.0165876392
vn 0.281258404 0.953468204 0.108590782
vn 0.384983718 0.921506584 0.0511193052
vn 0.573219299 0.815153599 -0.0833311379
vn 0.367119372 0.929964781 0.0197204687
vn 0.423192739 -0.0775390118 -0.902715623
vn 0.481017917 -0.0366254188 -0.87594533
vn 0.710140467 0.125132069 -0.692850888
vn 0.637092531 0.0122799724 -0.770689487
vn 0.577156067 0.158077523 -0.801188052
vn 0.761478484 -0.240996853 -0.601723492
vn 0.740886569 -0.0939502865 -0.665026546
vn 0.738075495 0.0432787873 -0.673328638
vn 0.663266182 0.334151506 -0.66964227
vn 0.580055714 0.48342815 -0.655616224
vn 0.518804491 0.606723368 -0.60226953
vn 0.621382415 0.617388725 -0.482405633
vn 0.5430004 0.727382243 -0.419601798
vn 0.695755243 0.492193788 -0.523134828
vn 0.454358846 0.88652271 -0.0873812065
vn 0.550104082 0.813435018 -0.188968226
vn 0.629858077 0.775233269 -0.047876589
vn 0.562297046 0.825074852 0.0554383174
vn 0.450084716 0.87756747 0.165224031
vn 0.636126518 0.720946133 -0.274917483
vn 0.707383811 0.693712056 -0.135542393
vn 0.75868535 0.651448011 -0.00347110885
vn 0.697760344 0.710024834 0.0948429555
vn 0.624810517 0.7536183 0.204135597
vn 0.695425034 0.192818493 -0.692246318
vn 0.861554086 -0.205752701 -0.464101821
vn 0.915061891 -0.252709478 -0.3143242
vn 0.935100913 -0.132888317 -0.328522623
vn 0.84731847 -0.0438797958 -0.529269159
vn 0.929413378 -0.0212412626 -0.368428528
vn 0.913321912 0.0932980478 -0.396407127
vn 0.836259007 0.0967133939 -0.539738178
vn 0.971534491 -0.135074079 -0.194616675
vn 0.97706008 -0.0262724888 -0.211336911
vn 0.966361284 0.100203738 -0.236865029
vn 0.799085617 0.230013892 -0.555478036
vn 0.762800753 0.357056171 -0.539115906
vn 0.881543696 0.22244069 -0.41641432
vn 0.834401965 0.360207081 -0.417162269
vn 0.776520312 0.490258098 -0.395807147
vn 0.70910871 0.612753689 -0.348852187
vn 0.901481807 0.347585708 -0.257904738
vn 0.842826128 0.482200325 -0.239012748
vn 0.766123891 0.608888149 -0.205692381
vn 0.937295377 0.335949093 -0.0928197578
vn 0.892932832 0.441246986 -0.089287132
vn 0.942942858 0.223042399 -0.24720645
vn 0.973857641 0.216797352 -0.0678241625
vn 0.949710786 0.309376091 0.0483297482
vn 0.895878971 0.443132669 0.0321615562
vn 0.978276789 0.189219251 0.0846799538
vn 0.82887274 0.554683447 -0.0727750137
vn 0.999656856 -0.0133222602 -0.0225541331
vn 0.993633568 0.1015025 -0.0488831215
vn 0.990922868 -0.0529848374 0.123549588
vn 0.992164075 0.0731397793 0.10129723
vn 0.993151188 -0.115321279 -0.0187522434
vn 0.977051139 -0.182677776 0.109544083
vn 0.946279168 0.186315477 0.264276713
vn 0.914614916 0.324603647 0.241064012
vn 0.960565329 0.0481355675 0.273856431
vn -0.224954382 -0.525265574 0.8206653
vn -0.250741392 -0.330263972 0.909974933
vn -0.256932229 0.0097285565 0.966380537
vn -0.243403032 -0.422895014 0.8728773
vn -0.089080289 -0.420656532 0.902835965
vn -0.0942235366 -0.494286478 0.864177465
vn -0.153516203 -0.22917299 0.961203694
vn -0.248249769 -0.258761346 0.93349582
vn -0.401361883 -0.253717214 0.880077362
vn -0.26301676 -0.0910964236 0.960480869
vn -0.0960943401 -0.0765572786 0.992423713
vn -0.0918349102 -0.255027533 0.962562859
vn -0.258046597 0.0579205416 0.964394689
vn -0.267109305 0.246862873 0.93151021
vn -0.10213916 0.257551044 0.960851133
vn -0.0878161788 0.0672056749 0.993867099
vn -0.265869021 0.423332363 0.866085052
vn -0.245310277 0.570650935 0.783696651
vn -0.11744839 0.5923329 0.797086954
vn -0.113093555 0.446620107 0.887547374
vn -0.307507962 0.802647173 0.511073709
vn -0.281053931 0.700772583 0.655687809
vn -0.305550963 0.884548485 0.352438122
vn -0.17098026 0.837796569 0.518519759
vn -0.128142372 0.723745346 0.678065002
vn -0.159575343 0.917773545 0.36363098
vn -0.232913598 0.390907377 0.890473247
vn -0.29787156 0.839573324 0.454300612
vn -0.185815945 0.712101042 0.677041054
vn -0.0415817685 0.991400838 0.124078274
vn -0.197896928 0.980216444 0.00354026491
vn -0.33441183 0.942315519 -0.014501011
vn -0.280882955 0.286807328 0.915885508
vn -0.085974209 0.274383992 0.957769215
vn -0.0180407409 0.577671528 0.816069901
vn 0.0578715056 0.971148372 0.231347889
vn -0.382528692 0.590134203 0.710924387
vn -0.320501775 0.468347698 0.823364496
vn -0.247511715 0.341798931 0.906593323
vn -0.450130016 0.683132112 0.575076997
vn -0.114948869 0.39907825 0.909683049
vn -0.427979589 0.811092317 -0.39870128
vn -0.254650801 0.938474655 -0.233277276
vn -0.0620744973 0.997144401 -0.0430101492
vn -0.21443969 0.975629389 0.0465079732
vn -0.376028925 0.916830897 0.134251058
vn -0.522940278 0.830225527 0.193025813
vn -0.424422771 0.82359755 0.376234561
vn -0.541293144 0.732259333 0.413276881
vn -0.271920592 0.90549922 0.325776488
vn -0.15581359 0.843112528 0.514668286
vn -0.347902536 0.760077178 0.548859239
vn -0.0827135667 0.957069278 0.277807474
vn 0.0452650599 0.883603275 0.466043264
vn -0.249060407 0.671895087 0.697513998
vn -0.176323503 0.536746442 0.825114071
vn -0.055075299 0.736815751 0.673846543
vn 0.0192834344 0.611037135 0.791366994
vn -0.132441416 0.157443345 0.978606641
vn -0.0269792024 -0.169216797 0.985209525
vn 0.093096517 -0.114008449 0.989108205
vn -0.280652553 0.10286843 0.954281032
vn 0.040136572 -0.485687762 0.87321049
vn 0.188990906 -0.448719949 0.873460233
vn 0.0425652638 -0.416759074 0.9080199
vn 0.20703204 -0.40551132 0.890336096
vn 0.0513654202 -0.25235936 0.966269255
vn 0.221776828 -0.248076171 0.943012834
vn 0.0425075702 -0.0635479242 0.997072995
vn 0.0531460084 0.0813404918 0.995268464
vn 0.233768687 0.100213818 0.967113972
vn 0.224216431 -0.0575613976 0.972837925
vn 0.0499798954 0.267622381 0.962226808
vn 0.232840821 0.275386751 0.932709634
vn 0.0287402738 0.468191057 0.883159697
vn 0.0313250795 0.615646362 0.787399709
vn 0.194091246 0.6193344 0.760758519
vn 0.212283686 0.471002907 0.856207848
vn 0.0148029756 0.733950078 0.679041982
vn -0.0118854698 0.856112242 0.516653299
vn 0.160398841 0.735091627 0.658720374
vn 0.15109618 0.855453074 0.495348364
vn -0.190181866 0.981124163 0.0350197107
vn -0.325440347 0.944992125 0.0328410566
vn -0.0539867915 0.998459816 0.0127814263
vn 0.0975476056 0.278952092 0.955337763
vn 0.113445885 0.459089905 0.881116569
vn 0.207553297 0.913593829 0.349668175
vn 0.204995215 0.978739083 0.00681884261
vn 0.0642214045 0.9979164 0.00619508605
vn 0.0759504512 0.983822942 0.162246197
vn -0.0329778306 0.982811809 0.18164058
vn -0.186234549 0.96214056 0.19900313
vn 0.236566916 0.961957991 0.136648908
vn 0.256344616 0.917758584 0.303325981
vn 0.116832562 0.939250052 0.322737426
vn -0.032391496 0.93891412 0.342623889
vn 0.0484553427 0.446110934 0.893665016
vn 0.0533788949 0.991331339 -0.120053232
vn 0.138073072 0.771618664 0.620918989
vn 0.203764036 0.636193275 0.744135916
vn 0.260056913 0.470763147 0.843061328
vn 0.318541557 0.776515901 0.543649077
vn 0.402447701 0.619409859 0.674067736
vn 0.217024192 0.896944761 0.385215014
vn 0.245825171 0.966175675 0.0779405609
vn 0.0803034008 0.979558706 0.184434369
vn 0.245968968 -0.00621329341 0.969257712
vn 0.335087985 -0.370153099 0.866430998
vn 0.485114902 -0.311419576 0.817117691
vn 0.375964791 0.0728579089 0.923765182
vn 0.344263524 -0.385445625 0.856104076
vn 0.478161424 -0.374293894 0.794522345
vn 0.379534692 -0.0464291126 0.924011827
vn 0.392833084 0.101657912 0.913973629
vn 0.366203874 -0.238130718 0.899549067
vn 0.527299285 -0.0419036075 0.848645627
vn 0.51070118 -0.230366349 0.82832092
vn 0.534118295 0.112566449 0.837882161
vn 0.390677512 0.273378432 0.878996789
vn 0.386885285 0.458417743 0.800108075
vn 0.304478467 0.845961511 0.437769294
vn 0.314483404 0.728527069 0.608562589
vn 0.392214745 0.889284074 0.235247806
vn 0.439576 0.815485239 0.376506031
vn 0.47858122 0.709969699 0.516626418
vn 0.356606215 0.597147822 0.718502879
vn 0.502761126 0.577349544 0.643349588
vn 0.525596321 0.453868538 0.719549835
vn 0.300557435 0.355824798 0.884903371
vn 0.409115553 0.803585291 0.432290703
vn 0.46621415 0.239758044 0.851563573
vn 0.622298837 0.64641428 0.441466659
vn 0.276651859 0.284173191 0.917992115
vn 0.461293876 0.266037315 0.84642309
vn 0.517299652 0.855070353 -0.0354361609
vn 0.370609045 0.928734124 0.0100995973
vn 0.599097192 0.0929972231 0.795257211
vn 0.751977563 0.444533199 0.486744314
vn 0.643762887 0.76179105 -0.0724142715
vn 0.368109763 0.92749089 0.0652372465
vn 0.481050611 0.876602232 -0.0126076331
vn 0.545723081 0.825149298 0.145996362
vn 0.452709526 0.449726731 0.769934952
vn 0.612486124 0.406496733 0.677953601
vn 0.626246274 0.217545688 0.748658359
vn 0.569114327 0.578604043 0.584231377
vn 0.320414394 0.890593946 -0.322764516
vn 0.409208596 0.816632688 -0.407012731
vn 0.194633678 0.957499862 -0.212865382
vn 0.587719798 0.770614803 -0.246451318
vn 0.491491228 0.863031685 -0.11667385
vn 0.377063811 0.926113665 -0.0116805704
vn 0.384774834 0.876312554 0.289870203
vn 0.531245232 0.831738472 0.161212742
vn 0.493896723 0.739285171 0.457737207
vn 0.643196523 0.694521844 0.322393686
vn 0.713999093 0.522467971 0.466082126
vn 0.505503416 0.188178524 0.842054069
vn 0.482418001 0.256019026 0.837691545
vn 0.62480098 -0.187194183 0.758011878
vn 0.625074863 0.247459084 0.740300894
vn 0.614531577 0.258244634 0.745426536
vn 0.721765399 -0.129393235 0.679935336
vn 0.726410866 0.253400445 0.638839185
vn 0.781575084 -0.0133415936 0.623668551
vn 0.709543049 0.315932781 0.629869163
vn 0.617992222 -0.35962826 0.699108839
vn 0.714668572 -0.350264937 0.60544467
vn 0.777288556 -0.326663285 0.537692845
vn 0.643724918 -0.23127 0.729474068
vn 0.739395082 -0.240942672 0.628682315
vn 0.678891063 -0.0515123084 0.732429743
vn 0.773252904 -0.0725911856 0.629928887
vn 0.531991124 0.279632151 0.799244225
vn 0.662463248 0.42861402 0.614355206
vn 0.67815268 0.261178017 0.686946094
vn 0.679619551 0.0926822871 0.727686167
vn 0.79918164 0.226420537 0.556814551
vn 0.777329504 0.0661337301 0.625607789
vn 0.624933481 0.558616281 0.545349419
vn 0.623833954 0.667804778 0.406039476
vn 0.933931947 -0.104102395 -0.34195599
vn 0.92727226 -0.318139404 -0.197366491
vn 0.905644238 0.0145898592 0.423787296
vn 0.865809441 0.469399899 0.173314184
vn 0.949299216 -0.0407150537 -0.311726302
vn 0.930396259 -0.298628479 -0.212564826
vn 0.667326391 0.704559326 -0.241395518
vn 0.713023603 0.527561903 -0.46181789
vn 0.663232923 0.563386917 -0.492663562
vn 0.964187562 -0.262990028 -0.0343319625
vn 0.891953051 0.0241123196 0.451484531
vn 0.957589149 -0.165828481 -0.235634953
vn 0.186515003 0.693705559 0.695690155
vn 0.274252087 0.727636158 0.628753781
vn 0.987237275 -0.149844676 0.0539366268
vn 0.362971753 0.841540039 0.400077254
vn 0.767392278 0.640459895 -0.0303359944
vn 0.662193 0.722619176 0.19829765
vn 0.491503745 0.864962459 -0.1013119
vn 0.633341312 0.749273181 -0.193567991
vn 0.797837555 0.255259424 0.546166539
vn 0.582697093 0.804644704 -0.114066087
vn 0.813838422 0.131771073 0.565953672
vn 0.867396772 0.21674186 0.447934985
vn 0.394217521 0.868452847 0.300636113
vn 0.184854582 0.972219884 0.143586412
vn 0.246151626 0.942637801 0.225484431
vn 0.591618061 0.805786788 -0.0263783131
vn 0.697348237 0.712583661 -0.0770055652
vn 0.634647071 0.772485375 0.0221229512
vn 0.67413044 0.736098528 0.0608864687
vn 0.756500959 0.652346849 0.0463680029
vn 0.678245902 0.712262809 0.180731803
vn 0.557496548 0.775718629 0.295733154
vn 0.784629107 0.590289831 0.189512834
vn 0.71937716 0.62933594 0.293994457
vn 0.743971169 0.153447092 0.650354445
vn 0.719448566 -0.0176754687 0.694320798
vn 0.754718959 0.331137329 0.566345572
vn 0.866072655 0.295966476 0.402892113
vn 0.859815896 0.091764763 0.502290666
vn 0.826256692 -0.0992063209 0.554489017
vn 0.952453792 0.0358881094 0.302562445
vn 0.919715524 -0.0955907404 0.380769789
vn 0.887789786 0.355133593 -0.292761594
vn 0.837773323 0.545514882 0.0234424639
vn 0.908660829 0.397862822 0.12665157
vn 0.83699131 0.466290414 0.286389112
vn 0.754387796 0.630462229 0.182801753
vn 0.723142028 0.682454169 -0.106404625
vn 0.881166697 0.445710272 -0.157757998
vn 0.654941499 0.754014134 0.0501424447
vn 0.951281667 0.305915922 -0.0384526849
vn 0.672374547 0.040470548 0.739103913
vn 0.762524068 0.308026314 0.568925977
vn 0.829132974 0.248871699 0.500601053
vn 0.677970409 0.0524956882 0.733212352
vn 0.390469193 -0.310034364 0.866840422
vn 0.859597147 0.142304569 0.490756601
vn 0.382658035 -0.105316967 0.91786772
vn 0.238406241 -0.300952524 0.923358023
vn 0.902394414 0.0519023575 0.427773833
vn 0.844724834 0.0875376239 0.5279935
vn 0.665521681 -0.237805605 0.707481146
vn 0.316490114 -0.145823449 0.937320352
vn 0.807644308 -0.271168321 0.523620427
vn 0.738149881 -0.214429915 0.639651835
vn 0.391291291 -0.0649770498 0.917970121
vn 0.857184112 -0.120040521 0.500825047
vn 0.817253351 -0.0863548517 0.569771647
vn 0.202730685 -0.191825494 0.96026206
vn 0.235880762 -0.0388844013 0.971003711
vn 0.87139976 0.045779638 0.488432765
vn 0.846909583 0.356402844 0.394615144
vn 0.583454549 0.513217866 0.629434824
vn 0.558910728 0.34473151 0.754174352
vn 0.846553743 0.195559785 0.495078981
vn 0.830346704 0.480823934 0.281660616
vn 0.516909361 0.659283817 0.546030641
vn 0.853279054 0.333331972 0.401004553
vn 0.849751592 0.448453248 0.277149439
vn 0.8807289 0.204929039 0.426990211
vn 0.261254549 0.688963115 0.676073849
vn 0.309114933 0.543619871 0.780336797
vn 0.340821326 0.406547785 0.847679019
vn 0.842620432 0.0460576601 0.536534786
vn 0.348701298 0.876148105 0.33282426
vn 0.49836728 0.756765962 0.423007667
vn 0.780507684 0.6014691 0.170419544
vn 0.149289042 0.885958433 0.439078927
vn 0.213951185 0.800929368 0.559228957
vn 0.0520759821 0.957066536 0.285152227
vn 0.743193328 0.52433902 0.41561076
vn 0.781689048 0.371951401 0.500613928
vn 0.978121638 0.0131697981 -0.20761618
vn -0.32870397 0.777738631 0.535795033
vn -0.31797114 0.790570319 0.523347855
vn 0.986777246 0.114970453 -0.114246905
vn 0.982713938 -0.183607608 -0.0236998126
vn 0.595767975 0.7675699 -0.236425579
vn 0.299858212 0.949612916 0.0912166014
vn 0.949744582 0.270120263 0.158178136
vn 0.977460444 -0.0930213556 0.189520821
vn 0.992535293 -0.0881584138 -0.0842728242
vn 0.994990349 -0.0135070356 0.099054642
vn 0.98911339 0.035686411 -0.142763227
vn 0.148483604 0.928833067 -0.339443266
vn 0.0434410274 0.989034235 -0.141153604
vn 0.0355678424 0.876499772 -0.480086505
vn 0.156224012 0.955360532 -0.250759244
vn 0.154798582 0.967849314 -0.198255137
vn -0.0563732758 0.997587264 0.0405191816
vn -0.00539761642 0.993159175 0.116643265
vn 0.953034461 0.19459863 -0.232070208
vn 0.989906907 0.13936156 0.0257466789
vn 0.949097931 0.237611234 0.206770077
vn 0.334282041 -0.346067548 0.87663722
vn 0.462427765 -0.387195975 0.797646523
vn 0.587220609 -0.422922134 0.690151334
vn 0.342294365 -0.212696806 0.915202022
vn 0.384835899 -0.0469014533 0.921792567
vn 0.528092265 -0.0750652477 0.845862746
vn 0.48873809 -0.248936787 0.836161196
vn 0.391758829 0.0854578018 0.916090608
vn 0.528499067 0.0754316598 0.845576108
vn 0.252182961 0.105409771 0.961921275
vn 0.293837994 0.250160038 0.922539473
vn 0.411551952 0.241843328 0.878713191
vn 0.549892783 0.240242124 0.79993856
vn 0.44627291 0.0410105512 0.89395678
vn 0.514973581 0.155754298 0.842936993
vn 0.425773472 0.39231813 0.815354824
vn 0.401893973 0.532306671 0.745071054
vn 0.533599317 0.517890811 0.66862607
vn 0.545454144 0.382183462 0.745932698
vn 0.256491601 0.947347283 0.191690013
vn 0.350235671 0.910123885 0.221380711
vn 0.404294878 0.864416659 -0.298880458
vn 0.259438217 0.9222036 -0.286761582
vn 0.0977219865 0.786370099 0.609977484
vn 0.275623351 0.730765045 0.624511182
vn -0.0293741282 0.873065293 0.48671782
vn 0.505370438 0.834543645 0.219402879
vn 0.475008577 0.833529651 -0.282126456
vn 0.444103032 0.643430173 0.623514354
vn 0.477618873 0.656402051 0.583966315
vn 0.415276617 0.895430565 0.160466269
vn 0.24364914 0.943615794 -0.22410813
vn 0.439704418 0.78407526 0.438047945
vn 0.512682796 0.667665243 0.539795756
vn 0.37456432 0.688744247 0.620751917
vn 0.315843582 0.806306064 0.500113368
vn 0.372431695 0.878885746 0.298084706
vn 0.496833861 0.8425951 0.207821116
vn 0.558021486 0.744591892 0.366326302
vn 0.251028746 0.892089903 0.375712931
vn 0.616997302 0.631795764 0.469199747
vn -0.24987863 0.795106232 0.552599967
vn 0.50202924 0.64761734 0.573200226
vn 0.289988428 0.929946661 -0.226066262
vn 0.341184616 0.93703872 -0.0745088756
vn 0.222350687 0.974966049 -0.00116773474
vn 0.395057201 0.873090267 -0.285732627
vn 0.466944575 0.874421418 -0.131719157
vn 0.542502761 0.839807868 0.0203373339
vn 0.4109869 0.908720255 0.0729204267
vn 0.311682671 0.939911127 0.139359668
vn 0.182626262 0.960929632 0.207994983
vn 0.0760552436 0.995951474 0.0479177348
vn 0.679807782 -0.443440527 0.58414197
vn 0.713629544 -0.448830515 0.537851214
vn 0.664352894 -0.109996073 0.73928082
vn 0.663643479 0.034849178 0.747236848
vn 0.752691269 0.0203844607 0.658057988
vn 0.749233484 -0.142898753 0.646706343
vn 0.637342513 -0.270927906 0.72138232
vn 0.739428639 -0.290092081 0.607529342
vn 0.683535218 0.199122399 0.702232122
vn 0.664865851 0.346781671 0.661585867
vn 0.772409081 0.180201307 0.60902524
vn 0.759386539 0.456775188 0.463344872
vn 0.643633783 0.504005909 0.575945795
vn 0.703343928 0.597234786 0.385510117
vn 0.706582487 0.488566548 0.511902332
vn 0.727827072 0.353600383 0.587566555
vn 0.763592362 0.310314119 0.566243708
vn 0.688549161 0.595974922 0.413175464
vn -0.312635273 0.946398556 0.0811718181
vn -0.283308178 0.958016872 -0.0440458283
vn -0.343732715 0.930088341 -0.129550457
vn -0.443258375 0.895336568 -0.043527212
vn -0.269618511 0.957693756 -0.100640349
vn -0.0121786976 0.984015942 0.177663743
vn 0.328980058 0.865007818 0.378858447
vn 0.292555332 0.927178204 0.233991668
vn 0.434205234 0.788155556 0.436207086
vn 0.500155807 0.811498702 -0.30218187
vn 0.556718349 0.814398885 -0.163765848
vn 0.272047609 0.941812992 -0.197429374
vn -0.246862814 0.967703581 -0.0510728285
vn -0.389133245 0.918287456 0.0729621649
vn -0.314264268 0.930017889 0.19053781
vn -0.246126145 0.956576765 0.15614979
vn 0.236064449 0.971649587 -0.0130677521
vn 0.589466035 0.807434857 -0.0240568928
vn 0.261723161 0.953539968 0.149206072
vn 0.307850361 0.895150065 0.322388917
vn 0.630616307 0.765850067 0.125685155
vn 0.603881657 0.783853233 0.144572243
vn 0.668602228 0.69559592 0.262901902
vn 0.76356101 -0.308518082 0.567266524
vn 0.27938813 -0.267665923 0.922115624
vn 0.74639535 -0.181351215 0.640316904
vn 0.395846605 -0.189032316 0.898650229
vn 0.77754426 0.002907563 0.628821433
vn 0.411842138 0.00563537888 0.911237717
vn -0.0421621092 0.0278697833 0.998722017
vn -0.0242141634 -0.0219096448 0.999466717
vn -0.289699316 0.148842141 0.945473552
vn 0.396888465 0.178200394 0.900402188
vn -0.0387833342 0.217366114 0.975319326
vn -0.00477747573 0.233678654 0.972302198
vn 0.0129015753 0.0401214436 0.999111474
vn -0.00573709887 0.014583189 0.999877214
vn 0.279615283 0.718321681 0.637047231
vn 0.277141839 0.572007895 0.772009909
vn 0.675246596 0.691255569 0.25730899
vn 0.284779161 0.820485055 0.495686352
vn -0.105086789 0.668812037 0.735966921
vn -0.0674451366 0.519886136 0.851568937
vn -0.144281313 0.777594626 0.611988127
vn -0.0566566363 0.681516349 0.72960639
vn -0.00869912654 0.545485795 0.838074863
vn -0.0185605474 0.368307084 0.929518998
vn 0.370829314 0.387527972 0.843983173
vn -0.00598817645 0.401957214 0.915638804
vn -0.102663107 0.775055647 0.623497367
vn 0.275310844 0.961353242 -0.00195486494
vn -0.252436876 0.943108439 -0.216384202
vn 0.628287971 0.64509654 0.434861779
vn -0.252189487 0.947458208 -0.196782663
vn -0.152014658 0.941465497 -0.300889164
vn -0.0491281003 0.983797193 -0.172422245
vn -0.14004904 0.986614108 -0.0835402533
vn -0.281878233 0.959444165 -0.00341447582
vn 0.0496581309 0.95401603 -0.295613915
vn 0.162491128 0.97595495 -0.145287827
vn 0.053545583 0.998282135 -0.0237812418
vn -0.0426990949 0.997893512 0.0488388985
vn -0.173319966 0.9738729 0.146736488
vn -0.198408112 0.923423707 0.328516364
vn -0.182909191 0.864507139 0.468157709
vn -0.261489958 0.905789793 0.33341822
vn -0.111355074 0.946285784 0.303551197
vn -0.0252696723 0.493901253 0.869150758
vn -0.24308826 0.460214823 0.85387969
vn 0.179237559 0.510619998 0.840916812
vn -0.0652605668 0.621338129 0.780820072
vn 0.12816678 0.637687206 0.759557962
vn -0.267087877 0.552209318 0.789765179
vn 0.141933307 0.0899613127 0.985779822
vn 0.174955443 0.0485599004 0.983378053
vn 0.312597424 0.0769560486 0.946763217
vn 0.293549001 0.165046722 0.941588223
vn -0.026949862 0.450209647 0.892516136
vn -0.158003733 0.335337341 0.928753853
vn 0.142536327 0.509745181 0.848435819
vn 0.16693306 0.252680689 0.953040302
vn 0.325472713 0.258825719 0.909437597
vn 0.150532126 0.432135046 0.88915652
vn 0.142161608 0.572165608 0.807723165
vn 0.270254552 0.928633749 -0.254168987
vn 0.377315551 0.918805242 -0.115887918
vn 0.279561847 0.959983408 0.0166479889
vn 0.157359317 0.978776872 0.131277934
vn 0.0274755433 0.817702949 0.574984312
vn -0.178674087 0.854890108 0.487071216
vn -0.0202885941 0.900717437 0.43393144
vn 0.0905109495 0.706652701 0.701747656
vn 0.113442078 0.924603641 0.363646626
vn 0.180757374 0.84503746 0.503228188
vn 0.240971237 0.720060468 0.650727093
vn 0.356916338 0.487731785 0.796698511
vn 0.310768008 0.626438856 0.714841008
vn 0.475275755 0.616264701 0.627957642
vn 0.52382791 0.458072901 0.718173802
vn 0.459373564 0.202321842 0.864894092
vn 0.594613492 0.234322995 0.769108236
vn 0.490737945 0.584456325 0.646209836
vn 0.326663554 0.563066602 0.759109259
vn 0.469057292 0.069733955 0.880410314
vn 0.602801263 0.0610143282 0.795555055
vn 0.478363872 0.262123019 0.838128567
vn 0.299785376 0.448142529 0.842197716
vn 0.456565261 0.447287738 0.769078553
vn 0.28419894 0.586370468 0.758551598
vn 0.430981666 0.59340775 0.679795623
vn 0.383645028 0.732908368 0.561837912
vn 0.519028246 0.71990931 0.460803837
vn 0.567307174 0.577376842 0.587195396
vn 0.602594614 0.428368092 0.673335433
vn 0.606401205 0.247010663 0.755819499
vn 0.363255054 0.911952734 0.19075647
vn 0.246619195 0.928409636 0.277910978
vn 0.483244866 0.873576283 0.0577829182
vn 0.452003479 0.837052524 0.308279067
vn 0.327410638 0.851219416 0.410155773
vn 0.570834637 0.794293284 0.207956821
vn 0.0337786078 0.976361036 0.213490173
vn 0.641172647 0.689793289 0.336277783
vn 0.632428706 0.563816726 0.531172991
vn 0.612689972 0.572389424 0.544960022
vn 0.724034011 0.213794813 0.655794561
vn 0.776922882 0.210048035 0.593524039
vn 0.745326161 0.541858435 0.388430834
vn 0.745866835 0.512425661 0.425561666
vn 0.662876666 0.405201733 0.629607856
vn 0.786901712 0.309584588 0.533800602
vn 0.781926274 0.0137532484 0.623219192
vn 0.683785737 0.113886923 0.720740557
vn 0.668968439 0.283004075 0.687306166
vn 0.707495391 0.0406512618 0.70554781
vn 0.833341122 0.450308204 0.320569754
vn 0.722669899 0.2341481 0.650325179
vn 0.714383125 0.40373522 0.571536958
vn 0.807754755 0.356733114 0.46933347
vn 0.815577328 0.186008811 0.547936499
vn 0.684670746 0.546318531 0.482453972
vn 0.777775228 0.512509823 0.363867223
vn 0.762442172 0.235606655 0.602636993
vn 0.780617356 0.37887609 0.497080952
vn 0.360097617 0.888672352 0.283885956
vn 0.528589785 0.786705136 0.318885386
vn 0.43324843 0.809335291 0.396575689
vn 0.548113525 0.770992696 0.324255794
vn 0.490328759 0.847402215 0.2036843
vn 0.738965571 0.637438655 0.218178526
vn 0.771755517 0.526112854 0.357209593
vn 0.738075793 0.646123409 0.194341242
vn 0.591220856 0.804521263 -0.0565975942
vn 0.674981833 0.735457838 0.0591710024
vn 0.661252737 0.744423866 0.0926172808
vn 0.863086045 0.275993198 0.422977716
vn 0.931627393 0.271903247 0.241120264
vn 0.586148202 0.12268614 0.800861061
vn 0.854322433 0.41406557 0.314138532
vn 0.589322805 0.656849921 0.470368683
vn 0.595564902 0.510062993 0.620595038
vn 0.603128493 0.674015343 0.426543325
vn 0.505615711 0.689587176 0.518480718
vn 0.687733829 0.649435401 0.324431241
vn 0.638052523 0.528606296 0.559878945
vn 0.542367518 0.533071756 0.649362803
vn 0.748886883 0.499230921 0.43581748
vn 0.685171068 0.0255674906 0.727933347
vn 0.795373261 0.0345428847 0.605134785
vn 0.562600017 0.0229482949 0.826410711
vn 0.887113035 0.0435461365 0.459493428
vn 0.873815417 0.21040909 0.438377291
vn 0.955337584 -0.0779042765 0.285063058
vn 0.796460152 0.198286876 0.571256101
vn 0.784027457 0.337973773 0.52064842
vn 0.853024125 0.341153443 0.39492321
vn 0.825805366 0.468283564 0.314254791
vn 0.761916578 0.608848214 0.220877737
vn 0.821514726 0.561646223 0.0983208343
vn 0.869916081 0.458225846 0.182414725
vn 0.671018183 0.37023434 0.642387033
vn 0.558699965 0.383786649 0.735229313
vn 0.568743289 0.216668189 0.793464541
vn 0.522598028 0.216226175 0.824704528
vn 0.58173883 0.371554464 0.723551869
vn 0.689557552 0.208206221 0.693657398
vn 0.969227254 -0.246163338 0.0014142429
vn -0.862438977 -0.480326355 -0.159642145
vn -0.987977505 -0.152659416 0.0244069416
vn -0.951520324 -0.305817485 0.0329338089
vn -0.874045432 -0.483349711 0.0491688885
vn -0.140557036 -0.943677008 -0.299528718
vn -0.495850027 -0.548582315 -0.67319411
vn -0.995580375 0.0901845396 -0.0262010302
vn -0.98778522 0.139651775 0.0691209361
vn -0.827920854 -0.325071514 -0.457029074
vn 0.146452874 -0.581301212 -0.800400198
vn 0.514349639 -0.460273892 -0.723596811
vn -0.208855063 0.606292069 -0.767326236
vn -0.106207944 0.476251632 -0.872871161
vn 0.0941910371 0.280685365 -0.955166876
vn 0.434084564 -0.882837534 -0.179355413
vn -0.363997996 -0.876604021 0.314755231
vn -0.701138616 0.106440023 0.705035627
vn -0.860791445 -0.0754571557 0.503333151
vn -0.678330302 -0.573080719 0.459833235
vn -0.177760959 -0.653580487 0.735685825
vn 0.0126972701 -0.542640865 0.839868784
vn -0.311592609 -0.507302344 0.803463936
vn -0.488883078 -0.471823424 0.733741105
vn -0.114927419 -0.870887697 0.477855921
vn 0.197377667 -0.967724681 0.156687543
vn -0.111909509 -0.894357562 0.433129191
vn 0.120354086 -0.95854944 0.258259237
vn -0.0863792226 -0.97792846 0.190248862
vn 0.640150368 0.037820816 0.76731813
vn -0.209009528 -0.951463044 -0.225904942
vn -0.226322606 -0.957494915 -0.178833783
vn 0.0758784935 -0.979581058 0.186181426
vn -0.218718722 -0.934085548 -0.282217026
vn 0.0776801556 -0.934739113 0.346739858
vn -0.280423164 -0.959344029 0.0319684297
vn -0.379335076 -0.899582088 -0.216464981
vn 0.410860211 -0.911644876 -0.00987055991
vn 0.421408296 -0.898686945 -0.121560536
vn -0.895735741 0.155263141 -0.416594297
vn -0.93711102 0.030663792 -0.34768188
vn -0.819008231 0.316595167 -0.478532135
vn 0.0621083193 0.861453235 -0.504024744
vn -0.828320026 0.554445565 0.0804734528
vn -0.740709662 0.65020895 -0.16904901
vn -0.820700586 0.570184588 -0.0366069339
vn -0.609170377 0.776172936 -0.162686616
vn -0.720607698 0.688111067 -0.0850157738
vn -0.27527228 0.917225361 0.28796342
vn -0.0736528784 0.950900316 0.300605625
vn -0.0281814393 0.992678285 0.117455468
vn -0.222753331 0.967711449 0.117964156
vn 0.00077413168 0.210706368 -0.977549136
vn -0.447230935 -0.512613952 -0.732947111
vn -0.598931849 0.249999046 0.76077652
vn -0.884233773 0.251275837 0.393688977
vn -0.916716695 0.237723649 -0.321119726
vn 0.33303073 0.514259338 0.790334046
vn 0.298047334 0.385010093 0.873461545
vn 0.452158272 0.137214184 0.881320179
vn 0.309045851 0.0210921764 0.950813174
vn 0.245248735 -0.0510109961 0.968117177
vn 0.0954534486 0.155910075 0.983148396
vn 0.191218421 0.159057826 0.968574226
vn -0.296875089 -0.123830654 0.94685334
vn -0.28142786 -0.18448256 0.941681743
vn -0.115462817 -0.0519674718 0.991951466
vn -0.400487423 0.683405221 0.610382855
vn -0.32563141 0.800456941 0.503222406
vn -0.253185064 0.676641881 0.69141376
vn -0.227012739 0.797411919 0.559105873
vn 0.0255972613 0.889369845 0.456471324
vn -0.143877357 0.873866558 0.46438843
vn 0.211916402 0.839453459 0.500409245
vn -0.317859411 0.930178404 0.183667079
vn 0.353606373 -0.767756402 -0.534333825
vn -0.204621121 -0.892815173 -0.401261955
vn 0.396432787 -0.58972913 -0.703605413
vn -0.180044442 -0.669621587 -0.720549107
vn 0.456279457 0.569254994 -0.683928132
vn -0.637679577 -0.218166247 -0.738761365
vn 0.112934753 -0.976728141 -0.182340369
vn 0.228864565 -0.845010757 -0.483298957
vn 0.378513813 -0.875139475 -0.301426679
vn -0.447967917 -0.494930625 -0.744559228
vn -0.128738627 -0.737393618 -0.663081348
vn -0.0610654987 -0.830765307 -0.553263068
vn 0.404420763 -0.78857559 -0.46324116
vn 0.53255862 -0.844152927 0.0615403466
vn 0.541796386 -0.837658346 -0.0691749454
vn -0.0486431159 -0.668230712 0.742362142
vn -0.051523935 -0.775397003 0.629368663
vn 0.0936718434 -0.66468215 0.741230905
vn 0.0951015502 -0.774941087 0.624837577
vn -0.368303448 -0.810794771 0.454933435
vn 0.227007896 -0.763272285 0.604882598
vn 0.346957952 -0.752946496 0.559188545
vn 0.232933179 -0.652203083 0.721368968
vn 0.0749768764 -0.950744271 -0.300771952
vn 0.494461715 -0.709754169 0.501753449
vn 0.238522515 -0.934324563 -0.264848292
vn 0.802813292 0.144126073 0.578548551
vn 0.935494006 0.00299244281 0.353329986
vn 0.111587562 0.926478505 -0.359424323
vn 0.0617314577 0.604932189 -0.793880522
vn 0.248976454 0.544719577 -0.800806642
vn 0.671389818 -0.0566174947 -0.73893851
vn 0.466384411 0.871285141 -0.152799934
vn 0.24285312 0.883483827 -0.400597811
vn 0.323789448 -0.632509947 -0.703627348
vn -0.228020206 -0.887188315 -0.401128113
vn 0.486267179 0.00740219792 -0.87377882
vn 0.0481764674 -0.310289025 -0.949420691
vn -0.13670066 -0.797641993 -0.587435365
vn 0.139298916 -0.076889798 -0.987260759
vn 0.27792412 0.124672137 -0.952478349
vn 0.549406528 -0.270424157 -0.790584147
vn -0.448917657 -0.209809124 -0.86859262
vn -0.228745237 0.0314914957 -0.972976804
vn 0.0863251537 0.0709273443 -0.993739009
vn 0.376379192 0.0477802604 -0.925232887
vn 0.574546158 -0.124001905 -0.809024274
vn 0.675167084 -0.3105115 -0.669127822
vn 0.354031056 0.573880255 -0.738460124
vn 0.469583541 0.498007745 -0.729026437
vn 0.700888515 -0.533323884 -0.473625183
vn 0.583993435 0.711242318 0.391261965
vn -0.369349837 0.878550053 0.302870572
vn 0.546046317 0.604882896 0.579612076
vn 0.751749396 0.192521036 0.630720615
vn -0.422048151 0.405786932 0.81068629
vn -0.43609041 0.36870724 0.82090205
vn -0.362001806 -0.825114548 0.433751911
vn -0.51150918 -0.719852626 0.469223469
vn -0.433872342 -0.838881135 0.328683823
vn -0.331757724 -0.880252659 -0.339252084
vn -0.434508562 0.894960523 0.101231672
vn -0.355223209 0.894647837 -0.270964593
vn -0.271582752 0.911497891 0.30889231
vn 0.281389803 -0.541023493 -0.79253602
vn 0.888374507 0.161723241 0.429693311
vn 0.42598933 0.449339807 -0.785255849
vn 0.548705935 0.380072385 -0.74462527
vn 0.555110157 0.37919569 -0.740313113
vn -0.567371547 -0.440024704 -0.696037173
vn 0.126285821 0.523254216 -0.842767358
vn 0.264049292 0.622071505 -0.737092197
vn 0.0539731868 0.464587569 -0.883880794
vn 0.742252111 -0.596468568 -0.305429518
vn 0.717722237 -0.640037358 -0.274275452
vn 0.963313162 -0.20768109 -0.16998893
vn 0.256835669 0.863303244 0.43444562
vn 0.114004657 0.993456662 -0.00684779044
vn 0.86536181 0.293471932 0.406230301
vn 0.195270658 -0.631813765 -0.75012058
vn -0.283188343 -0.953115463 -0.106655322
vn -0.190298721 0.898436546 -0.395724863
vn -0.245396733 0.923416555 0.295097083
vn -0.0783549249 0.925060689 0.371649295
vn 0.0646047816 -0.855136096 -0.514362335
vn -0.309020102 -0.575279891 -0.757337272
vn -0.491681099 -0.346941411 -0.798674762
vn 0.368133724 0.433335781 -0.822616339
vn 0.143787995 -0.959581971 0.241924331
vn -0.583240807 -0.348320693 0.733827531
vn -0.577143729 -0.554404795 0.599616766
vn -0.428190112 -0.620074809 0.657389224
vn -0.28913945 -0.693212092 0.660193443
vn -0.798160374 0.0820761397 -0.596827924
vn -0.55072093 0.832714796 -0.0573809594
vn -0.606783271 0.793453932 0.0473797619
vn -0.156560183 0.928452373 0.336845785
vn -0.932528734 0.177553803 0.314427763
vn 0.00565801328 0.914300919 0.404996067
vn -0.168587118 0.867031395 0.468865603
vn 0.412668377 -0.729167581 -0.545911729
vn 0.190106735 -0.482739389 -0.854881346
vn -0.111074872 -0.832193494 -0.543246031
vn 0.252411962 0.575576127 -0.777817667
vn -0.0486876406 0.0130733103 -0.998728514
vn 0.940429509 -0.313361734 -0.131897062
vn 0.487589419 -0.85431397 -0.180011526
vn -0.370719641 -0.741461098 0.559287548
vn 0.604366839 -0.643721104 0.469429404
vn -0.498634875 0.229556069 0.835863292
vn -0.314065039 -0.395391583 -0.863150418
vn -0.0782300234 -0.30043897 -0.950587511
vn 0.00010535273 -0.534084916 -0.845430851
vn 0.152550861 -0.162085667 -0.974913657
vn 0.261944264 -0.357901126 -0.896265507
vn 0.367221415 0.678574502 -0.636148512
vn -0.0570353717 0.929059744 -0.3655065
vn 0.850268602 0.525888622 0.0220106766
g 
f 1//1 4//4 3//3 2//2
f 1//1 7//7 6//6 5//5
f 1//1 2//2 8//8 7//7
f 1//1 5//5 9//9 4//4
f 8//8 2//2 11//11 10//10
f 8//8 13//13 12//12 7//7
f 8//8 10//10 14//14 13//13
f 15//15 18//18 17//17 16//16
f 15//15 20//20 19//19 18//18
f 15//15 22//22 21//21 20//20
f 15//15 16//16 23//23 22//22
f 16//16 17//17 25//25 24//24
f 16//16 24//24 26//26 23//23
f 27//27 30//30 29//29 28//28
f 27//27 33//33 32//32 31//31
f 27//27 31//31 34//34 30//30
f 27//27 28//28 35//35 33//33
f 34//34 38//38 37//37 36//36
f 34//34 31//31 39//39 38//38
f 34//34 36//36 40//40 30//30
f 28//28 29//29 42//42 41//41
f 28//28 41//41 43//43 35//35
f 29//29 45//45 44//44 42//42
f 29//29 30//30 40//40 45//45
f 41//41 47//47 46//46 43//43
f 41//41 42//42 48//48 47//47
f 42//42 44//44 49//49 48//48
f 50//50 18//18 19//19 51//51
f 50//50 49//49 53//53 52//52
f 50//50 52//52 17//17 18//18
f 50//50 51//51 48//48 49//49
f 51//51 19//19 55//55 54//54
f 51//51 54//54 47//47 48//48
f 31//31 32//32 56//56 39//39
f 43//43 46//46 12//12 57//57
f 43//43 57//57 58//58 35//35
f 57//57 12//12 13//13 59//59
f 57//57 59//59 60//60 58//58
f 61//61 64//64 63//63 62//62
f 61//61 66//66 65//65 64//64
f 61//61 62//62 36//36 37//37
f 61//61 37//37 67//67 66//66
f 36//36 62//62 68//68 40//40
f 68//68 62//62 63//63 69//69
f 68//68 70//70 45//45 40//40
f 68//68 69//69 71//71 70//70
f 72//72 44//44 45//45 70//70
f 72//72 74//74 73//73 53//53
f 72//72 70//70 71//71 74//74
f 72//72 53//53 49//49 44//44
f 69//69 76//76 75//75 71//71
f 69//69 63//63 77//77 76//76
f 71//71 75//75 78//78 74//74
f 52//52 79//79 25//25 17//17
f 52//52 53//53 73//73 79//79
f 80//80 83//83 82//82 81//81
f 80//80 85//85 84//84 83//83
f 80//80 81//81 38//38 39//39
f 80//80 39//39 56//56 85//85
f 38//38 81//81 67//67 37//37
f 81//81 82//82 86//86 67//67
f 83//83 84//84 88//88 87//87
f 83//83 87//87 89//89 82//82
f 32//32 33//33 91//91 90//90
f 32//32 90//90 92//92 56//56
f 77//77 95//95 94//94 93//93
f 77//77 63//63 64//64 95//95
f 77//77 93//93 96//96 76//76
f 93//93 98//98 97//97 96//96
f 93//93 94//94 99//99 98//98
f 94//94 95//95 101//101 100//100
f 94//94 100//100 102//102 99//99
f 103//103 75//75 76//76 96//96
f 103//103 104//104 78//78 75//75
f 103//103 106//106 105//105 104//104
f 103//103 96//96 97//97 106//106
f 97//97 108//108 107//107 106//106
f 97//97 98//98 109//109 108//108
f 110//110 113//113 112//112 111//111
f 110//110 115//115 114//114 113//113
f 110//110 111//111 117//117 116//116
f 110//110 116//116 118//118 115//115
f 100//100 120//120 119//119 102//102
f 100//100 101//101 121//121 120//120
f 64//64 65//65 101//101 95//95
f 78//78 122//122 73//73 74//74
f 78//78 104//104 123//123 122//122
f 124//124 105//105 126//126 125//125
f 124//124 128//128 127//127 123//123
f 124//124 125//125 129//129 128//128
f 124//124 123//123 104//104 105//105
f 125//125 131//131 130//130 129//129
f 125//125 126//126 132//132 131//131
f 84//84 85//85 134//134 133//133
f 84//84 133//133 135//135 88//88
f 87//87 137//137 136//136 89//89
f 87//87 88//88 138//138 137//137
f 139//139 142//142 141//141 140//140
f 139//139 140//140 144//144 143//143
f 139//139 143//143 146//146 145//145
f 139//139 145//145 147//147 142//142
f 140//140 149//149 148//148 144//144
f 140//140 141//141 150//150 149//149
f 151//151 154//154 153//153 152//152
f 151//151 152//152 156//156 155//155
f 151//151 144//144 148//148 154//154
f 151//151 155//155 143//143 144//144
f 143//143 155//155 157//157 146//146
f 152//152 153//153 159//159 158//158
f 152//152 158//158 160//160 156//156
f 153//153 154//154 162//162 161//161
f 153//153 161//161 163//163 159//159
f 158//158 159//159 165//165 164//164
f 158//158 164//164 166//166 160//160
f 145//145 168//168 167//167 147//147
f 145//145 146//146 169//169 168//168
f 102//102 119//119 171//171 170//170
f 102//102 170//170 172//172 99//99
f 170//170 171//171 174//174 173//173
f 170//170 173//173 175//175 172//172
f 173//173 174//174 177//177 176//176
f 173//173 176//176 178//178 175//175
f 172//172 175//175 179//179 109//109
f 172//172 109//109 98//98 99//99
f 109//109 179//179 180//180 108//108
f 178//178 176//176 182//182 181//181
f 178//178 181//181 184//184 183//183
f 178//178 183//183 179//179 175//175
f 185//185 180//180 187//187 186//186
f 185//185 107//107 108//108 180//180
f 185//185 132//132 126//126 107//107
f 185//185 186//186 188//188 132//132
f 186//186 187//187 167//167 168//168
f 186//186 168//168 169//169 188//188
f 180//180 179//179 183//183 187//187
f 187//187 183//183 184//184 167//167
f 167//167 184//184 189//189 147//147
f 190//190 193//193 192//192 191//191
f 190//190 191//191 195//195 194//194
f 190//190 194//194 197//197 196//196
f 190//190 196//196 198//198 193//193
f 199//199 136//136 201//201 200//200
f 199//199 121//121 203//203 202//202
f 199//199 202//202 89//89 136//136
f 199//199 200//200 120//120 121//121
f 204//204 117//117 128//128 129//129
f 204//204 129//129 130//130 205//205
f 204//204 205//205 207//207 206//206
f 204//204 206//206 116//116 117//117
f 205//205 196//196 197//197 207//207
f 205//205 130//130 198//198 196//196
f 200//200 208//208 119//119 120//120
f 200//200 201//201 209//209 208//208
f 209//209 201//201 211//211 210//210
f 209//209 210//210 213//213 212//212
f 209//209 212//212 214//214 208//208
f 211//211 201//201 136//136 137//137
f 211//211 216//216 215//215 210//210
f 211//211 137//137 138//138 216//216
f 162//162 218//218 217//217 161//161
f 162//162 220//220 219//219 218//218
f 162//162 154//154 148//148 220//220
f 219//219 222//222 221//221 218//218
f 219//219 220//220 224//224 223//223
f 219//219 223//223 225//225 222//222
f 161//161 217//217 226//226 163//163
f 217//217 218//218 221//221 227//227
f 217//217 227//227 228//228 226//226
f 227//227 230//230 229//229 228//228
f 227//227 221//221 231//231 230//230
f 232//232 235//235 234//234 233//233
f 232//232 233//233 237//237 236//236
f 232//232 239//239 238//238 235//235
f 232//232 236//236 240//240 239//239
f 233//233 242//242 241//241 237//237
f 233//233 234//234 243//243 242//242
f 237//237 245//245 244//244 236//236
f 237//237 241//241 246//246 245//245
f 181//181 247//247 189//189 184//184
f 181//181 182//182 248//248 247//247
f 243//243 234//234 250//250 249//249
f 243//243 247//247 248//248 242//242
f 243//243 249//249 189//189 247//247
f 176//176 177//177 251//251 182//182
f 174//174 171//171 214//214 252//252
f 174//174 252//252 253//253 177//177
f 252//252 255//255 254//254 253//253
f 252//252 214//214 256//256 255//255
f 253//253 254//254 258//258 257//257
f 253//253 257//257 251//251 177//177
f 259//259 212//212 213//213 260//260
f 259//259 260//260 262//262 261//261
f 259//259 256//256 214//214 212//212
f 259//259 261//261 263//263 256//256
f 260//260 265//265 264//264 262//262
f 260//260 213//213 266//266 265//265
f 267//267 238//238 239//239 268//268
f 267//267 271//271 270//270 269//269
f 267//267 269//269 272//272 238//238
f 267//267 268//268 273//273 271//271
f 268//268 239//239 240//240 274//274
f 268//268 274//274 275//275 273//273
f 276//276 272//272 269//269 277//277
f 276//276 150//150 278//278 272//272
f 276//276 277//277 223//223 224//224
f 276//276 224//224 149//149 150//150
f 277//277 279//279 225//225 223//223
f 277//277 269//269 270//270 279//279
f 231//231 221//221 222//222 280//280
f 231//231 282//282 281//281 230//230
f 231//231 280//280 283//283 282//282
f 280//280 222//222 225//225 284//284
f 280//280 284//284 285//285 283//283
f 225//225 279//279 286//286 284//284
f 228//228 229//229 288//288 287//287
f 228//228 287//287 289//289 226//226
f 236//236 244//244 290//290 240//240
f 272//272 278//278 235//235 238//238
f 291//291 294//294 293//293 292//292
f 291//291 296//296 295//295 294//294
f 291//291 298//298 297//297 296//296
f 291//291 292//292 299//299 298//298
f 297//297 298//298 245//245 246//246
f 297//297 246//246 301//301 300//300
f 297//297 300//300 302//302 296//296
f 303//303 305//305 304//304 295//295
f 303//303 307//307 306//306 305//305
f 303//303 295//295 296//296 302//302
f 303//303 302//302 308//308 307//307
f 309//309 312//312 311//311 310//310
f 309//309 307//307 308//308 313//313
f 309//309 310//310 306//306 307//307
f 309//309 313//313 314//314 312//312
f 308//308 302//302 300//300 258//258
f 308//308 258//258 254//254 313//313
f 315//315 263//263 261//261 316//316
f 315//315 312//312 314//314 263//263
f 315//315 317//317 311//311 312//312
f 315//315 316//316 318//318 317//317
f 261//261 262//262 319//319 316//316
f 316//316 319//319 320//320 318//318
f 321//321 323//323 290//290 322//322
f 321//321 322//322 325//325 324//324
f 321//321 324//324 327//327 326//326
f 321//321 326//326 328//328 323//323
f 274//274 240//240 290//290 323//323
f 274//274 323//323 328//328 275//275
f 273//273 275//275 330//330 329//329
f 273//273 329//329 331//331 271//271
f 329//329 333//333 332//332 331//331
f 329//329 330//330 334//334 333//333
f 286//286 337//337 336//336 335//335
f 286//286 279//279 270//270 337//337
f 286//286 335//335 285//285 284//284
f 335//335 339//339 338//338 285//285
f 335//335 336//336 340//340 339//339
f 322//322 299//299 292//292 325//325
f 322//322 290//290 244//244 299//299
f 292//292 293//293 341//341 325//325
f 325//325 341//341 342//342 324//324
f 324//324 342//342 343//343 327//327
f 294//294 295//295 304//304 344//344
f 294//294 344//344 345//345 293//293
f 305//305 347//347 346//346 304//304
f 305//305 306//306 348//348 347//347
f 346//346 349//349 344//344 304//304
f 346//346 351//351 350//350 349//349
f 346//346 347//347 352//352 351//351
f 348//348 306//306 310//310 353//353
f 348//348 353//353 355//355 354//354
f 348//348 354//354 352//352 347//347
f 310//310 311//311 356//356 353//353
f 357//357 360//360 359//359 358//358
f 357//357 356//356 311//311 317//317
f 357//357 358//358 361//361 356//356
f 357//357 317//317 318//318 360//360
f 326//326 363//363 362//362 328//328
f 326//326 327//327 364//364 363//363
f 362//362 330//330 275//275 328//328
f 362//362 365//365 334//334 330//330
f 362//362 363//363 366//366 365//365
f 332//332 367//367 340//340 336//336
f 332//332 336//336 337//337 331//331
f 332//332 333//333 368//368 367//367
f 369//369 370//370 338//338 339//339
f 369//369 339//339 340//340 371//371
f 369//369 371//371 373//373 372//372
f 369//369 372//372 374//374 370//370
f 375//375 378//378 377//377 376//376
f 375//375 376//376 373//373 371//371
f 375//375 371//371 340//340 367//367
f 375//375 367//367 368//368 378//378
f 379//379 380//380 338//338 370//370
f 379//379 370//370 374//374 381//381
f 379//379 383//383 382//382 380//380
f 379//379 381//381 384//384 383//383
f 327//327 343//343 385//385 364//364
f 345//345 344//344 349//349 386//386
f 345//345 387//387 341//341 293//293
f 345//345 386//386 388//388 387//387
f 386//386 349//349 350//350 389//389
f 386//386 389//389 390//390 388//388
f 391//391 394//394 393//393 392//392
f 391//391 392//392 352//352 354//354
f 391//391 354//354 355//355 395//395
f 391//391 395//395 396//396 394//394
f 392//392 393//393 398//398 397//397
f 392//392 397//397 351//351 352//352
f 353//353 356//356 361//361 355//355
f 355//355 361//361 399//399 395//395
f 395//395 399//399 400//400 396//396
f 358//358 359//359 402//402 401//401
f 358//358 401//401 399//399 361//361
f 401//401 403//403 400//400 399//399
f 401//401 402//402 404//404 403//403
f 366//366 407//407 406//406 405//405
f 366//366 363//363 364//364 407//407
f 366//366 405//405 408//408 365//365
f 409//409 412//412 411//411 410//410
f 409//409 414//414 413//413 412//412
f 409//409 416//416 415//415 414//414
f 409//409 410//410 385//385 416//416
f 410//410 411//411 406//406 407//407
f 410//410 407//407 364//364 385//385
f 406//406 418//418 417//417 405//405
f 406//406 411//411 419//419 418//418
f 411//411 412//412 420//420 419//419
f 421//421 424//424 423//423 422//422
f 421//421 426//426 425//425 424//424
f 421//421 422//422 377//377 378//378
f 421//421 378//378 368//368 426//426
f 376//376 428//428 427//427 373//373
f 376//376 377//377 429//429 428//428
f 430//430 433//433 432//432 431//431
f 430//430 431//431 428//428 429//429
f 430//430 435//435 434//434 433//433
f 430//430 429//429 436//436 435//435
f 437//437 439//439 427//427 438//438
f 437//437 441//441 440//440 439//439
f 437//437 438//438 443//443 442//442
f 437//437 442//442 444//444 441//441
f 438//438 427//427 428//428 431//431
f 438//438 431//431 432//432 443//443
f 445//445 448//448 447//447 446//446
f 445//445 446//446 450//450 449//449
f 445//445 452//452 451//451 448//448
f 445//445 449//449 453//453 452//452
f 446//446 447//447 397//397 398//398
f 446//446 398//398 454//454 450//450
f 397//397 447//447 350//350 351//351
f 393//393 455//455 454//454 398//398
f 393//393 394//394 456//456 455//455
f 457//457 459//459 458//458 456//456
f 457//457 456//456 394//394 396//396
f 457//457 396//396 400//400 460//460
f 457//457 460//460 461//461 459//459
f 456//456 458//458 462//462 455//455
f 400//400 403//403 463//463 460//460
f 405//405 417//417 464//464 408//408
f 417//417 418//418 466//466 465//465
f 417//417 465//465 467//467 464//464
f 419//419 468//468 466//466 418//418
f 419//419 420//420 469//469 468//468
f 465//465 471//471 470//470 467//467
f 465//465 466//466 472//472 471//471
f 466//466 468//468 473//473 472//472
f 423//423 474//474 436//436 422//422
f 423//423 476//476 475//475 474//474
f 423//423 424//424 477//477 476//476
f 422//422 436//436 429//429 377//377
f 424//424 425//425 478//478 477//477
f 474//474 479//479 435//435 436//436
f 474//474 475//475 480//480 479//479
f 476//476 482//482 481//481 475//475
f 476//476 477//477 483//483 482//482
f 475//475 481//481 484//484 480//480
f 485//485 488//488 487//487 486//486
f 485//485 486//486 490//490 489//489
f 485//485 489//489 492//492 491//491
f 485//485 491//491 493//493 488//488
f 494//494 479//479 480//480 495//495
f 494//494 434//434 435//435 479//479
f 494//494 495//495 487//487 488//488
f 494//494 488//488 493//493 434//434
f 449//449 450//450 497//497 496//496
f 449//449 496//496 498//498 453//453
f 499//499 501//501 462//462 500//500
f 499//499 500//500 503//503 502//502
f 499//499 504//504 497//497 501//501
f 499//499 502//502 505//505 504//504
f 506//506 507//507 503//503 500//500
f 506//506 509//509 508//508 507//507
f 506//506 500//500 462//462 458//458
f 506//506 458//458 459//459 509//509
f 503//503 511//511 510//510 502//502
f 503//503 507//507 512//512 511//511
f 513//513 516//516 515//515 514//514
f 513//513 518//518 508//508 517//517
f 513//513 514//514 519//519 518//518
f 513//513 517//517 520//520 516//516
f 521//521 472//472 473//473 522//522
f 521//521 522//522 524//524 523//523
f 521//521 525//525 471//471 472//472
f 521//521 523//523 526//526 525//525
f 522//522 473//473 528//528 527//527
f 522//522 527//527 529//529 524//524
f 483//483 531//531 530//530 482//482
f 483//483 533//533 532//532 531//531
f 483//483 477//477 478//478 533//533
f 482//482 530//530 534//534 481//481
f 535//535 537//537 526//526 536//536
f 535//535 538//538 534//534 530//530
f 535//535 536//536 539//539 538//538
f 535//535 530//530 531//531 537//537
f 480//480 484//484 540//540 495//495
f 484//484 481//481 534//534 541//541
f 484//484 541//541 542//542 540//540
f 541//541 544//544 543//543 542//542
f 541//541 534//534 538//538 544//544
f 486//486 546//546 545//545 490//490
f 486//486 487//487 547//547 546//546
f 495//495 540//540 547//547 487//487
f 548//548 551//551 550//550 549//549
f 548//548 549//549 553//553 552//552
f 548//548 552//552 555//555 554//554
f 548//548 554//554 556//556 551//551
f 557//557 559//559 550//550 558//558
f 557//557 561//561 560//560 559//559
f 557//557 558//558 563//563 562//562
f 557//557 562//562 564//564 561//561
f 558//558 550//550 551//551 498//498
f 558//558 498//498 496//496 563//563
f 549//549 550//550 559//559 565//565
f 549//549 565//565 566//566 553//553
f 559//559 560//560 567//567 565//565
f 552//552 569//569 568//568 555//555
f 552//552 553//553 570//570 569//569
f 502//502 510//510 571//571 505//505
f 510//510 511//511 573//573 572//572
f 510//510 572//572 574//574 571//571
f 572//572 576//576 575//575 574//574
f 572//572 573//573 577//577 576//576
f 574//574 578//578 564//564 571//571
f 574//574 575//575 579//579 578//578
f 505//505 571//571 564//564 562//562
f 505//505 562//562 563//563 504//504
f 564//564 578//578 580//580 561//561
f 512//512 518//518 519//519 581//581
f 512//512 581//581 573//573 511//511
f 512//512 507//507 508//508 518//518
f 573//573 581//581 582//582 577//577
f 581//581 519//519 583//583 582//582
f 519//519 514//514 584//584 583//583
f 585//585 588//588 587//587 586//586
f 585//585 586//586 590//590 589//589
f 585//585 589//589 592//592 591//591
f 585//585 591//591 593//593 588//588
f 523//523 524//524 595//595 594//594
f 523//523 594//594 536//536 526//526
f 536//536 594//594 596//596 539//539
f 597//597 600//600 599//599 598//598
f 597//597 592//592 540//540 542//542
f 597//597 542//542 543//543 600//600
f 597//597 598//598 591//591 592//592
f 598//598 599//599 602//602 601//601
f 598//598 601//601 593//593 591//591
f 599//599 600//600 604//604 603//603
f 599//599 603//603 605//605 602//602
f 555//555 527//527 528//528 554//554
f 555//555 568//568 529//529 527//527
f 568//568 569//569 607//607 606//606
f 568//568 606//606 608//608 529//529
f 594//594 595//595 609//609 596//596
f 609//609 595//595 608//608 610//610
f 609//609 612//612 611//611 596//596
f 609//609 610//610 613//613 612//612
f 608//608 595//595 524//524 529//529
f 608//608 606//606 614//614 610//610
f 613//613 617//617 616//616 615//615
f 613//613 615//615 618//618 612//612
f 613//613 610//610 614//614 617//617
f 618//618 615//615 620//620 619//619
f 618//618 621//621 611//611 612//612
f 618//618 619//619 622//622 621//621
f 623//623 543//543 544//544 624//624
f 623//623 621//621 622//622 604//604
f 623//623 604//604 600//600 543//543
f 623//623 624//624 611//611 621//621
f 625//625 560//560 561//561 580//580
f 625//625 580//580 627//627 626//626
f 625//625 628//628 567//567 560//560
f 625//625 626//626 629//629 628//628
f 627//627 631//631 630//630 626//626
f 627//627 580//580 578//578 579//579
f 627//627 579//579 632//632 631//631
f 626//626 630//630 633//633 629//629
f 565//565 567//567 634//634 566//566
f 567//567 628//628 635//635 634//634
f 566//566 636//636 570//570 553//553
f 566//566 634//634 637//637 636//636
f 569//569 570//570 638//638 607//607
f 606//606 607//607 639//639 614//614
f 614//614 639//639 640//640 617//617
f 639//639 642//642 641//641 640//640
f 639//639 607//607 638//638 642//642
f 575//575 643//643 632//632 579//579
f 575//575 576//576 644//644 643//643
f 577//577 645//645 644//644 576//576
f 577//577 582//582 646//646 645//645
f 647//647 650//650 649//649 648//648
f 647//647 648//648 652//652 651//651
f 647//647 654//654 653//653 650//650
f 647//647 651//651 655//655 654//654
f 656//656 659//659 658//658 657//657
f 656//656 657//657 661//661 660//660
f 656//656 660//660 663//663 662//662
f 656//656 662//662 664//664 659//659
f 657//657 658//658 652//652 648//648
f 657//657 648//648 649//649 661//661
f 649//649 650//650 666//666 665//665
f 649//649 665//665 667//667 661//661
f 665//665 666//666 669//669 668//668
f 665//665 668//668 670//670 667//667
f 671//671 654//654 655//655 672//672
f 671//671 675//675 674//674 673//673
f 671//671 673//673 653//653 654//654
f 671//671 672//672 676//676 675//675
f 653//653 677//677 666//666 650//650
f 653//653 673//673 678//678 677//677
f 679//679 681//681 680//680 669//669
f 679//679 683//683 682//682 681//681
f 679//679 669//669 666//666 677//677
f 679//679 677//677 678//678 683//683
f 669//669 680//680 684//684 668//668
f 680//680 681//681 686//686 685//685
f 680//680 685//685 687//687 684//684
f 670//670 690//690 689//689 688//688
f 670//670 668//668 684//684 690//690
f 670//670 688//688 691//691 667//667
f 676//676 672//672 22//22 23//23
f 676//676 23//23 26//26 692//692
f 676//676 692//692 693//693 675//675
f 26//26 24//24 113//113 114//114
f 26//26 114//114 694//694 692//692
f 681//681 682//682 695//695 686//686
f 696//696 686//686 695//695 697//697
f 696//696 700//700 699//699 698//698
f 696//696 697//697 701//701 700//700
f 696//696 698//698 685//685 686//686
f 697//697 703//703 702//702 701//701
f 697//697 695//695 704//704 703//703
f 698//698 705//705 687//687 685//685
f 698//698 699//699 706//706 705//705
f 700//700 701//701 708//708 707//707
f 700//700 707//707 709//709 699//699
f 709//709 712//712 711//711 710//710
f 709//709 710//710 706//706 699//699
f 709//709 707//707 713//713 712//712
f 707//707 708//708 714//714 713//713
f 715//715 690//690 684//684 687//687
f 715//715 716//716 689//689 690//690
f 715//715 718//718 717//717 716//716
f 715//715 687//687 705//705 718//718
f 719//719 717//717 718//718 720//720
f 719//719 722//722 721//721 717//717
f 719//719 724//724 723//723 722//722
f 719//719 720//720 725//725 724//724
f 710//710 725//725 720//720 706//706
f 710//710 711//711 726//726 725//725
f 114//114 115//115 727//727 694//694
f 728//728 730//730 729//729 693//693
f 728//728 693//693 692//692 694//694
f 728//728 694//694 727//727 731//731
f 728//728 731//731 732//732 730//730
f 701//701 702//702 733//733 708//708
f 734//734 735//735 702//702 703//703
f 734//734 737//737 736//736 735//735
f 734//734 738//738 730//730 737//737
f 734//734 703//703 704//704 738//738
f 708//708 733//733 739//739 714//714
f 733//733 741//741 740//740 739//739
f 733//733 702//702 735//735 741//741
f 739//739 743//743 742//742 714//714
f 739//739 740//740 744//744 743//743
f 745//745 713//713 714//714 742//742
f 745//745 748//748 747//747 746//746
f 745//745 742//742 749//749 748//748
f 745//745 746//746 712//712 713//713
f 742//742 743//743 750//750 749//749
f 704//704 695//695 682//682 751//751
f 704//704 751//751 752//752 738//738
f 746//746 753//753 711//711 712//712
f 746//746 747//747 754//754 753//753
f 747//747 756//756 755//755 754//754
f 747//747 748//748 757//757 756//756
f 758//758 754//754 755//755 759//759
f 758//758 760//760 753//753 754//754
f 758//758 762//762 761//761 760//760
f 758//758 759//759 763//763 762//762
f 164//164 765//765 764//764 166//166
f 164//164 165//165 766//766 765//765
f 195//195 191//191 160//160 166//166
f 195//195 166//166 764//764 767//767
f 195//195 767//767 768//768 194//194
f 769//769 772//772 771//771 770//770
f 769//769 775//775 774//774 773//773
f 769//769 770//770 776//776 775//775
f 769//769 773//773 777//777 772//772
f 770//770 779//779 778//778 776//776
f 770//770 771//771 780//780 779//779
f 778//778 783//783 782//782 781//781
f 778//778 781//781 784//784 776//776
f 778//778 779//779 785//785 783//783
f 197//197 787//787 786//786 207//207
f 197//197 194//194 768//768 787//787
f 786//786 787//787 789//789 788//788
f 786//786 790//790 206//206 207//207
f 786//786 788//788 791//791 790//790
f 767//767 793//793 792//792 768//768
f 767//767 764//764 794//794 793//793
f 768//768 792//792 789//789 787//787
f 789//789 796//796 795//795 788//788
f 789//789 792//792 797//797 796//796
f 792//792 793//793 774//774 797//797
f 795//795 798//798 791//791 788//788
f 795//795 796//796 800//800 799//799
f 795//795 799//799 801//801 798//798
f 802//802 800//800 796//796 797//797
f 802//802 797//797 774//774 775//775
f 802//802 784//784 803//803 800//800
f 802//802 775//775 776//776 784//784
f 804//804 805//805 801//801 799//799
f 804//804 807//807 806//806 805//805
f 804//804 799//799 800//800 803//803
f 804//804 803//803 808//808 807//807
f 206//206 790//790 118//118 116//116
f 790//790 791//791 809//809 118//118
f 810//810 798//798 801//801 811//811
f 810//810 811//811 732//732 731//731
f 810//810 731//731 727//727 809//809
f 810//810 809//809 791//791 798//798
f 811//811 801//801 805//805 812//812
f 811//811 812//812 813//813 732//732
f 812//812 815//815 814//814 813//813
f 812//812 805//805 806//806 815//815
f 806//806 817//817 816//816 815//815
f 806//806 807//807 818//818 817//817
f 736//736 819//819 741//741 735//735
f 736//736 737//737 813//813 814//814
f 736//736 814//814 820//820 819//819
f 820//820 822//822 821//821 819//819
f 820//820 816//816 823//823 822//822
f 820//820 814//814 815//815 816//816
f 744//744 740//740 821//821 824//824
f 744//744 825//825 750//750 743//743
f 744//744 824//824 826//826 825//825
f 821//821 822//822 827//827 824//824
f 821//821 740//740 741//741 819//819
f 749//749 828//828 757//757 748//748
f 749//749 750//750 829//829 828//828
f 755//755 831//831 830//830 759//759
f 755//755 756//756 832//832 831//831
f 832//832 835//835 834//834 833//833
f 832//832 756//756 757//757 835//835
f 832//832 833//833 836//836 831//831
f 763//763 759//759 830//830 837//837
f 763//763 839//839 838//838 762//762
f 763//763 837//837 840//840 839//839
f 837//837 830//830 842//842 841//841
f 837//837 841//841 843//843 840//840
f 841//841 842//842 845//845 844//844
f 841//841 844//844 846//846 843//843
f 163//163 847//847 165//165 159//159
f 163//163 226//226 289//289 847//847
f 289//289 849//849 848//848 847//847
f 289//289 287//287 850//850 849//849
f 765//765 766//766 852//852 851//851
f 765//765 851//851 794//794 764//764
f 165//165 847//847 848//848 766//766
f 853//853 856//856 855//855 854//854
f 853//853 848//848 849//849 856//856
f 853//853 854//854 857//857 852//852
f 853//853 852//852 766//766 848//848
f 771//771 859//859 858//858 780//780
f 771//771 772//772 860//860 859//859
f 861//861 859//859 860//860 862//862
f 861//861 862//862 864//864 863//863
f 861//861 865//865 858//858 859//859
f 861//861 863//863 866//866 865//865
f 862//862 860//860 857//857 854//854
f 862//862 854//854 855//855 864//864
f 794//794 851//851 777//777 773//773
f 794//794 773//773 774//774 793//793
f 777//777 857//857 860//860 772//772
f 777//777 851//851 852//852 857//857
f 785//785 868//868 867//867 783//783
f 785//785 779//779 780//780 869//869
f 785//785 869//869 870//870 868//868
f 871//871 874//874 873//873 872//872
f 871//871 872//872 876//876 875//875
f 871//871 878//878 877//877 874//874
f 871//871 875//875 879//879 878//878
f 781//781 808//808 803//803 784//784
f 781//781 782//782 880//880 808//808
f 807//807 808//808 880//880 818//818
f 880//880 782//782 882//882 881//881
f 880//880 881//881 883//883 818//818
f 883//883 886//886 885//885 884//884
f 883//883 884//884 817//817 818//818
f 883//883 881//881 887//887 886//886
f 884//884 885//885 888//888 823//823
f 884//884 823//823 816//816 817//817
f 885//885 890//890 889//889 888//888
f 885//885 886//886 891//891 890//890
f 881//881 882//882 876//876 887//887
f 826//826 824//824 827//827 892//892
f 826//826 894//894 893//893 825//825
f 826//826 892//892 895//895 894//894
f 827//827 822//822 823//823 888//888
f 827//827 888//888 889//889 892//892
f 892//892 889//889 896//896 895//895
f 897//897 835//835 757//757 828//828
f 897//897 898//898 834//834 835//835
f 897//897 900//900 899//899 898//898
f 897//897 828//828 829//829 900//900
f 901//901 902//902 833//833 834//834
f 901//901 905//905 904//904 903//903
f 901//901 903//903 906//906 902//902
f 901//901 834//834 898//898 905//905
f 833//833 902//902 907//907 836//836
f 836//836 842//842 830//830 831//831
f 836//836 907//907 845//845 842//842
f 844//844 909//909 908//908 846//846
f 844//844 845//845 910//910 909//909
f 287//287 288//288 911//911 850//850
f 288//288 229//229 913//913 912//912
f 288//288 912//912 914//914 911//911
f 914//914 912//912 916//916 915//915
f 914//914 918//918 917//917 911//911
f 914//914 915//915 919//919 918//918
f 864//864 921//921 920//920 863//863
f 864//864 855//855 922//922 921//921
f 856//856 849//849 850//850 923//923
f 856//856 923//923 922//922 855//855
f 923//923 850//850 911//911 917//917
f 923//923 917//917 924//924 922//922
f 917//917 918//918 925//925 924//924
f 863//863 920//920 926//926 866//866
f 926//926 920//920 928//928 927//927
f 926//926 927//927 930//930 929//929
f 926//926 929//929 931//931 866//866
f 927//927 933//933 932//932 930//930
f 927//927 928//928 934//934 933//933
f 935//935 924//924 925//925 936//936
f 935//935 928//928 920//920 921//921
f 935//935 921//921 922//922 924//924
f 935//935 936//936 934//934 928//928
f 872//872 937//937 887//887 876//876
f 872//872 873//873 938//938 937//937
f 939//939 873//873 874//874 940//940
f 939//939 941//941 938//938 873//873
f 939//939 943//943 942//942 941//941
f 939//939 940//940 932//932 943//943
f 904//904 945//945 944//944 903//903
f 904//904 905//905 947//947 946//946
f 904//904 946//946 948//948 945//945
f 903//903 944//944 949//949 906//906
f 944//944 951//951 950//950 949//949
f 944//944 945//945 952//952 951//951
f 902//902 906//906 953//953 907//907
f 907//907 953//953 910//910 845//845
f 906//906 949//949 954//954 953//953
f 953//953 954//954 955//955 910//910
f 910//910 955//955 956//956 909//909
f 912//912 913//913 957//957 916//916
f 915//915 916//916 384//384 958//958
f 915//915 958//958 959//959 919//919
f 925//925 918//918 919//919 960//960
f 925//925 960//960 961//961 936//936
f 960//960 919//919 959//959 962//962
f 960//960 962//962 963//963 961//961
f 936//936 961//961 964//964 934//934
f 934//934 964//964 965//965 933//933
f 966//966 967//967 965//965 964//964
f 966//966 964//964 961//961 963//963
f 966//966 963//963 969//969 968//968
f 966//966 968//968 970//970 967//967
f 971//971 974//974 973//973 972//972
f 971//971 972//972 976//976 975//975
f 971//971 942//942 977//977 974//974
f 971//971 975//975 941//941 942//942
f 972//972 979//979 978//978 976//976
f 972//972 973//973 980//980 979//979
f 975//975 981//981 938//938 941//941
f 975//975 976//976 982//982 981//981
f 976//976 978//978 983//983 982//982
f 983//983 978//978 985//985 984//984
f 983//983 987//987 986//986 982//982
f 983//983 984//984 988//988 987//987
f 984//984 985//985 990//990 989//989
f 984//984 989//989 991//991 988//988
f 989//989 990//990 993//993 992//992
f 989//989 992//992 994//994 991//991
f 992//992 993//993 996//996 995//995
f 992//992 995//995 997//997 994//994
f 995//995 999//999 998//998 997//997
f 995//995 996//996 1000//1000 999//999
f 990//990 985//985 1002//1002 1001//1001
f 990//990 1001//1001 1003//1003 993//993
f 994//994 1005//1005 1004//1004 991//991
f 994//994 997//997 1006//1006 1005//1005
f 997//997 998//998 952//952 1006//1006
f 1007//1007 1010//1010 1009//1009 1008//1008
f 1007//1007 1008//1008 998//998 999//999
f 1007//1007 1012//1012 1011//1011 1010//1010
f 1007//1007 999//999 1000//1000 1012//1012
f 1008//1008 951//951 952//952 998//998
f 1008//1008 1009//1009 950//950 951//951
f 1009//1009 1014//1014 1013//1013 950//950
f 1009//1009 1010//1010 1015//1015 1014//1014
f 950//950 1013//1013 954//954 949//949
f 1013//1013 1014//1014 1017//1017 1016//1016
f 1013//1013 1016//1016 955//955 954//954
f 1014//1014 1015//1015 1018//1018 1017//1017
f 1016//1016 1019//1019 956//956 955//955
f 1016//1016 1017//1017 1020//1020 1019//1019
f 1020//1020 1023//1023 1022//1022 1021//1021
f 1020//1020 1017//1017 1018//1018 1023//1023
f 1020//1020 1021//1021 1024//1024 1019//1019
f 1021//1021 1026//1026 1025//1025 1024//1024
f 1021//1021 1022//1022 1027//1027 1026//1026
f 956//956 1028//1028 908//908 909//909
f 956//956 1019//1019 1024//1024 1028//1028
f 958//958 1030//1030 1029//1029 959//959
f 958//958 384//384 381//381 1030//1030
f 959//959 1029//1029 1031//1031 962//962
f 440//440 1030//1030 381//381 374//374
f 440//440 374//374 372//372 439//439
f 440//440 441//441 1029//1029 1030//1030
f 962//962 1031//1031 969//969 963//963
f 1032//1032 970//970 1034//1034 1033//1033
f 1032//1032 1033//1033 1036//1036 1035//1035
f 1032//1032 1037//1037 967//967 970//970
f 1032//1032 1035//1035 1038//1038 1037//1037
f 974//974 1038//1038 1039//1039 973//973
f 974//974 977//977 1037//1037 1038//1038
f 1040//1040 1042//1042 1041//1041 980//980
f 1040//1040 980//980 973//973 1039//1039
f 1040//1040 1039//1039 1044//1044 1043//1043
f 1040//1040 1043//1043 1045//1045 1042//1042
f 1001//1001 1002//1002 1041//1041 1046//1046
f 1001//1001 1046//1046 1047//1047 1003//1003
f 980//980 1041//1041 1002//1002 979//979
f 979//979 1002//1002 985//985 978//978
f 1046//1046 1041//1041 1042//1042 1048//1048
f 1046//1046 1048//1048 1049//1049 1047//1047
f 1048//1048 1042//1042 1045//1045 1050//1050
f 1048//1048 1050//1050 1051//1051 1049//1049
f 1047//1047 1053//1053 1052//1052 1003//1003
f 1047//1047 1049//1049 1054//1054 1053//1053
f 1000//1000 996//996 1052//1052 1055//1055
f 1000//1000 1055//1055 1056//1056 1012//1012
f 1056//1056 1055//1055 1058//1058 1057//1057
f 1056//1056 1059//1059 1011//1011 1012//1012
f 1056//1056 1057//1057 1060//1060 1059//1059
f 1058//1058 1053//1053 1054//1054 1061//1061
f 1058//1058 1061//1061 1062//1062 1057//1057
f 1058//1058 1055//1055 1052//1052 1053//1053
f 1063//1063 1059//1059 1060//1060 1064//1064
f 1063//1063 1065//1065 1011//1011 1059//1059
f 1063//1063 1067//1067 1066//1066 1065//1065
f 1063//1063 1064//1064 1068//1068 1067//1067
f 1069//1069 1066//1066 1067//1067 1070//1070
f 1069//1069 1071//1071 1022//1022 1023//1023
f 1069//1069 1023//1023 1018//1018 1066//1066
f 1069//1069 1070//1070 1072//1072 1071//1071
f 1070//1070 1074//1074 1073//1073 1072//1072
f 1070//1070 1067//1067 1068//1068 1074//1074
f 1068//1068 1064//1064 1076//1076 1075//1075
f 1068//1068 1075//1075 1077//1077 1074//1074
f 1078//1078 1027//1027 1022//1022 1071//1071
f 1078//1078 1071//1071 1072//1072 1079//1079
f 1078//1078 1081//1081 1080//1080 1027//1027
f 1078//1078 1079//1079 1082//1082 1081//1081
f 1072//1072 1073//1073 1083//1083 1079//1079
f 1084//1084 444//444 442//442 492//492
f 1084//1084 492//492 489//489 1085//1085
f 1084//1084 1087//1087 1086//1086 444//444
f 1084//1084 1085//1085 1088//1088 1087//1087
f 1034//1034 1090//1090 1089//1089 1033//1033
f 1034//1034 970//970 968//968 1091//1091
f 1034//1034 1091//1091 1092//1092 1090//1090
f 1033//1033 1089//1089 1093//1093 1036//1036
f 1035//1035 1036//1036 1094//1094 1044//1044
f 1035//1035 1044//1044 1039//1039 1038//1038
f 1044//1044 1094//1094 1095//1095 1043//1043
f 1036//1036 1093//1093 1096//1096 1094//1094
f 1094//1094 1096//1096 1097//1097 1095//1095
f 1061//1061 1099//1099 1098//1098 1062//1062
f 1061//1061 1054//1054 1100//1100 1099//1099
f 1054//1054 1049//1049 1051//1051 1100//1100
f 1062//1062 1098//1098 1102//1102 1101//1101
f 1062//1062 1101//1101 1060//1060 1057//1057
f 1101//1101 1102//1102 1103//1103 1076//1076
f 1101//1101 1076//1076 1064//1064 1060//1060
f 1076//1076 1103//1103 1104//1104 1075//1075
f 1103//1103 1102//1102 1106//1106 1105//1105
f 1103//1103 1105//1105 1107//1107 1104//1104
f 1073//1073 1109//1109 1108//1108 1083//1083
f 1073//1073 1074//1074 1077//1077 1109//1109
f 1083//1083 1108//1108 1111//1111 1110//1110
f 1083//1083 1110//1110 1082//1082 1079//1079
f 1110//1110 1113//1113 1112//1112 1082//1082
f 1110//1110 1111//1111 1114//1114 1113//1113
f 1115//1115 1116//1116 1088//1088 1085//1085
f 1115//1115 1118//1118 1117//1117 1116//1116
f 1115//1115 1085//1085 489//489 490//490
f 1115//1115 490//490 545//545 1118//1118
f 1117//1117 1121//1121 1120//1120 1119//1119
f 1117//1117 1119//1119 1122//1122 1116//1116
f 1117//1117 1118//1118 1123//1123 1121//1121
f 1119//1119 1125//1125 1124//1124 1122//1122
f 1119//1119 1120//1120 1126//1126 1125//1125
f 492//492 442//442 443//443 491//491
f 1088//1088 1116//1116 1122//1122 1127//1127
f 1088//1088 1127//1127 1092//1092 1087//1087
f 1127//1127 1122//1122 1124//1124 1128//1128
f 1127//1127 1128//1128 1090//1090 1092//1092
f 1128//1128 1129//1129 1089//1089 1090//1090
f 1128//1128 1124//1124 1130//1130 1129//1129
f 1130//1130 1133//1133 1132//1132 1131//1131
f 1130//1130 1131//1131 1134//1134 1129//1129
f 1130//1130 1124//1124 1125//1125 1133//1133
f 1131//1131 1136//1136 1135//1135 1134//1134
f 1131//1131 1132//1132 1137//1137 1136//1136
f 1138//1138 1141//1141 1140//1140 1139//1139
f 1138//1138 1143//1143 1142//1142 1141//1141
f 1138//1138 1139//1139 1145//1145 1144//1144
f 1138//1138 1144//1144 1146//1146 1143//1143
f 1139//1139 1140//1140 1148//1148 1147//1147
f 1139//1139 1147//1147 1149//1149 1145//1145
f 1142//1142 1143//1143 1151//1151 1150//1150
f 1142//1142 1099//1099 1100//1100 1141//1141
f 1142//1142 1150//1150 1098//1098 1099//1099
f 1151//1151 1152//1152 1106//1106 1150//1150
f 1151//1151 1143//1143 1146//1146 1153//1153
f 1151//1151 1153//1153 1154//1154 1152//1152
f 1150//1150 1106//1106 1102//1102 1098//1098
f 1105//1105 1106//1106 1152//1152 1155//1155
f 1105//1105 1155//1155 1156//1156 1107//1107
f 1155//1155 1158//1158 1157//1157 1156//1156
f 1155//1155 1152//1152 1154//1154 1158//1158
f 1159//1159 1077//1077 1075//1075 1104//1104
f 1159//1159 1160//1160 1109//1109 1077//1077
f 1159//1159 1162//1162 1161//1161 1160//1160
f 1159//1159 1104//1104 1107//1107 1162//1162
f 1163//1163 1166//1166 1165//1165 1164//1164
f 1163//1163 1168//1168 1167//1167 1161//1161
f 1163//1163 1164//1164 1169//1169 1168//1168
f 1163//1163 1161//1161 1162//1162 1166//1166
f 1170//1170 1167//1167 1172//1172 1171//1171
f 1170//1170 1171//1171 1111//1111 1108//1108
f 1170//1170 1108//1108 1109//1109 1160//1160
f 1170//1170 1160//1160 1161//1161 1167//1167
f 1171//1171 1173//1173 1114//1114 1111//1111
f 1171//1171 1172//1172 1174//1174 1173//1173
f 545//545 546//546 590//590 1175//1175
f 545//545 1175//1175 1123//1123 1118//1118
f 1175//1175 590//590 586//586 1176//1176
f 1175//1175 1176//1176 1177//1177 1123//1123
f 1121//1121 1179//1179 1178//1178 1120//1120
f 1121//1121 1123//1123 1177//1177 1179//1179
f 1120//1120 1178//1178 1180//1180 1126//1126
f 1178//1178 1179//1179 1182//1182 1181//1181
f 1178//1178 1181//1181 1183//1183 1180//1180
f 1184//1184 1137//1137 1132//1132 1185//1185
f 1184//1184 1185//1185 1187//1187 1186//1186
f 1184//1184 1186//1186 1189//1189 1188//1188
f 1184//1184 1188//1188 1190//1190 1137//1137
f 1191//1191 1133//1133 1125//1125 1126//1126
f 1191//1191 1185//1185 1132//1132 1133//1133
f 1191//1191 1192//1192 1187//1187 1185//1185
f 1191//1191 1126//1126 1180//1180 1192//1192
f 1193//1193 1196//1196 1195//1195 1194//1194
f 1193//1193 1199//1199 1198//1198 1197//1197
f 1193//1193 1194//1194 1200//1200 1199//1199
f 1193//1193 1197//1197 1201//1201 1196//1196
f 1153//1153 1146//1146 1203//1203 1202//1202
f 1153//1153 1202//1202 1204//1204 1154//1154
f 1202//1202 1206//1206 1205//1205 1204//1204
f 1202//1202 1203//1203 1207//1207 1206//1206
f 1154//1154 1204//1204 1208//1208 1158//1158
f 1208//1208 1204//1204 1205//1205 1209//1209
f 1208//1208 1210//1210 1157//1157 1158//1158
f 1208//1208 1209//1209 1211//1211 1210//1210
f 1165//1165 1213//1213 1212//1212 1164//1164
f 1165//1165 1166//1166 1156//1156 1157//1157
f 1165//1165 1157//1157 1210//1210 1213//1213
f 1164//1164 1212//1212 1214//1214 1169//1169
f 1169//1169 1216//1216 1215//1215 1168//1168
f 1169//1169 1214//1214 1217//1217 1216//1216
f 1217//1217 1214//1214 1219//1219 1218//1218
f 1217//1217 1221//1221 1220//1220 1216//1216
f 1217//1217 1218//1218 1222//1222 1221//1221
f 1176//1176 1224//1224 1223//1223 1177//1177
f 1176//1176 586//586 587//587 1224//1224
f 1223//1223 1182//1182 1179//1179 1177//1177
f 1223//1223 1226//1226 1225//1225 1182//1182
f 1223//1223 1224//1224 1227//1227 1226//1226
f 1181//1181 1229//1229 1228//1228 1183//1183
f 1181//1181 1182//1182 1225//1225 1229//1229
f 1183//1183 1230//1230 1192//1192 1180//1180
f 1183//1183 1228//1228 1231//1231 1230//1230
f 1232//1232 1235//1235 1234//1234 1233//1233
f 1232//1232 1237//1237 1236//1236 1235//1235
f 1232//1232 1233//1233 1230//1230 1231//1231
f 1232//1232 1231//1231 1238//1238 1237//1237
f 1234//1234 1239//1239 1189//1189 1186//1186
f 1234//1234 1186//1186 1187//1187 1233//1233
f 1234//1234 1235//1235 1240//1240 1239//1239
f 1194//1194 1241//1241 1149//1149 1200//1200
f 1194//1194 1195//1195 1242//1242 1241//1241
f 1197//1197 1198//1198 1189//1189 1239//1239
f 1197//1197 1239//1239 1240//1240 1201//1201
f 1243//1243 1201//1201 1240//1240 1244//1244
f 1243//1243 1244//1244 1246//1246 1245//1245
f 1243//1243 1247//1247 1196//1196 1201//1201
f 1243//1243 1245//1245 1248//1248 1247//1247
f 1249//1249 1251//1251 1207//1207 1250//1250
f 1249//1249 1254//1254 1253//1253 1252//1252
f 1249//1249 1252//1252 1255//1255 1251//1251
f 1249//1249 1250//1250 1256//1256 1254//1254
f 1209//1209 1205//1205 1258//1258 1257//1257
f 1209//1209 1257//1257 1259//1259 1211//1211
f 1257//1257 1258//1258 1261//1261 1260//1260
f 1257//1257 1260//1260 1262//1262 1259//1259
f 1211//1211 1263//1263 1213//1213 1210//1210
f 1211//1211 1259//1259 1264//1264 1263//1263
f 1264//1264 1267//1267 1266//1266 1265//1265
f 1264//1264 1265//1265 1268//1268 1263//1263
f 1264//1264 1259//1259 1262//1262 1267//1267
f 1269//1269 1219//1219 1268//1268 1265//1265
f 1269//1269 1270//1270 1218//1218 1219//1219
f 1269//1269 1272//1272 1271//1271 1270//1270
f 1269//1269 1265//1265 1266//1266 1272//1272
f 1218//1218 1270//1270 1273//1273 1222//1222
f 1219//1219 1214//1214 1212//1212 1268//1268
f 11//11 1276//1276 1275//1275 1274//1274
f 11//11 1274//1274 1277//1277 10//10
f 11//11 2//2 3//3 1276//1276
f 1274//1274 1279//1279 1278//1278 1277//1277
f 1274//1274 1275//1275 1280//1280 1279//1279
f 1275//1275 1282//1282 1281//1281 1280//1280
f 1275//1275 1276//1276 1283//1283 1282//1282
f 10//10 1277//1277 1284//1284 14//14
f 1277//1277 1278//1278 1285//1285 1284//1284
f 1278//1278 1287//1287 1286//1286 1285//1285
f 1278//1278 1279//1279 1288//1288 1287//1287
f 1289//1289 1287//1287 1288//1288 1290//1290
f 1289//1289 1291//1291 1286//1286 1287//1287
f 1289//1289 1293//1293 1292//1292 1291//1291
f 1289//1289 1290//1290 1294//1294 1293//1293
f 1290//1290 1296//1296 1295//1295 1294//1294
f 1290//1290 1288//1288 1297//1297 1296//1296
f 90//90 91//91 1299//1299 1298//1298
f 90//90 1298//1298 1300//1300 92//92
f 1298//1298 1299//1299 1302//1302 1301//1301
f 1298//1298 1301//1301 1303//1303 1300//1300
f 59//59 1305//1305 1304//1304 60//60
f 59//59 13//13 14//14 1305//1305
f 1302//1302 1299//1299 60//60 1304//1304
f 1302//1302 1307//1307 1306//1306 1301//1301
f 1302//1302 1304//1304 1308//1308 1307//1307
f 1304//1304 1305//1305 1309//1309 1308//1308
f 1310//1310 1313//1313 1312//1312 1311//1311
f 1310//1310 1315//1315 1314//1314 1313//1313
f 1310//1310 1311//1311 1317//1317 1316//1316
f 1310//1310 1316//1316 1318//1318 1315//1315
f 1292//1292 1293//1293 1320//1320 1319//1319
f 1292//1292 1314//1314 1315//1315 1291//1291
f 1292//1292 1319//1319 1321//1321 1314//1314
f 1320//1320 1323//1323 1322//1322 1319//1319
f 1320//1320 1293//1293 1294//1294 1324//1324
f 1320//1320 1324//1324 1325//1325 1323//1323
f 1311//1311 1327//1327 1326//1326 1317//1317
f 1311//1311 1312//1312 1328//1328 1327//1327
f 1313//1313 1330//1330 1329//1329 1312//1312
f 1313//1313 1314//1314 1321//1321 1330//1330
f 1322//1322 1331//1331 1321//1321 1319//1319
f 1322//1322 1323//1323 1333//1333 1332//1332
f 1322//1322 1332//1332 1334//1334 1331//1331
f 1321//1321 1331//1331 1335//1335 1330//1330
f 1336//1336 1300//1300 1303//1303 1337//1337
f 1336//1336 1338//1338 133//133 134//134
f 1336//1336 134//134 92//92 1300//1300
f 1336//1336 1337//1337 1339//1339 1338//1338
f 1337//1337 1341//1341 1340//1340 1339//1339
f 1337//1337 1303//1303 1342//1342 1341//1341
f 1306//1306 1307//1307 1344//1344 1343//1343
f 1306//1306 1342//1342 1303//1303 1301//1301
f 1306//1306 1343//1343 1345//1345 1342//1342
f 1340//1340 1341//1341 1347//1347 1346//1346
f 1340//1340 1346//1346 1349//1349 1348//1348
f 1340//1340 1348//1348 1350//1350 1339//1339
f 1346//1346 1347//1347 1352//1352 1351//1351
f 1346//1346 1351//1351 1353//1353 1349//1349
f 1347//1347 1341//1341 1342//1342 1345//1345
f 1347//1347 1345//1345 1354//1354 1352//1352
f 1343//1343 1326//1326 1354//1354 1345//1345
f 1343//1343 1344//1344 1317//1317 1326//1326
f 1355//1355 1327//1327 1328//1328 1356//1356
f 1355//1355 1356//1356 1358//1358 1357//1357
f 1355//1355 1357//1357 1352//1352 1354//1354
f 1355//1355 1354//1354 1326//1326 1327//1327
f 1328//1328 1360//1360 1359//1359 1356//1356
f 1328//1328 1312//1312 1329//1329 1360//1360
f 1356//1356 1359//1359 1361//1361 1358//1358
f 1352//1352 1357//1357 1362//1362 1351//1351
f 1357//1357 1358//1358 1363//1363 1362//1362
f 1358//1358 1361//1361 1364//1364 1363//1363
f 1329//1329 1330//1330 1335//1335 1365//1365
f 1329//1329 1365//1365 1366//1366 1360//1360
f 1335//1335 1368//1368 1367//1367 1365//1365
f 1335//1335 1331//1331 1334//1334 1368//1368
f 1365//1365 1367//1367 1369//1369 1366//1366
f 1332//1332 1333//1333 1371//1371 1370//1370
f 1332//1332 1370//1370 1372//1372 1334//1334
f 1370//1370 1374//1374 1373//1373 1372//1372
f 1370//1370 1371//1371 1375//1375 1374//1374
f 1372//1372 1376//1376 1368//1368 1334//1334
f 1372//1372 1373//1373 1377//1377 1376//1376
f 1368//1368 1376//1376 1378//1378 1367//1367
f 1363//1363 1364//1364 1380//1380 1379//1379
f 1363//1363 1379//1379 1381//1381 1362//1362
f 1382//1382 1385//1385 1384//1384 1383//1383
f 1382//1382 1338//1338 1339//1339 1350//1350
f 1382//1382 1350//1350 1386//1386 1385//1385
f 1382//1382 1383//1383 1387//1387 1338//1338
f 1383//1383 1384//1384 265//265 266//266
f 1383//1383 266//266 215//215 1387//1387
f 1348//1348 1388//1388 1386//1386 1350//1350
f 1348//1348 1349//1349 1389//1389 1388//1388
f 1389//1389 1392//1392 1391//1391 1390//1390
f 1389//1389 1390//1390 1393//1393 1388//1388
f 1389//1389 1349//1349 1353//1353 1392//1392
f 1353//1353 1381//1381 1394//1394 1392//1392
f 1353//1353 1351//1351 1362//1362 1381//1381
f 1379//1379 1395//1395 1394//1394 1381//1381
f 1379//1379 1380//1380 1396//1396 1395//1395
f 1380//1380 1398//1398 1397//1397 1396//1396
f 1380//1380 1364//1364 1399//1399 1398//1398
f 1400//1400 1403//1403 1402//1402 1401//1401
f 1400//1400 1399//1399 1364//1364 1361//1361
f 1400//1400 1401//1401 1404//1404 1399//1399
f 1400//1400 1361//1361 1359//1359 1403//1403
f 1401//1401 1406//1406 1405//1405 1404//1404
f 1401//1401 1402//1402 1407//1407 1406//1406
f 1404//1404 1405//1405 1409//1409 1408//1408
f 1404//1404 1408//1408 1398//1398 1399//1399
f 1369//1369 1402//1402 1403//1403 1366//1366
f 1369//1369 1410//1410 1407//1407 1402//1402
f 1369//1369 1367//1367 1378//1378 1410//1410
f 1411//1411 1414//1414 1413//1413 1412//1412
f 1411//1411 1417//1417 1416//1416 1415//1415
f 1411//1411 1412//1412 1418//1418 1417//1417
f 1411//1411 1415//1415 1419//1419 1414//1414
f 264//264 1422//1422 1421//1421 1420//1420
f 264//264 1420//1420 319//319 262//262
f 264//264 265//265 1384//1384 1422//1422
f 1385//1385 1386//1386 1424//1424 1423//1423
f 1385//1385 1423//1423 1422//1422 1384//1384
f 1386//1386 1388//1388 1393//1393 1424//1424
f 1423//1423 1424//1424 1426//1426 1425//1425
f 1423//1423 1425//1425 1421//1421 1422//1422
f 1427//1427 1429//1429 1428//1428 1426//1426
f 1427//1427 1393//1393 1390//1390 1430//1430
f 1427//1427 1426//1426 1424//1424 1393//1393
f 1427//1427 1430//1430 1431//1431 1429//1429
f 1390//1390 1391//1391 1432//1432 1430//1430
f 1433//1433 1391//1391 1392//1392 1394//1394
f 1433//1433 1434//1434 1432//1432 1391//1391
f 1433//1433 1394//1394 1395//1395 1435//1435
f 1433//1433 1435//1435 1436//1436 1434//1434
f 1396//1396 1397//1397 1438//1438 1437//1437
f 1396//1396 1437//1437 1435//1435 1395//1395
f 1437//1437 1439//1439 1436//1436 1435//1435
f 1437//1437 1438//1438 1440//1440 1439//1439
f 1438//1438 1397//1397 1442//1442 1441//1441
f 1438//1438 1441//1441 1443//1443 1440//1440
f 1408//1408 1442//1442 1397//1397 1398//1398
f 1408//1408 1409//1409 1444//1444 1442//1442
f 1444//1444 1447//1447 1446//1446 1445//1445
f 1444//1444 1445//1445 1441//1441 1442//1442
f 1444//1444 1409//1409 1448//1448 1447//1447
f 1449//1449 1452//1452 1451//1451 1450//1450
f 1449//1449 1417//1417 1418//1418 1452//1452
f 1449//1449 1453//1453 1416//1416 1417//1417
f 1449//1449 1450//1450 1454//1454 1453//1453
f 1455//1455 1458//1458 1457//1457 1456//1456
f 1455//1455 1456//1456 1416//1416 1453//1453
f 1455//1455 1453//1453 1454//1454 1459//1459
f 1455//1455 1459//1459 1460//1460 1458//1458
f 1450//1450 1462//1462 1461//1461 1454//1454
f 1450//1450 1451//1451 1463//1463 1462//1462
f 1454//1454 1461//1461 1464//1464 1459//1459
f 1420//1420 1465//1465 320//320 319//319
f 1420//1420 1421//1421 1466//1466 1465//1465
f 1425//1425 1426//1426 1428//1428 1467//1467
f 1425//1425 1467//1467 1466//1466 1421//1421
f 1428//1428 1469//1469 1468//1468 1467//1467
f 1428//1428 1429//1429 1470//1470 1469//1469
f 1466//1466 1472//1472 1471//1471 1465//1465
f 1466//1466 1467//1467 1468//1468 1472//1472
f 1431//1431 1475//1475 1474//1474 1473//1473
f 1431//1431 1430//1430 1432//1432 1475//1475
f 1431//1431 1473//1473 1470//1470 1429//1429
f 1473//1473 1474//1474 1477//1477 1476//1476
f 1473//1473 1476//1476 1478//1478 1470//1470
f 1475//1475 1432//1432 1434//1434 1479//1479
f 1475//1475 1479//1479 1480//1480 1474//1474
f 1479//1479 1482//1482 1481//1481 1480//1480
f 1479//1479 1434//1434 1436//1436 1482//1482
f 1474//1474 1480//1480 1483//1483 1477//1477
f 1480//1480 1481//1481 1484//1484 1483//1483
f 1485//1485 1488//1488 1487//1487 1486//1486
f 1485//1485 1486//1486 1443//1443 1489//1489
f 1485//1485 1489//1489 1491//1491 1490//1490
f 1485//1485 1490//1490 1492//1492 1488//1488
f 1446//1446 1491//1491 1489//1489 1445//1445
f 1446//1446 1447//1447 1494//1494 1493//1493
f 1446//1446 1493//1493 1495//1495 1491//1491
f 1445//1445 1489//1489 1443//1443 1441//1441
f 1493//1493 1497//1497 1496//1496 1495//1495
f 1493//1493 1494//1494 1498//1498 1497//1497
f 1461//1461 1500//1500 1499//1499 1464//1464
f 1461//1461 1462//1462 1501//1501 1500//1500
f 1462//1462 1463//1463 1502//1502 1501//1501
f 320//320 1465//1465 1471//1471 1503//1503
f 320//320 1503//1503 360//360 318//318
f 1503//1503 1471//1471 1505//1505 1504//1504
f 1503//1503 1504//1504 359//359 360//360
f 1471//1471 1472//1472 1506//1506 1505//1505
f 1468//1468 1507//1507 1506//1506 1472//1472
f 1468//1468 1469//1469 1508//1508 1507//1507
f 1506//1506 1510//1510 1509//1509 1505//1505
f 1506//1506 1507//1507 1511//1511 1510//1510
f 1476//1476 1477//1477 1513//1513 1512//1512
f 1476//1476 1512//1512 1514//1514 1478//1478
f 1515//1515 1518//1518 1517//1517 1516//1516
f 1515//1515 1513//1513 1477//1477 1483//1483
f 1515//1515 1516//1516 1519//1519 1513//1513
f 1515//1515 1483//1483 1484//1484 1518//1518
f 1484//1484 1481//1481 1521//1521 1520//1520
f 1484//1484 1520//1520 1522//1522 1518//1518
f 1486//1486 1487//1487 1524//1524 1523//1523
f 1486//1486 1523//1523 1440//1440 1443//1443
f 1525//1525 1528//1528 1527//1527 1526//1526
f 1525//1525 1526//1526 1530//1530 1529//1529
f 1525//1525 1529//1529 1524//1524 1487//1487
f 1525//1525 1487//1487 1488//1488 1528//1528
f 1492//1492 1490//1490 1532//1532 1531//1531
f 1492//1492 1533//1533 1528//1528 1488//1488
f 1492//1492 1531//1531 1534//1534 1533//1533
f 1531//1531 1536//1536 1535//1535 1534//1534
f 1531//1531 1532//1532 1537//1537 1536//1536
f 1534//1534 1539//1539 1538//1538 1533//1533
f 1534//1534 1535//1535 1540//1540 1539//1539
f 1541//1541 1544//1544 1543//1543 1542//1542
f 1541//1541 1545//1545 1535//1535 1536//1536
f 1541//1541 1536//1536 1537//1537 1544//1544
f 1541//1541 1542//1542 1546//1546 1545//1545
f 1542//1542 1548//1548 1547//1547 1546//1546
f 1542//1542 1543//1543 1549//1549 1548//1548
f 1532//1532 1490//1490 1491//1491 1495//1495
f 1532//1532 1495//1495 1496//1496 1537//1537
f 1504//1504 1550//1550 402//402 359//359
f 1504//1504 1505//1505 1509//1509 1550//1550
f 1509//1509 1510//1510 1552//1552 1551//1551
f 1509//1509 1551//1551 1553//1553 1550//1550
f 1511//1511 1507//1507 1508//1508 1554//1554
f 1511//1511 1555//1555 1552//1552 1510//1510
f 1511//1511 1554//1554 1556//1556 1555//1555
f 1554//1554 1508//1508 1478//1478 1514//1514
f 1554//1554 1514//1514 1557//1557 1556//1556
f 1514//1514 1512//1512 1558//1558 1557//1557
f 1556//1556 1560//1560 1559//1559 1555//1555
f 1556//1556 1557//1557 1561//1561 1560//1560
f 1519//1519 1563//1563 1562//1562 1558//1558
f 1519//1519 1516//1516 1564//1564 1563//1563
f 1519//1519 1558//1558 1512//1512 1513//1513
f 1558//1558 1562//1562 1561//1561 1557//1557
f 1562//1562 1563//1563 1566//1566 1565//1565
f 1562//1562 1565//1565 1567//1567 1561//1561
f 1516//1516 1517//1517 1568//1568 1564//1564
f 1563//1563 1564//1564 1569//1569 1566//1566
f 1564//1564 1568//1568 1570//1570 1569//1569
f 1568//1568 1517//1517 1572//1572 1571//1571
f 1568//1568 1571//1571 1573//1573 1570//1570
f 1571//1571 1575//1575 1574//1574 1573//1573
f 1571//1571 1572//1572 1576//1576 1575//1575
f 1570//1570 1578//1578 1577//1577 1569//1569
f 1570//1570 1573//1573 1579//1579 1578//1578
f 1526//1526 1527//1527 1581//1581 1580//1580
f 1526//1526 1580//1580 1576//1576 1530//1530
f 1576//1576 1572//1572 1522//1522 1530//1530
f 1576//1576 1580//1580 1582//1582 1575//1575
f 1580//1580 1581//1581 1583//1583 1582//1582
f 1584//1584 1538//1538 1539//1539 1585//1585
f 1584//1584 1585//1585 1587//1587 1586//1586
f 1584//1584 1581//1581 1527//1527 1538//1538
f 1584//1584 1586//1586 1583//1583 1581//1581
f 1585//1585 1589//1589 1588//1588 1587//1587
f 1585//1585 1539//1539 1540//1540 1589//1589
f 1535//1535 1545//1545 1590//1590 1540//1540
f 1540//1540 1590//1590 1591//1591 1589//1589
f 1546//1546 1592//1592 1590//1590 1545//1545
f 1546//1546 1547//1547 1593//1593 1592//1592
f 1594//1594 1597//1597 1596//1596 1595//1595
f 1594//1594 1595//1595 1599//1599 1598//1598
f 1594//1594 1600//1600 1593//1593 1597//1597
f 1594//1594 1598//1598 1601//1601 1600//1600
f 1601//1601 1598//1598 1602//1602 1588//1588
f 1601//1601 1588//1588 1589//1589 1591//1591
f 1601//1601 1591//1591 1603//1603 1600//1600
f 1551//1551 1552//1552 1605//1605 1604//1604
f 1551//1551 1604//1604 1606//1606 1553//1553
f 1552//1552 1555//1555 1559//1559 1605//1605
f 1559//1559 1608//1608 1607//1607 1605//1605
f 1559//1559 1560//1560 1609//1609 1608//1608
f 1607//1607 1612//1612 1611//1611 1610//1610
f 1607//1607 1610//1610 1604//1604 1605//1605
f 1607//1607 1608//1608 1613//1613 1612//1612
f 1567//1567 1609//1609 1560//1560 1561//1561
f 1567//1567 1615//1615 1614//1614 1609//1609
f 1567//1567 1565//1565 1616//1616 1615//1615
f 1565//1565 1566//1566 1617//1617 1616//1616
f 1616//1616 1619//1619 1618//1618 1615//1615
f 1616//1616 1617//1617 1620//1620 1619//1619
f 1569//1569 1577//1577 1617//1617 1566//1566
f 1577//1577 1621//1621 1620//1620 1617//1617
f 1577//1577 1578//1578 1622//1622 1621//1621
f 1578//1578 1579//1579 1623//1623 1622//1622
f 1573//1573 1574//1574 1624//1624 1579//1579
f 1624//1624 1625//1625 1623//1623 1579//1579
f 1624//1624 1574//1574 1627//1627 1626//1626
f 1624//1624 1626//1626 1628//1628 1625//1625
f 1586//1586 1587//1587 1630//1630 1629//1629
f 1586//1586 1629//1629 1631//1631 1583//1583
f 1631//1631 1629//1629 1633//1633 1632//1632
f 1631//1631 1632//1632 1635//1635 1634//1634
f 1631//1631 1634//1634 1636//1636 1583//1583
f 1632//1632 1638//1638 1637//1637 1635//1635
f 1632//1632 1633//1633 1639//1639 1638//1638
f 1587//1587 1588//1588 1602//1602 1630//1630
f 1640//1640 1643//1643 1642//1642 1641//1641
f 1640//1640 1599//1599 1595//1595 1644//1644
f 1640//1640 1641//1641 1645//1645 1599//1599
f 1640//1640 1644//1644 1646//1646 1643//1643
f 1641//1641 1642//1642 1648//1648 1647//1647
f 1641//1641 1647//1647 1649//1649 1645//1645
f 520//520 1652//1652 1651//1651 1650//1650
f 520//520 517//517 1653//1653 1652//1652
f 520//520 1650//1650 1654//1654 516//516
f 1650//1650 1656//1656 1655//1655 1654//1654
f 1650//1650 1651//1651 1657//1657 1656//1656
f 1613//1613 1614//1614 1659//1659 1658//1658
f 1613//1613 1608//1608 1609//1609 1614//1614
f 1613//1613 1658//1658 1660//1660 1612//1612
f 1661//1661 1664//1664 1663//1663 1662//1662
f 1661//1661 1666//1666 1665//1665 1664//1664
f 1661//1661 1662//1662 1668//1668 1667//1667
f 1661//1661 1667//1667 1669//1669 1666//1666
f 1658//1658 1665//1665 1666//1666 1660//1660
f 1658//1658 1659//1659 1670//1670 1665//1665
f 1670//1670 1671//1671 1664//1664 1665//1665
f 1670//1670 1659//1659 1618//1618 1672//1672
f 1670//1670 1672//1672 1673//1673 1671//1671
f 1673//1673 1676//1676 1675//1675 1674//1674
f 1673//1673 1672//1672 1677//1677 1676//1676
f 1673//1673 1674//1674 1678//1678 1671//1671
f 1674//1674 1675//1675 1680//1680 1679//1679
f 1674//1674 1679//1679 1681//1681 1678//1678
f 1618//1618 1659//1659 1614//1614 1615//1615
f 1618//1618 1619//1619 1677//1677 1672//1672
f 1620//1620 1621//1621 1683//1683 1682//1682
f 1620//1620 1682//1682 1677//1677 1619//1619
f 1677//1677 1682//1682 1684//1684 1676//1676
f 1684//1684 1687//1687 1686//1686 1685//1685
f 1684//1684 1685//1685 1675//1675 1676//1676
f 1684//1684 1682//1682 1683//1683 1687//1687
f 1685//1685 1686//1686 1689//1689 1688//1688
f 1685//1685 1688//1688 1680//1680 1675//1675
f 1686//1686 1687//1687 1691//1691 1690//1690
f 1686//1686 1690//1690 1692//1692 1689//1689
f 1683//1683 1621//1621 1622//1622 1693//1693
f 1683//1683 1693//1693 1691//1691 1687//1687
f 1691//1691 1693//1693 1695//1695 1694//1694
f 1691//1691 1694//1694 1696//1696 1690//1690
f 1695//1695 1698//1698 1697//1697 1694//1694
f 1695//1695 1623//1623 1625//1625 1698//1698
f 1695//1695 1693//1693 1622//1622 1623//1623
f 1694//1694 1697//1697 1699//1699 1696//1696
f 1690//1690 1696//1696 1700//1700 1692//1692
f 1628//1628 1701//1701 1698//1698 1625//1625
f 1628//1628 1703//1703 1702//1702 1701//1701
f 1628//1628 1626//1626 1704//1704 1703//1703
f 1698//1698 1701//1701 1705//1705 1697//1697
f 1697//1697 1705//1705 1706//1706 1699//1699
f 1634//1634 1635//1635 1708//1708 1707//1707
f 1634//1634 1707//1707 1704//1704 1636//1636
f 1709//1709 1712//1712 1711//1711 1710//1710
f 1709//1709 1710//1710 1702//1702 1703//1703
f 1709//1709 1703//1703 1704//1704 1707//1707
f 1709//1709 1707//1707 1708//1708 1712//1712
f 1713//1713 1716//1716 1715//1715 1714//1714
f 1713//1713 1718//1718 1717//1717 1716//1716
f 1713//1713 1714//1714 1720//1720 1719//1719
f 1713//1713 1719//1719 1639//1639 1718//1718
f 1647//1647 1648//1648 1721//1721 1717//1717
f 1647//1647 1717//1717 1718//1718 1649//1649
f 1648//1648 1723//1723 1722//1722 1721//1721
f 1648//1648 1642//1642 1724//1724 1723//1723
f 1721//1721 1725//1725 1716//1716 1717//1717
f 1721//1721 1722//1722 1726//1726 1725//1725
f 584//584 1728//1728 1727//1727 583//583
f 584//584 514//514 515//515 1729//1729
f 584//584 1729//1729 1730//1730 1728//1728
f 1654//1654 1655//1655 1732//1732 1731//1731
f 1654//1654 1731//1731 515//515 516//516
f 515//515 1731//1731 1733//1733 1729//1729
f 1731//1731 1732//1732 1734//1734 1733//1733
f 1735//1735 1736//1736 1732//1732 1655//1655
f 1735//1735 1738//1738 1737//1737 1736//1736
f 1735//1735 1740//1740 1739//1739 1738//1738
f 1735//1735 1655//1655 1656//1656 1740//1740
f 1732//1732 1736//1736 1741//1741 1734//1734
f 1736//1736 1737//1737 1742//1742 1741//1741
f 1743//1743 1746//1746 1745//1745 1744//1744
f 1743//1743 1668//1668 1662//1662 1746//1746
f 1743//1743 1737//1737 1738//1738 1668//1668
f 1743//1743 1744//1744 1742//1742 1737//1737
f 1747//1747 1681//1681 1749//1749 1748//1748
f 1747//1747 1746//1746 1662//1662 1663//1663
f 1747//1747 1748//1748 1745//1745 1746//1746
f 1747//1747 1663//1663 1678//1678 1681//1681
f 1679//1679 1750//1750 1749//1749 1681//1681
f 1679//1679 1680//1680 1751//1751 1750//1750
f 1751//1751 1753//1753 1752//1752 1750//1750
f 1751//1751 1680//1680 1688//1688 1754//1754
f 1751//1751 1754//1754 1755//1755 1753//1753
f 1688//1688 1689//1689 1756//1756 1754//1754
f 1692//1692 1700//1700 1758//1758 1757//1757
f 1692//1692 1757//1757 1756//1756 1689//1689
f 1705//1705 1760//1760 1759//1759 1706//1706
f 1705//1705 1701//1701 1702//1702 1760//1760
f 1706//1706 1759//1759 1762//1762 1761//1761
f 1706//1706 1761//1761 1763//1763 1699//1699
f 1700//1700 1763//1763 1764//1764 1758//1758
f 1700//1700 1696//1696 1699//1699 1763//1763
f 1710//1710 1765//1765 1760//1760 1702//1702
f 1710//1710 1711//1711 1766//1766 1765//1765
f 1766//1766 1769//1769 1768//1768 1767//1767
f 1766//1766 1767//1767 1770//1770 1765//1765
f 1766//1766 1711//1711 1771//1771 1769//1769
f 1770//1770 1772//1772 1762//1762 1759//1759
f 1770//1770 1759//1759 1760//1760 1765//1765
f 1770//1770 1767//1767 1773//1773 1772//1772
f 1774//1774 1771//1771 1711//1711 1712//1712
f 1774//1774 1776//1776 1775//1775 1771//1771
f 1774//1774 1778//1778 1777//1777 1776//1776
f 1774//1774 1712//1712 1708//1708 1778//1778
f 1775//1775 1781//1781 1780//1780 1779//1779
f 1775//1775 1779//1779 1769//1769 1771//1771
f 1775//1775 1776//1776 1782//1782 1781//1781
f 1779//1779 1780//1780 1784//1784 1783//1783
f 1779//1779 1783//1783 1768//1768 1769//1769
f 1783//1783 1784//1784 1786//1786 1785//1785
f 1783//1783 1785//1785 1787//1787 1768//1768
f 1715//1715 1789//1789 1788//1788 1714//1714
f 1715//1715 1791//1791 1790//1790 1789//1789
f 1715//1715 1716//1716 1725//1725 1791//1791
f 1714//1714 1788//1788 1792//1792 1720//1720
f 1793//1793 1794//1794 1741//1741 1742//1742
f 1793//1793 1796//1796 1795//1795 1794//1794
f 1793//1793 1742//1742 1744//1744 1797//1797
f 1793//1793 1797//1797 1798//1798 1796//1796
f 1744//1744 1745//1745 1799//1799 1797//1797
f 1799//1799 1745//1745 1748//1748 1800//1800
f 1799//1799 1800//1800 1802//1802 1801//1801
f 1799//1799 1801//1801 1798//1798 1797//1797
f 1748//1748 1749//1749 1803//1803 1800//1800
f 1800//1800 1803//1803 1804//1804 1802//1802
f 1752//1752 1805//1805 1804//1804 1803//1803
f 1752//1752 1753//1753 1806//1806 1805//1805
f 1752//1752 1803//1803 1749//1749 1750//1750
f 1806//1806 1808//1808 1807//1807 1805//1805
f 1806//1806 1753//1753 1755//1755 1809//1809
f 1806//1806 1809//1809 1810//1810 1808//1808
f 1755//1755 1812//1812 1811//1811 1809//1809
f 1755//1755 1754//1754 1756//1756 1812//1812
f 1757//1757 1758//1758 1814//1814 1813//1813
f 1757//1757 1813//1813 1812//1812 1756//1756
f 1813//1813 1814//1814 1816//1816 1815//1815
f 1813//1813 1815//1815 1811//1811 1812//1812
f 1815//1815 1818//1818 1817//1817 1811//1811
f 1815//1815 1816//1816 1819//1819 1818//1818
f 1758//1758 1764//1764 1820//1820 1814//1814
f 1764//1764 1822//1822 1821//1821 1820//1820
f 1764//1764 1763//1763 1761//1761 1822//1822
f 1814//1814 1820//1820 1823//1823 1816//1816
f 1820//1820 1821//1821 1824//1824 1823//1823
f 1761//1761 1762//1762 1825//1825 1822//1822
f 1762//1762 1772//1772 1826//1826 1825//1825
f 1826//1826 1828//1828 1827//1827 1825//1825
f 1826//1826 1830//1830 1829//1829 1828//1828
f 1826//1826 1772//1772 1773//1773 1830//1830
f 1825//1825 1827//1827 1821//1821 1822//1822
f 1821//1821 1827//1827 1831//1831 1824//1824
f 1767//1767 1768//1768 1787//1787 1773//1773
f 1787//1787 1832//1832 1830//1830 1773//1773
f 1787//1787 1785//1785 1833//1833 1832//1832
f 1784//1784 1835//1835 1834//1834 1786//1786
f 1784//1784 1780//1780 1836//1836 1835//1835
f 1786//1786 1837//1837 1833//1833 1785//1785
f 1786//1786 1834//1834 1838//1838 1837//1837
f 1836//1836 1840//1840 1839//1839 1835//1835
f 1836//1836 1842//1842 1841//1841 1840//1840
f 1836//1836 1780//1780 1781//1781 1842//1842
f 1834//1834 1844//1844 1843//1843 1838//1838
f 1834//1834 1835//1835 1839//1839 1844//1844
f 1837//1837 1846//1846 1845//1845 1833//1833
f 1837//1837 1838//1838 1843//1843 1846//1846
f 1833//1833 1845//1845 1847//1847 1832//1832
f 1848//1848 1841//1841 1842//1842 1849//1849
f 1848//1848 1849//1849 1788//1788 1789//1789
f 1848//1848 1851//1851 1850//1850 1841//1841
f 1848//1848 1789//1789 1790//1790 1851//1851
f 1840//1840 1853//1853 1852//1852 1839//1839
f 1840//1840 1841//1841 1850//1850 1853//1853
f 1850//1850 1855//1855 1854//1854 1853//1853
f 1850//1850 1851//1851 1856//1856 1855//1855
f 1790//1790 1857//1857 1856//1856 1851//1851
f 1790//1790 1791//1791 1858//1858 1857//1857
f 1283//1283 1859//1859 659//659 664//664
f 1283//1283 1276//1276 3//3 1859//1859
f 1283//1283 664//664 1860//1860 1282//1282
f 664//664 662//662 1861//1861 1860//1860
f 660//660 661//661 667//667 691//691
f 660//660 691//691 1862//1862 663//663
f 662//662 663//663 1863//1863 1861//1861
f 691//691 688//688 1864//1864 1862//1862
f 688//688 689//689 1865//1865 1864//1864
f 1866//1866 1281//1281 1868//1868 1867//1867
f 1866//1866 1867//1867 1870//1870 1869//1869
f 1866//1866 1869//1869 1296//1296 1297//1297
f 1866//1866 1297//1297 1280//1280 1281//1281
f 1867//1867 1872//1872 1871//1871 1870//1870
f 1867//1867 1868//1868 1873//1873 1872//1872
f 663//663 1862//1862 1874//1874 1863//1863
f 1875//1875 1878//1878 1877//1877 1876//1876
f 1875//1875 1876//1876 1872//1872 1873//1873
f 1875//1875 1873//1873 1861//1861 1863//1863
f 1875//1875 1863//1863 1874//1874 1878//1878
f 1864//1864 1879//1879 1874//1874 1862//1862
f 1864//1864 1865//1865 1880//1880 1879//1879
f 1876//1876 1877//1877 1882//1882 1881//1881
f 1876//1876 1881//1881 1871//1871 1872//1872
f 1869//1869 1883//1883 1295//1295 1296//1296
f 1869//1869 1870//1870 1884//1884 1883//1883
f 1870//1870 1871//1871 1885//1885 1884//1884
f 1885//1885 1871//1871 1881//1881 1886//1886
f 1885//1885 1888//1888 1887//1887 1884//1884
f 1885//1885 1886//1886 1889//1889 1888//1888
f 1881//1881 1882//1882 1890//1890 1886//1886
f 1886//1886 1890//1890 1891//1891 1889//1889
f 1892//1892 1877//1877 1878//1878 1893//1893
f 1892//1892 1894//1894 1882//1882 1877//1877
f 1892//1892 1896//1896 1895//1895 1894//1894
f 1892//1892 1893//1893 1897//1897 1896//1896
f 1898//1898 1901//1901 1900//1900 1899//1899
f 1898//1898 723//723 1902//1902 1901//1901
f 1898//1898 1903//1903 722//722 723//723
f 1898//1898 1899//1899 1904//1904 1903//1903
f 1905//1905 1908//1908 1907//1907 1906//1906
f 1905//1905 1897//1897 1880//1880 1909//1909
f 1905//1905 1906//1906 1896//1896 1897//1897
f 1905//1905 1909//1909 1910//1910 1908//1908
f 1906//1906 1907//1907 1912//1912 1911//1911
f 1906//1906 1911//1911 1895//1895 1896//1896
f 1907//1907 1908//1908 1904//1904 1913//1913
f 1907//1907 1913//1913 1914//1914 1912//1912
f 1913//1913 1916//1916 1915//1915 1914//1914
f 1913//1913 1904//1904 1899//1899 1916//1916
f 1899//1899 1900//1900 1917//1917 1916//1916
f 1901//1901 1919//1919 1918//1918 1900//1900
f 1901//1901 1902//1902 1920//1920 1919//1919
f 1900//1900 1918//1918 1921//1921 1917//1917
f 1922//1922 1924//1924 1923//1923 1325//1325
f 1922//1922 1927//1927 1926//1926 1925//1925
f 1922//1922 1325//1325 1324//1324 1927//1927
f 1922//1922 1925//1925 1928//1928 1924//1924
f 1887//1887 1926//1926 1883//1883 1884//1884
f 1887//1887 1929//1929 1925//1925 1926//1926
f 1887//1887 1888//1888 1930//1930 1929//1929
f 1890//1890 1882//1882 1894//1894 1931//1931
f 1890//1890 1931//1931 1932//1932 1891//1891
f 1911//1911 1934//1934 1933//1933 1895//1895
f 1911//1911 1912//1912 1935//1935 1934//1934
f 1933//1933 1936//1936 1932//1932 1931//1931
f 1933//1933 1931//1931 1894//1894 1895//1895
f 1933//1933 1934//1934 1937//1937 1936//1936
f 1325//1325 1923//1923 1333//1333 1323//1323
f 1925//1925 1929//1929 1938//1938 1928//1928
f 1914//1914 1915//1915 1940//1940 1939//1939
f 1914//1914 1939//1939 1935//1935 1912//1912
f 1939//1939 1942//1942 1941//1941 1935//1935
f 1939//1939 1940//1940 1943//1943 1942//1942
f 1940//1940 1945//1945 1944//1944 1943//1943
f 1940//1940 1915//1915 1946//1946 1945//1945
f 1917//1917 1946//1946 1915//1915 1916//1916
f 1917//1917 1921//1921 1947//1947 1946//1946
f 1946//1946 1947//1947 1948//1948 1945//1945
f 1947//1947 1921//1921 1950//1950 1949//1949
f 1947//1947 1949//1949 1951//1951 1948//1948
f 1950//1950 1953//1953 1952//1952 1949//1949
f 1950//1950 1955//1955 1954//1954 1953//1953
f 1950//1950 1921//1921 1918//1918 1955//1955
f 1956//1956 1957//1957 1375//1375 1371//1371
f 1956//1956 1959//1959 1958//1958 1957//1957
f 1956//1956 1923//1923 1924//1924 1959//1959
f 1956//1956 1371//1371 1333//1333 1923//1923
f 1957//1957 1961//1961 1960//1960 1375//1375
f 1957//1957 1958//1958 1962//1962 1961//1961
f 1375//1375 1960//1960 1963//1963 1374//1374
f 1960//1960 1965//1965 1964//1964 1963//1963
f 1960//1960 1961//1961 1966//1966 1965//1965
f 1961//1961 1962//1962 1967//1967 1966//1966
f 1959//1959 1969//1969 1968//1968 1958//1958
f 1959//1959 1924//1924 1928//1928 1969//1969
f 1958//1958 1968//1968 1970//1970 1962//1962
f 1971//1971 1968//1968 1969//1969 1972//1972
f 1971//1971 1973//1973 1970//1970 1968//1968
f 1971//1971 1975//1975 1974//1974 1973//1973
f 1971//1971 1972//1972 1976//1976 1975//1975
f 1972//1972 1969//1969 1928//1928 1938//1938
f 1972//1972 1938//1938 1977//1977 1976//1976
f 1978//1978 1941//1941 1942//1942 1979//1979
f 1978//1978 1980//1980 1937//1937 1941//1941
f 1978//1978 1979//1979 1982//1982 1981//1981
f 1978//1978 1981//1981 1983//1983 1980//1980
f 1982//1982 1979//1979 1985//1985 1984//1984
f 1982//1982 1987//1987 1986//1986 1981//1981
f 1982//1982 1984//1984 1988//1988 1987//1987
f 1943//1943 1944//1944 1989//1989 1985//1985
f 1943//1943 1985//1985 1979//1979 1942//1942
f 1990//1990 1991//1991 1965//1965 1966//1966
f 1990//1990 1966//1966 1967//1967 1992//1992
f 1990//1990 1992//1992 1994//1994 1993//1993
f 1990//1990 1993//1993 1995//1995 1991//1991
f 1996//1996 1999//1999 1998//1998 1997//1997
f 1996//1996 2002//2002 2001//2001 2000//2000
f 1996//1996 2000//2000 2003//2003 1999//1999
f 1996//1996 1997//1997 2004//2004 2002//2002
f 1997//1997 1998//1998 1970//1970 1973//1973
f 1997//1997 1973//1973 1974//1974 2004//2004
f 2000//2000 2001//2001 2006//2006 2005//2005
f 2000//2000 2005//2005 2007//2007 2003//2003
f 2001//2001 2009//2009 2008//2008 2006//2006
f 2001//2001 2002//2002 2010//2010 2009//2009
f 2005//2005 2012//2012 2011//2011 2007//2007
f 2005//2005 2006//2006 2013//2013 2012//2012
f 840//840 2015//2015 2014//2014 839//839
f 840//840 843//843 2016//2016 2015//2015
f 1949//1949 1952//1952 2017//2017 1951//1951
f 1952//1952 2019//2019 2018//2018 2017//2017
f 1952//1952 1953//1953 2020//2020 2019//2019
f 1953//1953 1954//1954 2021//2021 2020//2020
f 1374//1374 1963//1963 2022//2022 1373//1373
f 1963//1963 1964//1964 2023//2023 2022//2022
f 1985//1985 1989//1989 2024//2024 1984//1984
f 1989//1989 2026//2026 2025//2025 2024//2024
f 1989//1989 1944//1944 2027//2027 2026//2026
f 2028//2028 2030//2030 2029//2029 1988//1988
f 2028//2028 1988//1988 1984//1984 2024//2024
f 2028//2028 2032//2032 2031//2031 2030//2030
f 2028//2028 2024//2024 2025//2025 2032//2032
f 2027//2027 1948//1948 1951//1951 2033//2033
f 2027//2027 2033//2033 2034//2034 2026//2026
f 2027//2027 1944//1944 1945//1945 1948//1948
f 2033//2033 1951//1951 2017//2017 2035//2035
f 2033//2033 2035//2035 2036//2036 2034//2034
f 2017//2017 2018//2018 2037//2037 2035//2035
f 2031//2031 2040//2040 2039//2039 2038//2038
f 2031//2031 2038//2038 2041//2041 2030//2030
f 2031//2031 2032//2032 2042//2042 2040//2040
f 2043//2043 2046//2046 2045//2045 2044//2044
f 2043//2043 2044//2044 2048//2048 2047//2047
f 2043//2043 2049//2049 1995//1995 2046//2046
f 2043//2043 2047//2047 2050//2050 2049//2049
f 1412//1412 2050//2050 2047//2047 1418//1418
f 1412//1412 1413//1413 2051//2051 2050//2050
f 2052//2052 2053//2053 1993//1993 1994//1994
f 2052//2052 2055//2055 2054//2054 2053//2053
f 2052//2052 1994//1994 2003//2003 2007//2007
f 2052//2052 2007//2007 2011//2011 2055//2055
f 2011//2011 2012//2012 2057//2057 2056//2056
f 2011//2011 2056//2056 2058//2058 2055//2055
f 2056//2056 2060//2060 2059//2059 2058//2058
f 2056//2056 2057//2057 2061//2061 2060//2060
f 2013//2013 2063//2063 2041//2041 2062//2062
f 2013//2013 2062//2062 2057//2057 2012//2012
f 2013//2013 2006//2006 2008//2008 2063//2063
f 2041//2041 2038//2038 2064//2064 2062//2062
f 2041//2041 2063//2063 2029//2029 2030//2030
f 2062//2062 2064//2064 2061//2061 2057//2057
f 846//846 2065//2065 2016//2016 843//843
f 846//846 908//908 2066//2066 2065//2065
f 2018//2018 2068//2068 2067//2067 2037//2037
f 2018//2018 2019//2019 2069//2069 2068//2068
f 2069//2069 2019//2019 2020//2020 2070//2070
f 2069//2069 2072//2072 2071//2071 2068//2068
f 2069//2069 2070//2070 2073//2073 2072//2072
f 2020//2020 2021//2021 2074//2074 2070//2070
f 2070//2070 2074//2074 2075//2075 2073//2073
f 2076//2076 2078//2078 2042//2042 2077//2077
f 2076//2076 2036//2036 2080//2080 2079//2079
f 2076//2076 2079//2079 2081//2081 2078//2078
f 2076//2076 2077//2077 2034//2034 2036//2036
f 2077//2077 2042//2042 2032//2032 2025//2025
f 2077//2077 2025//2025 2026//2026 2034//2034
f 2037//2037 2067//2067 2082//2082 2080//2080
f 2037//2037 2080//2080 2036//2036 2035//2035
f 2080//2080 2082//2082 2083//2083 2079//2079
f 2079//2079 2083//2083 2084//2084 2081//2081
f 2078//2078 2085//2085 2040//2040 2042//2042
f 2078//2078 2081//2081 2086//2086 2085//2085
f 2087//2087 2090//2090 2089//2089 2088//2088
f 2087//2087 2039//2039 2040//2040 2085//2085
f 2087//2087 2088//2088 2091//2091 2039//2039
f 2087//2087 2085//2085 2086//2086 2090//2090
f 1452//1452 1418//1418 2047//2047 2048//2048
f 1452//1452 2048//2048 2092//2092 1451//1451
f 2093//2093 2094//2094 2060//2060 2061//2061
f 2093//2093 2096//2096 2095//2095 2094//2094
f 2093//2093 2091//2091 2088//2088 2096//2096
f 2093//2093 2061//2061 2064//2064 2091//2091
f 2094//2094 2097//2097 2059//2059 2060//2060
f 2094//2094 2095//2095 2098//2098 2097//2097
f 2095//2095 2100//2100 2099//2099 2098//2098
f 2095//2095 2096//2096 2101//2101 2100//2100
f 2064//2064 2038//2038 2039//2039 2091//2091
f 2088//2088 2089//2089 2101//2101 2096//2096
f 2048//2048 2044//2044 2102//2102 2092//2092
f 2044//2044 2045//2045 2103//2103 2102//2102
f 2104//2104 2092//2092 2102//2102 2105//2105
f 2104//2104 1463//1463 1451//1451 2092//2092
f 2104//2104 2106//2106 1502//1502 1463//1463
f 2104//2104 2105//2105 2107//2107 2106//2106
f 2105//2105 2102//2102 2103//2103 2108//2108
f 2105//2105 2108//2108 2109//2109 2107//2107
f 2059//2059 2111//2111 2110//2110 2058//2058
f 2059//2059 2097//2097 2112//2112 2111//2111
f 2112//2112 2097//2097 2098//2098 2113//2113
f 2112//2112 2109//2109 2108//2108 2111//2111
f 2112//2112 2113//2113 2114//2114 2109//2109
f 2108//2108 2103//2103 2110//2110 2111//2111
f 2098//2098 2099//2099 2115//2115 2113//2113
f 908//908 1028//1028 2116//2116 2066//2066
f 2117//2117 2120//2120 2119//2119 2118//2118
f 2117//2117 2066//2066 2116//2116 2120//2120
f 2117//2117 2118//2118 2073//2073 2075//2075
f 2117//2117 2075//2075 2065//2065 2066//2066
f 2118//2118 2121//2121 2072//2072 2073//2073
f 2118//2118 2119//2119 2122//2122 2121//2121
f 2071//2071 2125//2125 2124//2124 2123//2123
f 2071//2071 2123//2123 2067//2067 2068//2068
f 2071//2071 2072//2072 2121//2121 2125//2125
f 2082//2082 2127//2127 2126//2126 2083//2083
f 2082//2082 2067//2067 2123//2123 2127//2127
f 2083//2083 2126//2126 2128//2128 2084//2084
f 2123//2123 2124//2124 2129//2129 2127//2127
f 2084//2084 2130//2130 2086//2086 2081//2081
f 2084//2084 2128//2128 2131//2131 2130//2130
f 2132//2132 2090//2090 2086//2086 2130//2130
f 2132//2132 2130//2130 2131//2131 2133//2133
f 2132//2132 2134//2134 2089//2089 2090//2090
f 2132//2132 2133//2133 2135//2135 2134//2134
f 2128//2128 2137//2137 2136//2136 2131//2131
f 2128//2128 2126//2126 2138//2138 2137//2137
f 2100//2100 2101//2101 2140//2140 2139//2139
f 2100//2100 2139//2139 2141//2141 2099//2099
f 2101//2101 2089//2089 2134//2134 2140//2140
f 2142//2142 2143//2143 2139//2139 2140//2140
f 2142//2142 2140//2140 2134//2134 2135//2135
f 2142//2142 2135//2135 2145//2145 2144//2144
f 2142//2142 2144//2144 2146//2146 2143//2143
f 1502//1502 2106//2106 2148//2148 2147//2147
f 1502//1502 2147//2147 2149//2149 1501//1501
f 2107//2107 2150//2150 2148//2148 2106//2106
f 2107//2107 2109//2109 2114//2114 2150//2150
f 2113//2113 2115//2115 2151//2151 2114//2114
f 2115//2115 2153//2153 2152//2152 2151//2151
f 2115//2115 2099//2099 2141//2141 2153//2153
f 2114//2114 2151//2151 2154//2154 2150//2150
f 2151//2151 2152//2152 2155//2155 2154//2154
f 2120//2120 2157//2157 2156//2156 2119//2119
f 2120//2120 2116//2116 1025//1025 2157//2157
f 2122//2122 2158//2158 2125//2125 2121//2121
f 2122//2122 2119//2119 2156//2156 2159//2159
f 2122//2122 2159//2159 2160//2160 2158//2158
f 2138//2138 2126//2126 2127//2127 2129//2129
f 2138//2138 2129//2129 2162//2162 2161//2161
f 2138//2138 2161//2161 2163//2163 2137//2137
f 2129//2129 2124//2124 2164//2164 2162//2162
f 2161//2161 2166//2166 2165//2165 2163//2163
f 2161//2161 2162//2162 2167//2167 2166//2166
f 2165//2165 2169//2169 2168//2168 2163//2163
f 2165//2165 2171//2171 2170//2170 2169//2169
f 2165//2165 2166//2166 2172//2172 2171//2171
f 2136//2136 2137//2137 2163//2163 2168//2168
f 2136//2136 2168//2168 2174//2174 2173//2173
f 2136//2136 2173//2173 2133//2133 2131//2131
f 2168//2168 2169//2169 2175//2175 2174//2174
f 2176//2176 1548//1548 1549//1549 2177//2177
f 2176//2176 2178//2178 1547//1547 1548//1548
f 2176//2176 2177//2177 2149//2149 2179//2179
f 2176//2176 2179//2179 2180//2180 2178//2178
f 2173//2173 2145//2145 2135//2135 2133//2133
f 2173//2173 2174//2174 2181//2181 2145//2145
f 2181//2181 2184//2184 2183//2183 2182//2182
f 2181//2181 2174//2174 2175//2175 2184//2184
f 2181//2181 2182//2182 2144//2144 2145//2145
f 2182//2182 2183//2183 2186//2186 2185//2185
f 2182//2182 2185//2185 2146//2146 2144//2144
f 2184//2184 2175//2175 2188//2188 2187//2187
f 2184//2184 2187//2187 2189//2189 2183//2183
f 2175//2175 2169//2169 2170//2170 2188//2188
f 2190//2190 2179//2179 2149//2149 2147//2147
f 2190//2190 2191//2191 2180//2180 2179//2179
f 2190//2190 2147//2147 2148//2148 2192//2192
f 2190//2190 2192//2192 2193//2193 2191//2191
f 2141//2141 2139//2139 2143//2143 2194//2194
f 2141//2141 2194//2194 2195//2195 2153//2153
f 2194//2194 2143//2143 2146//2146 2196//2196
f 2194//2194 2196//2196 2197//2197 2195//2195
f 2146//2146 2185//2185 2198//2198 2196//2196
f 2196//2196 2198//2198 2199//2199 2197//2197
f 2197//2197 2199//2199 2201//2201 2200//2200
f 2197//2197 2200//2200 2202//2202 2195//2195
f 2185//2185 2186//2186 2203//2203 2198//2198
f 2204//2204 2207//2207 2206//2206 2205//2205
f 2204//2204 2205//2205 2208//2208 2172//2172
f 2204//2204 2172//2172 2166//2166 2167//2167
f 2204//2204 2167//2167 2209//2209 2207//2207
f 2205//2205 2211//2211 2210//2210 2208//2208
f 2205//2205 2206//2206 2212//2212 2211//2211
f 2172//2172 2208//2208 2213//2213 2171//2171
f 2208//2208 2210//2210 2214//2214 2213//2213
f 2170//2170 2171//2171 2213//2213 2215//2215
f 2170//2170 2215//2215 2216//2216 2188//2188
f 2216//2216 2219//2219 2218//2218 2217//2217
f 2216//2216 2215//2215 2220//2220 2219//2219
f 2216//2216 2217//2217 2187//2187 2188//2188
f 2215//2215 2213//2213 2214//2214 2220//2220
f 2187//2187 2217//2217 2221//2221 2189//2189
f 2217//2217 2218//2218 2222//2222 2221//2221
f 2223//2223 2226//2226 2225//2225 2224//2224
f 2223//2223 2224//2224 2228//2228 2227//2227
f 2223//2223 2230//2230 2229//2229 2226//2226
f 2223//2223 2227//2227 2231//2231 2230//2230
f 2229//2229 2191//2191 2193//2193 2226//2226
f 2229//2229 2230//2230 2233//2233 2232//2232
f 2229//2229 2232//2232 2234//2234 2191//2191
f 2198//2198 2203//2203 2235//2235 2199//2199
f 2236//2236 2186//2186 2183//2183 2189//2189
f 2236//2236 2237//2237 2203//2203 2186//2186
f 2236//2236 2189//2189 2221//2221 2238//2238
f 2236//2236 2238//2238 2239//2239 2237//2237
f 2200//2200 2201//2201 2228//2228 2224//2224
f 2200//2200 2224//2224 2225//2225 2202//2202
f 2201//2201 2241//2241 2240//2240 2228//2228
f 2201//2201 2199//2199 2235//2235 2241//2241
f 2235//2235 2243//2243 2242//2242 2241//2241
f 2235//2235 2203//2203 2237//2237 2243//2243
f 1082//1082 1112//1112 2244//2244 1081//1081
f 1113//1113 1114//1114 2246//2246 2245//2245
f 1113//1113 2245//2245 2247//2247 1112//1112
f 2245//2245 2246//2246 2249//2249 2248//2248
f 2245//2245 2248//2248 2250//2250 2247//2247
f 2248//2248 2249//2249 2252//2252 2251//2251
f 2248//2248 2251//2251 2253//2253 2250//2250
f 2254//2254 2257//2257 2256//2256 2255//2255
f 2254//2254 2255//2255 2259//2259 2258//2258
f 2254//2254 2258//2258 2261//2261 2260//2260
f 2254//2254 2260//2260 2262//2262 2257//2257
f 2256//2256 2264//2264 2263//2263 2255//2255
f 2256//2256 2252//2252 2265//2265 2264//2264
f 2256//2256 2257//2257 2251//2251 2252//2252
f 2255//2255 2263//2263 2266//2266 2259//2259
f 2261//2261 2267//2267 2210//2210 2211//2211
f 2261//2261 2258//2258 2268//2268 2267//2267
f 2261//2261 2211//2211 2212//2212 2260//2260
f 2268//2268 2258//2258 2259//2259 2269//2269
f 2268//2268 2269//2269 2271//2271 2270//2270
f 2268//2268 2270//2270 2272//2272 2267//2267
f 2269//2269 2274//2274 2273//2273 2271//2271
f 2269//2269 2259//2259 2266//2266 2274//2274
f 2270//2270 2276//2276 2275//2275 2272//2272
f 2270//2270 2271//2271 2277//2277 2276//2276
f 2277//2277 2271//2271 2273//2273 2278//2278
f 2277//2277 2280//2280 2279//2279 2276//2276
f 2277//2277 2278//2278 2281//2281 2280//2280
f 2282//2282 2285//2285 2284//2284 2283//2283
f 2282//2282 2287//2287 2286//2286 2279//2279
f 2282//2282 2283//2283 2288//2288 2287//2287
f 2282//2282 2279//2279 2280//2280 2285//2285
f 2218//2218 2287//2287 2288//2288 2222//2222
f 2218//2218 2219//2219 2286//2286 2287//2287
f 2288//2288 2283//2283 2290//2290 2289//2289
f 2288//2288 2289//2289 2291//2291 2222//2222
f 2289//2289 2293//2293 2292//2292 2291//2291
f 2289//2289 2290//2290 2294//2294 2293//2293
f 1644//1644 1595//1595 1596//1596 2234//2234
f 1644//1644 2234//2234 2232//2232 1646//1646
f 2233//2233 2230//2230 2231//2231 2295//2295
f 2233//2233 2296//2296 1646//1646 2232//2232
f 2233//2233 2295//2295 2297//2297 2296//2296
f 2239//2239 2292//2292 2299//2299 2298//2298
f 2239//2239 2298//2298 2243//2243 2237//2237
f 2239//2239 2238//2238 2291//2291 2292//2292
f 2298//2298 2299//2299 2301//2301 2300//2300
f 2298//2298 2300//2300 2242//2242 2243//2243
f 2299//2299 2303//2303 2302//2302 2301//2301
f 2299//2299 2292//2292 2293//2293 2303//2303
f 2291//2291 2238//2238 2221//2221 2222//2222
f 2293//2293 2294//2294 2304//2304 2303//2303
f 2227//2227 2228//2228 2240//2240 2305//2305
f 2227//2227 2305//2305 2306//2306 2231//2231
f 2305//2305 2308//2308 2307//2307 2306//2306
f 2305//2305 2240//2240 2309//2309 2308//2308
f 2242//2242 2300//2300 2310//2310 2309//2309
f 2242//2242 2309//2309 2240//2240 2241//2241
f 2300//2300 2301//2301 2311//2311 2310//2310
f 2249//2249 2246//2246 2313//2313 2312//2312
f 2249//2249 2312//2312 2265//2265 2252//2252
f 2265//2265 2315//2315 2314//2314 2264//2264
f 2265//2265 2312//2312 2316//2316 2315//2315
f 2313//2313 1173//1173 1174//1174 2317//2317
f 2313//2313 2246//2246 1114//1114 1173//1173
f 2313//2313 2317//2317 2316//2316 2312//2312
f 1174//1174 1172//1172 1215//1215 2318//2318
f 1174//1174 2318//2318 2319//2319 2317//2317
f 2318//2318 1220//1220 2320//2320 2319//2319
f 2318//2318 1215//1215 1216//1216 1220//1220
f 2264//2264 2314//2314 2321//2321 2263//2263
f 2263//2263 2321//2321 2322//2322 2266//2266
f 2314//2314 2324//2324 2323//2323 2321//2321
f 2314//2314 2315//2315 2325//2325 2324//2324
f 2266//2266 2322//2322 2326//2326 2274//2274
f 2327//2327 2328//2328 2281//2281 2278//2278
f 2327//2327 2278//2278 2273//2273 2329//2329
f 2327//2327 2331//2331 2330//2330 2328//2328
f 2327//2327 2329//2329 2332//2332 2331//2331
f 2290//2290 2283//2283 2284//2284 2333//2333
f 2290//2290 2333//2333 2334//2334 2294//2294
f 2301//2301 2302//2302 2335//2335 2311//2311
f 2304//2304 2336//2336 2302//2302 2303//2303
f 2304//2304 2338//2338 2337//2337 2336//2336
f 2304//2304 2294//2294 2334//2334 2338//2338
f 2339//2339 2296//2296 2297//2297 2340//2340
f 2339//2339 1643//1643 1646//1646 2296//2296
f 2339//2339 1724//1724 1642//1642 1643//1643
f 2339//2339 2340//2340 2341//2341 1724//1724
f 2341//2341 2342//2342 1723//1723 1724//1724
f 2341//2341 2344//2344 2343//2343 2342//2342
f 2341//2341 2340//2340 2345//2345 2344//2344
f 2295//2295 2231//2231 2306//2306 2346//2346
f 2295//2295 2346//2346 2347//2347 2297//2297
f 2306//2306 2307//2307 2348//2348 2346//2346
f 2340//2340 2297//2297 2347//2347 2345//2345
f 2309//2309 2310//2310 2349//2349 2308//2308
f 2310//2310 2311//2311 2350//2350 2349//2349
f 2317//2317 2319//2319 2351//2351 2316//2316
f 2319//2319 2320//2320 2352//2352 2351//2351
f 2320//2320 2354//2354 2353//2353 2352//2352
f 2320//2320 1220//1220 1221//1221 2354//2354
f 2353//2353 2356//2356 2355//2355 2352//2352
f 2353//2353 2358//2358 2357//2357 2356//2356
f 2353//2353 2354//2354 2359//2359 2358//2358
f 2352//2352 2355//2355 2325//2325 2351//2351
f 2325//2325 2315//2315 2316//2316 2351//2351
f 2325//2325 2355//2355 2360//2360 2324//2324
f 2356//2356 2361//2361 2360//2360 2355//2355
f 2356//2356 2357//2357 2362//2362 2361//2361
f 2363//2363 2323//2323 2365//2365 2364//2364
f 2363//2363 2366//2366 2326//2326 2322//2322
f 2363//2363 2322//2322 2321//2321 2323//2323
f 2363//2363 2364//2364 2367//2367 2366//2366
f 2364//2364 2365//2365 2369//2369 2368//2368
f 2364//2364 2368//2368 2370//2370 2367//2367
f 2368//2368 2372//2372 2371//2371 2370//2370
f 2368//2368 2369//2369 2373//2373 2372//2372
f 2374//2374 2375//2375 2367//2367 2370//2370
f 2374//2374 2370//2370 2371//2371 2376//2376
f 2374//2374 2378//2378 2377//2377 2375//2375
f 2374//2374 2376//2376 2379//2379 2378//2378
f 2380//2380 2383//2383 2382//2382 2381//2381
f 2380//2380 2386//2386 2385//2385 2384//2384
f 2380//2380 2384//2384 2387//2387 2383//2383
f 2380//2380 2381//2381 2388//2388 2386//2386
f 2381//2381 2389//2389 2330//2330 2388//2388
f 2381//2381 2382//2382 2390//2390 2389//2389
f 2391//2391 2394//2394 2393//2393 2392//2392
f 2391//2391 2396//2396 2395//2395 2394//2394
f 2391//2391 2398//2398 2397//2397 2396//2396
f 2391//2391 2392//2392 2399//2399 2398//2398
f 2400//2400 2403//2403 2402//2402 2401//2401
f 2400//2400 2348//2348 2404//2404 2403//2403
f 2400//2400 2401//2401 2345//2345 2347//2347
f 2400//2400 2347//2347 2346//2346 2348//2348
f 2404//2404 2406//2406 2405//2405 2403//2403
f 2404//2404 2348//2348 2307//2307 2407//2407
f 2404//2404 2407//2407 2408//2408 2406//2406
f 2409//2409 2336//2336 2337//2337 2393//2393
f 2409//2409 2393//2393 2394//2394 2410//2410
f 2409//2409 2335//2335 2302//2302 2336//2336
f 2409//2409 2410//2410 2411//2411 2335//2335
f 2392//2392 2393//2393 2337//2337 2412//2412
f 2392//2392 2412//2412 2413//2413 2399//2399
f 2394//2394 2395//2395 2414//2414 2410//2410
f 2410//2410 2414//2414 2415//2415 2411//2411
f 1723//1723 2342//2342 2416//2416 1722//1722
f 1722//1722 2416//2416 2417//2417 1726//1726
f 2401//2401 2418//2418 2344//2344 2345//2345
f 2401//2401 2402//2402 2419//2419 2418//2418
f 2403//2403 2405//2405 2420//2420 2402//2402
f 2405//2405 2422//2422 2421//2421 2420//2420
f 2405//2405 2406//2406 2423//2423 2422//2422
f 2402//2402 2420//2420 2424//2424 2419//2419
f 2423//2423 2406//2406 2408//2408 2415//2415
f 2423//2423 2415//2415 2414//2414 2425//2425
f 2423//2423 2425//2425 2426//2426 2422//2422
f 2427//2427 2428//2428 2358//2358 2359//2359
f 2427//2427 2430//2430 2429//2429 2428//2428
f 2427//2427 2359//2359 1222//1222 1273//1273
f 2427//2427 1273//1273 2431//2431 2430//2430
f 2373//2373 2369//2369 2361//2361 2362//2362
f 2373//2373 2433//2433 2432//2432 2372//2372
f 2373//2373 2362//2362 2434//2434 2433//2433
f 2435//2435 2428//2428 2429//2429 2436//2436
f 2435//2435 2357//2357 2358//2358 2428//2428
f 2435//2435 2434//2434 2362//2362 2357//2357
f 2435//2435 2436//2436 2437//2437 2434//2434
f 2369//2369 2365//2365 2360//2360 2361//2361
f 2376//2376 2371//2371 2439//2439 2438//2438
f 2376//2376 2438//2438 2440//2440 2379//2379
f 2438//2438 2442//2442 2441//2441 2440//2440
f 2438//2438 2439//2439 2443//2443 2442//2442
f 2439//2439 2371//2371 2372//2372 2432//2432
f 2439//2439 2432//2432 2444//2444 2443//2443
f 2384//2384 2385//2385 2446//2446 2445//2445
f 2384//2384 2445//2445 2447//2447 2387//2387
f 2385//2385 2379//2379 2440//2440 2446//2446
f 2385//2385 2386//2386 2378//2378 2379//2379
f 2446//2446 2449//2449 2448//2448 2445//2445
f 2446//2446 2440//2440 2441//2441 2449//2449
f 2450//2450 2451//2451 2398//2398 2399//2399
f 2450//2450 2454//2454 2453//2453 2452//2452
f 2450//2450 2399//2399 2413//2413 2454//2454
f 2450//2450 2452//2452 2455//2455 2451//2451
f 2453//2453 2458//2458 2457//2457 2456//2456
f 2453//2453 2456//2456 2459//2459 2452//2452
f 2453//2453 2454//2454 2460//2460 2458//2458
f 2456//2456 2462//2462 2461//2461 2459//2459
f 2456//2456 2457//2457 2463//2463 2462//2462
f 2460//2460 2464//2464 2382//2382 2383//2383
f 2460//2460 2383//2383 2387//2387 2458//2458
f 2460//2460 2454//2454 2413//2413 2464//2464
f 2457//2457 2458//2458 2387//2387 2447//2447
f 2457//2457 2447//2447 2465//2465 2463//2463
f 2445//2445 2448//2448 2465//2465 2447//2447
f 2466//2466 2469//2469 2468//2468 2467//2467
f 2466//2466 2396//2396 2397//2397 2469//2469
f 2466//2466 2470//2470 2395//2395 2396//2396
f 2466//2466 2467//2467 2471//2471 2470//2470
f 2471//2471 2473//2473 2472//2472 2426//2426
f 2471//2471 2467//2467 2474//2474 2473//2473
f 2471//2471 2426//2426 2425//2425 2470//2470
f 2467//2467 2468//2468 2475//2475 2474//2474
f 2474//2474 2477//2477 2476//2476 2473//2473
f 2474//2474 2475//2475 2478//2478 2477//2477
f 2469//2469 2397//2397 2480//2480 2479//2479
f 2469//2469 2479//2479 2481//2481 2468//2468
f 2481//2481 2479//2479 2483//2483 2482//2482
f 2481//2481 2484//2484 2475//2475 2468//2468
f 2481//2481 2482//2482 2485//2485 2484//2484
f 2479//2479 2480//2480 2486//2486 2483//2483
f 2459//2459 2487//2487 2455//2455 2452//2452
f 2459//2459 2461//2461 2488//2488 2487//2487
f 2417//2417 2489//2489 1858//1858 1726//1726
f 2417//2417 2416//2416 2491//2491 2490//2490
f 2417//2417 2490//2490 2492//2492 2489//2489
f 2493//2493 2496//2496 2495//2495 2494//2494
f 2493//2493 2494//2494 2491//2491 2343//2343
f 2493//2493 2343//2343 2344//2344 2418//2418
f 2493//2493 2418//2418 2419//2419 2496//2496
f 2494//2494 2495//2495 2498//2498 2497//2497
f 2494//2494 2497//2497 2490//2490 2491//2491
f 2419//2419 2424//2424 2499//2499 2496//2496
f 2420//2420 2421//2421 2500//2500 2424//2424
f 2426//2426 2472//2472 2421//2421 2422//2422
f 2472//2472 2501//2501 2500//2500 2421//2421
f 2472//2472 2473//2473 2476//2476 2501//2501
f 2497//2497 2498//2498 2503//2503 2502//2502
f 2497//2497 2502//2502 2492//2492 2490//2490
f 605//605 2506//2506 2505//2505 2504//2504
f 605//605 2504//2504 2507//2507 602//602
f 605//605 603//603 2508//2508 2506//2506
f 616//616 2511//2511 2510//2510 2509//2509
f 616//616 2509//2509 620//620 615//615
f 616//616 617//617 640//640 2511//2511
f 2509//2509 2513//2513 2512//2512 620//620
f 2509//2509 2510//2510 2514//2514 2513//2513
f 622//622 2508//2508 603//603 604//604
f 622//622 619//619 2515//2515 2508//2508
f 619//619 620//620 2512//2512 2515//2515
f 2515//2515 2516//2516 2506//2506 2508//2508
f 2515//2515 2512//2512 2517//2517 2516//2516
f 2518//2518 2521//2521 2520//2520 2519//2519
f 2518//2518 2523//2523 2522//2522 2521//2521
f 2518//2518 2525//2525 2524//2524 2523//2523
f 2518//2518 2519//2519 637//637 2525//2525
f 641//641 2526//2526 2511//2511 640//640
f 641//641 642//642 2528//2528 2527//2527
f 641//641 2527//2527 2529//2529 2526//2526
f 2528//2528 2530//2530 2519//2519 2520//2520
f 2528//2528 642//642 638//638 2530//2530
f 2528//2528 2520//2520 2531//2531 2527//2527
f 2519//2519 2530//2530 636//636 637//637
f 2520//2520 2521//2521 2532//2532 2531//2531
f 2531//2531 2533//2533 2529//2529 2527//2527
f 2531//2531 2532//2532 2534//2534 2533//2533
f 2511//2511 2526//2526 2535//2535 2510//2510
f 2536//2536 2539//2539 2538//2538 2537//2537
f 2536//2536 633//633 2540//2540 2539//2539
f 2536//2536 2537//2537 2524//2524 2541//2541
f 2536//2536 2541//2541 629//629 633//633
f 2542//2542 2545//2545 2544//2544 2543//2543
f 2542//2542 2546//2546 643//643 644//644
f 2542//2542 644//644 645//645 2545//2545
f 2542//2542 2543//2543 2547//2547 2546//2546
f 2543//2543 2544//2544 2549//2549 2548//2548
f 2543//2543 2548//2548 2550//2550 2547//2547
f 2551//2551 2545//2545 645//645 646//646
f 2551//2551 2552//2552 2544//2544 2545//2545
f 2551//2551 646//646 1727//1727 2553//2553
f 2551//2551 2553//2553 2554//2554 2552//2552
f 2544//2544 2552//2552 2555//2555 2549//2549
f 2556//2556 2558//2558 2557//2557 2555//2555
f 2556//2556 2560//2560 2559//2559 2558//2558
f 2556//2556 2555//2555 2552//2552 2554//2554
f 2556//2556 2554//2554 2561//2561 2560//2560
f 2504//2504 2505//2505 2563//2563 2562//2562
f 2504//2504 2562//2562 2564//2564 2507//2507
f 2505//2505 2506//2506 2516//2516 2565//2565
f 2505//2505 2565//2565 2566//2566 2563//2563
f 2567//2567 2570//2570 2569//2569 2568//2568
f 2567//2567 2572//2572 2571//2571 2570//2570
f 2567//2567 2568//2568 2574//2574 2573//2573
f 2567//2567 2573//2573 2575//2575 2572//2572
f 2564//2564 2576//2576 2575//2575 2573//2573
f 2564//2564 2562//2562 2577//2577 2576//2576
f 2564//2564 2573//2573 2574//2574 2507//2507
f 2510//2510 2535//2535 2578//2578 2514//2514
f 2514//2514 2580//2580 2579//2579 2513//2513
f 2514//2514 2578//2578 2581//2581 2580//2580
f 2513//2513 2579//2579 2517//2517 2512//2512
f 2579//2579 2583//2583 2582//2582 2517//2517
f 2579//2579 2580//2580 2584//2584 2583//2583
f 2582//2582 2585//2585 2566//2566 2565//2565
f 2582//2582 2565//2565 2516//2516 2517//2517
f 2582//2582 2583//2583 2586//2586 2585//2585
f 2521//2521 2522//2522 2587//2587 2532//2532
f 2523//2523 2524//2524 2537//2537 2588//2588
f 2523//2523 2588//2588 2589//2589 2522//2522
f 2537//2537 2538//2538 2590//2590 2588//2588
f 2587//2587 2522//2522 2589//2589 2591//2591
f 2587//2587 2592//2592 2534//2534 2532//2532
f 2587//2587 2591//2591 2593//2593 2592//2592
f 2594//2594 2534//2534 2592//2592 2595//2595
f 2594//2594 2596//2596 2533//2533 2534//2534
f 2594//2594 2595//2595 2598//2598 2597//2597
f 2594//2594 2597//2597 2599//2599 2596//2596
f 2539//2539 2601//2601 2600//2600 2538//2538
f 2539//2539 2540//2540 2602//2602 2601//2601
f 2538//2538 2600//2600 2603//2603 2590//2590
f 2601//2601 2605//2605 2604//2604 2600//2600
f 2601//2601 2602//2602 2606//2606 2605//2605
f 2600//2600 2604//2604 2607//2607 2603//2603
f 2604//2604 2605//2605 2609//2609 2608//2608
f 2604//2604 2608//2608 2610//2610 2607//2607
f 2603//2603 2612//2612 2611//2611 2590//2590
f 2603//2603 2607//2607 2613//2613 2612//2612
f 2590//2590 2611//2611 2589//2589 2588//2588
f 2548//2548 2549//2549 2614//2614 2606//2606
f 2548//2548 2606//2606 2602//2602 2550//2550
f 2549//2549 2555//2555 2557//2557 2614//2614
f 2606//2606 2614//2614 2609//2609 2605//2605
f 2609//2609 2616//2616 2615//2615 2608//2608
f 2609//2609 2614//2614 2557//2557 2616//2616
f 2608//2608 2615//2615 2617//2617 2610//2610
f 2557//2557 2558//2558 2618//2618 2616//2616
f 2618//2618 2558//2558 2559//2559 2619//2619
f 2618//2618 2620//2620 2615//2615 2616//2616
f 2618//2618 2619//2619 2621//2621 2620//2620
f 2622//2622 2625//2625 2624//2624 2623//2623
f 2622//2622 2626//2626 2620//2620 2621//2621
f 2622//2622 2623//2623 2627//2627 2626//2626
f 2622//2622 2621//2621 2628//2628 2625//2625
f 2566//2566 2585//2585 2630//2630 2629//2629
f 2566//2566 2629//2629 2631//2631 2563//2563
f 2577//2577 2562//2562 2563//2563 2631//2631
f 2577//2577 2631//2631 2633//2633 2632//2632
f 2577//2577 2632//2632 2634//2634 2576//2576
f 2629//2629 2635//2635 2633//2633 2631//2631
f 2629//2629 2630//2630 2636//2636 2635//2635
f 2637//2637 2634//2634 2639//2639 2638//2638
f 2637//2637 2638//2638 2641//2641 2640//2640
f 2637//2637 2640//2640 2572//2572 2575//2575
f 2637//2637 2575//2575 2576//2576 2634//2634
f 2638//2638 2639//2639 2643//2643 2642//2642
f 2638//2638 2642//2642 2644//2644 2641//2641
f 2586//2586 2645//2645 2630//2630 2585//2585
f 2586//2586 2647//2647 2646//2646 2645//2645
f 2586//2586 2583//2583 2584//2584 2647//2647
f 2595//2595 2592//2592 2593//2593 2648//2648
f 2595//2595 2648//2648 2649//2649 2598//2598
f 2649//2649 2648//2648 2651//2651 2650//2650
f 2649//2649 2653//2653 2652//2652 2598//2598
f 2649//2649 2650//2650 2654//2654 2653//2653
f 2648//2648 2593//2593 2655//2655 2651//2651
f 2612//2612 2657//2657 2656//2656 2611//2611
f 2612//2612 2613//2613 2658//2658 2657//2657
f 2613//2613 2607//2607 2610//2610 2659//2659
f 2613//2613 2659//2659 2660//2660 2658//2658
f 2655//2655 2593//2593 2591//2591 2656//2656
f 2655//2655 2656//2656 2657//2657 2661//2661
f 2655//2655 2661//2661 2662//2662 2651//2651
f 2656//2656 2591//2591 2589//2589 2611//2611
f 2610//2610 2617//2617 2663//2663 2659//2659
f 2659//2659 2663//2663 2664//2664 2660//2660
f 2663//2663 2627//2627 2665//2665 2664//2664
f 2663//2663 2617//2617 2626//2626 2627//2627
f 2664//2664 2667//2667 2666//2666 2660//2660
f 2664//2664 2665//2665 2668//2668 2667//2667
f 2660//2660 2666//2666 2669//2669 2658//2658
f 2658//2658 2669//2669 2661//2661 2657//2657
f 2666//2666 2671//2671 2670//2670 2669//2669
f 2666//2666 2667//2667 2672//2672 2671//2671
f 2667//2667 2668//2668 2673//2673 2672//2672
f 2624//2624 2675//2675 2674//2674 2623//2623
f 2624//2624 2677//2677 2676//2676 2675//2675
f 2624//2624 2625//2625 2678//2678 2677//2677
f 2623//2623 2674//2674 2665//2665 2627//2627
f 2679//2679 2673//2673 2668//2668 2680//2680
f 2679//2679 2682//2682 2681//2681 2673//2673
f 2679//2679 2680//2680 2684//2684 2683//2683
f 2679//2679 2683//2683 2685//2685 2682//2682
f 2642//2642 2687//2687 2686//2686 2644//2644
f 2642//2642 2643//2643 2688//2688 2687//2687
f 2636//2636 2690//2690 2689//2689 2635//2635
f 2636//2636 2630//2630 2645//2645 2691//2691
f 2636//2636 2691//2691 2692//2692 2690//2690
f 2635//2635 2689//2689 2693//2693 2633//2633
f 2693//2693 2696//2696 2695//2695 2694//2694
f 2693//2693 2689//2689 2697//2697 2696//2696
f 2693//2693 2694//2694 2632//2632 2633//2633
f 2639//2639 2634//2634 2632//2632 2694//2694
f 2639//2639 2694//2694 2695//2695 2643//2643
f 2695//2695 2696//2696 2699//2699 2698//2698
f 2695//2695 2698//2698 2688//2688 2643//2643
f 2700//2700 2653//2653 2654//2654 2701//2701
f 2700//2700 2702//2702 2652//2652 2653//2653
f 2700//2700 2704//2704 2703//2703 2702//2702
f 2700//2700 2701//2701 2705//2705 2704//2704
f 2701//2701 2654//2654 2707//2707 2706//2706
f 2701//2701 2706//2706 2708//2708 2705//2705
f 2650//2650 2651//2651 2662//2662 2709//2709
f 2650//2650 2709//2709 2707//2707 2654//2654
f 2710//2710 2670//2670 2671//2671 2711//2711
f 2710//2710 2709//2709 2662//2662 2670//2670
f 2710//2710 2712//2712 2707//2707 2709//2709
f 2710//2710 2711//2711 2713//2713 2712//2712
f 2711//2711 2715//2715 2714//2714 2713//2713
f 2711//2711 2671//2671 2672//2672 2715//2715
f 2713//2713 2717//2717 2716//2716 2712//2712
f 2713//2713 2714//2714 2718//2718 2717//2717
f 2719//2719 2722//2722 2721//2721 2720//2720
f 2719//2719 2725//2725 2724//2724 2723//2723
f 2719//2719 2723//2723 2726//2726 2722//2722
f 2719//2719 2720//2720 2727//2727 2725//2725
f 2720//2720 2721//2721 2729//2729 2728//2728
f 2720//2720 2728//2728 2730//2730 2727//2727
f 2721//2721 2732//2732 2731//2731 2729//2729
f 2721//2721 2722//2722 2733//2733 2732//2732
f 2726//2726 2736//2736 2735//2735 2734//2734
f 2726//2726 2734//2734 2733//2733 2722//2722
f 2726//2726 2723//2723 2737//2737 2736//2736
f 2734//2734 2735//2735 2739//2739 2738//2738
f 2734//2734 2738//2738 2740//2740 2733//2733
f 2738//2738 2742//2742 2741//2741 2740//2740
f 2738//2738 2739//2739 2743//2743 2742//2742
f 2744//2744 2732//2732 2733//2733 2740//2740
f 2744//2744 2745//2745 2731//2731 2732//2732
f 2744//2744 2747//2747 2746//2746 2745//2745
f 2744//2744 2740//2740 2741//2741 2747//2747
f 2696//2696 2697//2697 2748//2748 2699//2699
f 2699//2699 2750//2750 2749//2749 2698//2698
f 2699//2699 2748//2748 2751//2751 2750//2750
f 2698//2698 2749//2749 2752//2752 2688//2688
f 2749//2749 2750//2750 2754//2754 2753//2753
f 2749//2749 2753//2753 2755//2755 2752//2752
f 2756//2756 2758//2758 2757//2757 2703//2703
f 2756//2756 2703//2703 2704//2704 2759//2759
f 2756//2756 2761//2761 2760//2760 2758//2758
f 2756//2756 2759//2759 2762//2762 2761//2761
f 2763//2763 2766//2766 2765//2765 2764//2764
f 2763//2763 2764//2764 2768//2768 2767//2767
f 2763//2763 2770//2770 2769//2769 2766//2766
f 2763//2763 2767//2767 2771//2771 2770//2770
f 2708//2708 2774//2774 2773//2773 2772//2772
f 2708//2708 2772//2772 2775//2775 2705//2705
f 2708//2708 2706//2706 2716//2716 2774//2774
f 2772//2772 2777//2777 2776//2776 2775//2775
f 2772//2772 2773//2773 2778//2778 2777//2777
f 2716//2716 2706//2706 2707//2707 2712//2712
f 2716//2716 2717//2717 2779//2779 2774//2774
f 2779//2779 2717//2717 2718//2718 2780//2780
f 2779//2779 2781//2781 2773//2773 2774//2774
f 2779//2779 2780//2780 2782//2782 2781//2781
f 2780//2780 2718//2718 2784//2784 2783//2783
f 2780//2780 2783//2783 2785//2785 2782//2782
f 2784//2784 2742//2742 2743//2743 2783//2783
f 2784//2784 2718//2718 2714//2714 2786//2786
f 2784//2784 2786//2786 2741//2741 2742//2742
f 2750//2750 2751//2751 2787//2787 2754//2754
f 2787//2787 2751//2751 2789//2789 2788//2788
f 2787//2787 2788//2788 2791//2791 2790//2790
f 2787//2787 2790//2790 2792//2792 2754//2754
f 2768//2768 2795//2795 2794//2794 2793//2793
f 2768//2768 2793//2793 2796//2796 2767//2767
f 2768//2768 2764//2764 2797//2797 2795//2795
f 2798//2798 2801//2801 2800//2800 2799//2799
f 2798//2798 2802//2802 2796//2796 2793//2793
f 2798//2798 2799//2799 2803//2803 2802//2802
f 2798//2798 2793//2793 2794//2794 2801//2801
f 2771//2771 2767//2767 2796//2796 2804//2804
f 2771//2771 2806//2806 2805//2805 2770//2770
f 2771//2771 2804//2804 2807//2807 2806//2806
f 2808//2808 2802//2802 2803//2803 2809//2809
f 2808//2808 2804//2804 2796//2796 2802//2802
f 2808//2808 2810//2810 2807//2807 2804//2804
f 2808//2808 2809//2809 2811//2811 2810//2810
f 2812//2812 2815//2815 2814//2814 2813//2813
f 2812//2812 2806//2806 2807//2807 2815//2815
f 2812//2812 2813//2813 2788//2788 2789//2789
f 2812//2812 2789//2789 2805//2805 2806//2806
f 2799//2799 2817//2817 2816//2816 2803//2803
f 2799//2799 2800//2800 2818//2818 2817//2817
f 2819//2819 2782//2782 2785//2785 2820//2820
f 2819//2819 2823//2823 2822//2822 2821//2821
f 2819//2819 2820//2820 2824//2824 2823//2823
f 2819//2819 2821//2821 2781//2781 2782//2782
f 2820//2820 2826//2826 2825//2825 2824//2824
f 2820//2820 2785//2785 2827//2827 2826//2826
f 2828//2828 2830//2830 2829//2829 2825//2825
f 2828//2828 2832//2832 2831//2831 2830//2830
f 2828//2828 2825//2825 2826//2826 2833//2833
f 2828//2828 2833//2833 2834//2834 2832//2832
f 2785//2785 2783//2783 2743//2743 2827//2827
f 2813//2813 2835//2835 2791//2791 2788//2788
f 2813//2813 2814//2814 2836//2836 2835//2835
f 2790//2790 2838//2838 2837//2837 2792//2792
f 2790//2790 2791//2791 2839//2839 2838//2838
f 2835//2835 2840//2840 2839//2839 2791//2791
f 2835//2835 2836//2836 2841//2841 2840//2840
f 2803//2803 2816//2816 2842//2842 2809//2809
f 2817//2817 2844//2844 2843//2843 2816//2816
f 2817//2817 2818//2818 2845//2845 2844//2844
f 2809//2809 2842//2842 2846//2846 2811//2811
f 2816//2816 2843//2843 2847//2847 2842//2842
f 2811//2811 2849//2849 2848//2848 2810//2810
f 2811//2811 2846//2846 2850//2850 2849//2849
f 2846//2846 2842//2842 2847//2847 2851//2851
f 2846//2846 2851//2851 2852//2852 2850//2850
f 2848//2848 2849//2849 2854//2854 2853//2853
f 2848//2848 2815//2815 2807//2807 2810//2810
f 2848//2848 2853//2853 2814//2814 2815//2815
f 2814//2814 2853//2853 2855//2855 2836//2836
f 2853//2853 2854//2854 2856//2856 2855//2855
f 2857//2857 2822//2822 2859//2859 2858//2858
f 2857//2857 2858//2858 2860//2860 2845//2845
f 2857//2857 2861//2861 2821//2821 2822//2822
f 2857//2857 2845//2845 2818//2818 2861//2861
f 2844//2844 2863//2863 2862//2862 2843//2843
f 2844//2844 2845//2845 2860//2860 2863//2863
f 2859//2859 2865//2865 2864//2864 2858//2858
f 2859//2859 2867//2867 2866//2866 2865//2865
f 2859//2859 2822//2822 2823//2823 2867//2867
f 2858//2858 2864//2864 2868//2868 2860//2860
f 2869//2869 2829//2829 2871//2871 2870//2870
f 2869//2869 2867//2867 2823//2823 2824//2824
f 2869//2869 2870//2870 2866//2866 2867//2867
f 2869//2869 2824//2824 2825//2825 2829//2829
f 2830//2830 2872//2872 2871//2871 2829//2829
f 2830//2830 2831//2831 2873//2873 2872//2872
f 2847//2847 2875//2875 2874//2874 2851//2851
f 2847//2847 2843//2843 2862//2862 2875//2875
f 2851//2851 2874//2874 2876//2876 2852//2852
f 2874//2874 2878//2878 2877//2877 2876//2876
f 2874//2874 2875//2875 2879//2879 2878//2878
f 2876//2876 2881//2881 2880//2880 2852//2852
f 2876//2876 2877//2877 2882//2882 2881//2881
f 2852//2852 2880//2880 2883//2883 2850//2850
f 2883//2883 2884//2884 2856//2856 2854//2854
f 2883//2883 2854//2854 2849//2849 2850//2850
f 2883//2883 2880//2880 2885//2885 2884//2884
f 2855//2855 2886//2886 2841//2841 2836//2836
f 2855//2855 2856//2856 2887//2887 2886//2886
f 2888//2888 2840//2840 2841//2841 2889//2889
f 2888//2888 2890//2890 2839//2839 2840//2840
f 2888//2888 2892//2892 2891//2891 2890//2890
f 2888//2888 2889//2889 2893//2893 2892//2892
f 2864//2864 2895//2895 2894//2894 2868//2868
f 2864//2864 2865//2865 2896//2896 2895//2895
f 2865//2865 2866//2866 2897//2897 2896//2896
f 2866//2866 2870//2870 2898//2898 2897//2897
f 2898//2898 2900//2900 2899//2899 2897//2897
f 2898//2898 2870//2870 2871//2871 2901//2901
f 2898//2898 2901//2901 2902//2902 2900//2900
f 2871//2871 2872//2872 2873//2873 2901//2901
f 2881//2881 2903//2903 2885//2885 2880//2880
f 2881//2881 2882//2882 2904//2904 2903//2903
f 2903//2903 2906//2906 2905//2905 2885//2885
f 2903//2903 2904//2904 2907//2907 2906//2906
f 2885//2885 2905//2905 2908//2908 2884//2884
f 2909//2909 2912//2912 2911//2911 2910//2910
f 2909//2909 2913//2913 2887//2887 2908//2908
f 2909//2909 2910//2910 2914//2914 2913//2913
f 2909//2909 2908//2908 2905//2905 2912//2912
f 2905//2905 2906//2906 2915//2915 2912//2912
f 2889//2889 2841//2841 2886//2886 2916//2916
f 2889//2889 2916//2916 2917//2917 2893//2893
f 2916//2916 2886//2886 2887//2887 2913//2913
f 2916//2916 2913//2913 2914//2914 2917//2917
f 2918//2918 2921//2921 2920//2920 2919//2919
f 2918//2918 2924//2924 2923//2923 2922//2922
f 2918//2918 2922//2922 2894//2894 2921//2921
f 2918//2918 2919//2919 2925//2925 2924//2924
f 2910//2910 2927//2927 2926//2926 2914//2914
f 2910//2910 2911//2911 2928//2928 2927//2927
f 2926//2926 2931//2931 2930//2930 2929//2929
f 2926//2926 2927//2927 2932//2932 2931//2931
f 2926//2926 2929//2929 2917//2917 2914//2914
f 2933//2933 2935//2935 2899//2899 2934//2934
f 2933//2933 2934//2934 2937//2937 2936//2936
f 2933//2933 2939//2939 2938//2938 2935//2935
f 2933//2933 2936//2936 2940//2940 2939//2939
f 2938//2938 2921//2921 2894//2894 2895//2895
f 2938//2938 2939//2939 2920//2920 2921//2921
f 2938//2938 2895//2895 2896//2896 2935//2935
f 2899//2899 2900//2900 2941//2941 2934//2934
f 2899//2899 2935//2935 2896//2896 2897//2897
f 2934//2934 2941//2941 2942//2942 2937//2937
f 2902//2902 2945//2945 2944//2944 2943//2943
f 2902//2902 2943//2943 2941//2941 2900//2900
f 2902//2902 2901//2901 2873//2873 2945//2945
f 2941//2941 2943//2943 2946//2946 2942//2942
f 2947//2947 2948//2948 2904//2904 2882//2882
f 2947//2947 2950//2950 2925//2925 2949//2949
f 2947//2947 2949//2949 2951//2951 2948//2948
f 2947//2947 2882//2882 2877//2877 2950//2950
f 2952//2952 2954//2954 2953//2953 2915//2915
f 2952//2952 2956//2956 2955//2955 2954//2954
f 2952//2952 2915//2915 2906//2906 2907//2907
f 2952//2952 2907//2907 2957//2957 2956//2956
f 2915//2915 2953//2953 2911//2911 2912//2912
f 2919//2919 2958//2958 2949//2949 2925//2925
f 2919//2919 2920//2920 2959//2959 2958//2958
f 2925//2925 2950//2950 2960//2960 2924//2924
f 2951//2951 2963//2963 2962//2962 2961//2961
f 2951//2951 2961//2961 2957//2957 2948//2948
f 2951//2951 2949//2949 2958//2958 2963//2963
f 2961//2961 2964//2964 2956//2956 2957//2957
f 2961//2961 2962//2962 2965//2965 2964//2964
f 2911//2911 2953//2953 2966//2966 2928//2928
f 2953//2953 2954//2954 2967//2967 2966//2966
f 2928//2928 2966//2966 2969//2969 2968//2968
f 2928//2928 2968//2968 2932//2932 2927//2927
f 2936//2936 2971//2971 2970//2970 2940//2940
f 2936//2936 2937//2937 2972//2972 2971//2971
f 2940//2940 2970//2970 2973//2973 2959//2959
f 2940//2940 2959//2959 2920//2920 2939//2939
f 2959//2959 2973//2973 2963//2963 2958//2958
f 2932//2932 2975//2975 2974//2974 2931//2931
f 2932//2932 2968//2968 2976//2976 2975//2975
f 2968//2968 2969//2969 2977//2977 2976//2976
f 2978//2978 2981//2981 2980//2980 2979//2979
f 2978//2978 2983//2983 2982//2982 2981//2981
f 2978//2978 2984//2984 2972//2972 2983//2983
f 2978//2978 2979//2979 2985//2985 2984//2984
f 2957//2957 2907//2907 2904//2904 2948//2948
f 2962//2962 2963//2963 2973//2973 2986//2986
f 2962//2962 2986//2986 2987//2987 2965//2965
f 2954//2954 2955//2955 2988//2988 2967//2967
f 2955//2955 2956//2956 2964//2964 2989//2989
f 2955//2955 2989//2989 2990//2990 2988//2988
f 2966//2966 2967//2967 2991//2991 2969//2969
f 2967//2967 2988//2988 2992//2992 2991//2991
f 2973//2973 2970//2970 2993//2993 2986//2986
f 2993//2993 2994//2994 2987//2987 2986//2986
f 2993//2993 2996//2996 2995//2995 2994//2994
f 2993//2993 2970//2970 2971//2971 2996//2996
f 2994//2994 2998//2998 2997//2997 2987//2987
f 2994//2994 2995//2995 2999//2999 2998//2998
f 2997//2997 2998//2998 3001//3001 3000//3000
f 2997//2997 3002//3002 2965//2965 2987//2987
f 2997//2997 3000//3000 3003//3003 3002//3002
f 2991//2991 3004//3004 2977//2977 2969//2969
f 2991//2991 2992//2992 3005//3005 3004//3004
f 3005//3005 2992//2992 3007//3007 3006//3006
f 3005//3005 3009//3009 3008//3008 3004//3004
f 3005//3005 3006//3006 3010//3010 3009//3009
f 2976//2976 2977//2977 3012//3012 3011//3011
f 2976//2976 3011//3011 3013//3013 2975//2975
f 2977//2977 3004//3004 3008//3008 3012//3012
f 3012//3012 3008//3008 3015//3015 3014//3014
f 3012//3012 3014//3014 3016//3016 3011//3011
f 3014//3014 3018//3018 3017//3017 3016//3016
f 3014//3014 3015//3015 3019//3019 3018//3018
f 3015//3015 3008//3008 3009//3009 3020//3020
f 3015//3015 3020//3020 3021//3021 3019//3019
f 2971//2971 2972//2972 2984//2984 2996//2996
f 2979//2979 3023//3023 3022//3022 2985//2985
f 2979//2979 2980//2980 3024//3024 3023//3023
f 2985//2985 3022//3022 2999//2999 2995//2995
f 2985//2985 2995//2995 2996//2996 2984//2984
f 3025//3025 2999//2999 3022//3022 3026//3026
f 3025//3025 3028//3028 3027//3027 3001//3001
f 3025//3025 3026//3026 3029//3029 3028//3028
f 3025//3025 3001//3001 2998//2998 2999//2999
f 3026//3026 3031//3031 3030//3030 3029//3029
f 3026//3026 3022//3022 3023//3023 3031//3031
f 3000//3000 3033//3033 3032//3032 3003//3003
f 3000//3000 3001//3001 3027//3027 3033//3033
f 3027//3027 3028//3028 3035//3035 3034//3034
f 3027//3027 3034//3034 3036//3036 3033//3033
f 3032//3032 3033//3033 3036//3036 3037//3037
f 3032//3032 3037//3037 3006//3006 3007//3007
f 3032//3032 3007//3007 2990//2990 3003//3003
f 3037//3037 3038//3038 3010//3010 3006//3006
f 3037//3037 3036//3036 3039//3039 3038//3038
f 3040//3040 3039//3039 3042//3042 3041//3041
f 3040//3040 3041//3041 3044//3044 3043//3043
f 3040//3040 3045//3045 3038//3038 3039//3039
f 3040//3040 3043//3043 3046//3046 3045//3045
f 3047//3047 3049//3049 3048//3048 3021//3021
f 3047//3047 3050//3050 3045//3045 3046//3046
f 3047//3047 3046//3046 3051//3051 3049//3049
f 3047//3047 3021//3021 3020//3020 3050//3050
f 3021//3021 3048//3048 3052//3052 3019//3019
f 3052//3052 3048//3048 3054//3054 3053//3053
f 3052//3052 3055//3055 3018//3018 3019//3019
f 3052//3052 3053//3053 3056//3056 3055//3055
f 3028//3028 3029//3029 3057//3057 3035//3035
f 3035//3035 3058//3058 3042//3042 3034//3034
f 3035//3035 3057//3057 3059//3059 3058//3058
f 3034//3034 3042//3042 3039//3039 3036//3036
f 3058//3058 3059//3059 3061//3061 3060//3060
f 3058//3058 3060//3060 3041//3041 3042//3042
f 3060//3060 3062//3062 3044//3044 3041//3041
f 3060//3060 3061//3061 3063//3063 3062//3062
f 3046//3046 3043//3043 3064//3064 3051//3051
f 3049//3049 3065//3065 3054//3054 3048//3048
f 3049//3049 3051//3051 3066//3066 3065//3065
f 3054//3054 3068//3068 3067//3067 3053//3053
f 3054//3054 3065//3065 3069//3069 3068//3068
f 3065//3065 3066//3066 3070//3070 3069//3069
f 3066//3066 3051//3051 3064//3064 3071//3071
f 3066//3066 3071//3071 3072//3072 3070//3070
f 3043//3043 3044//3044 3073//3073 3064//3064
f 3064//3064 3073//3073 3074//3074 3071//3071
f 3069//3069 3076//3076 3075//3075 3068//3068
f 3069//3069 3070//3070 3077//3077 3076//3076
f 1227//1227 3080//3080 3079//3079 3078//3078
f 1227//1227 3078//3078 3081//3081 1226//1226
f 1227//1227 1224//1224 587//587 3080//3080
f 3078//3078 2569//2569 3082//3082 3081//3081
f 3078//3078 3079//3079 2568//2568 2569//2569
f 3081//3081 3082//3082 3084//3084 3083//3083
f 3081//3081 3083//3083 1225//1225 1226//1226
f 1225//1225 3083//3083 3085//3085 1229//1229
f 3083//3083 3084//3084 3086//3086 3085//3085
f 1229//1229 3085//3085 3087//3087 1228//1228
f 3085//3085 3086//3086 3088//3088 3087//3087
f 1238//1238 1231//1231 1228//1228 3087//3087
f 1238//1238 3090//3090 3089//3089 1237//1237
f 1238//1238 3087//3087 3088//3088 3090//3090
f 1236//1236 3091//3091 1246//1246 1244//1244
f 1236//1236 1237//1237 3089//3089 3091//3091
f 1236//1236 1244//1244 1240//1240 1235//1235
f 1245//1245 1246//1246 3093//3093 3092//3092
f 1245//1245 3092//3092 3094//3094 1248//1248
f 1246//1246 3091//3091 3095//3095 3093//3093
f 3093//3093 3097//3097 3096//3096 3092//3092
f 3093//3093 3095//3095 3098//3098 3097//3097
f 1255//1255 3100//3100 3099//3099 1251//1251
f 1255//1255 1252//1252 3102//3102 3101//3101
f 1255//1255 3101//3101 3103//3103 3100//3100
f 3099//3099 1258//1258 1205//1205 1206//1206
f 3099//3099 3100//3100 1261//1261 1258//1258
f 3099//3099 1206//1206 1207//1207 1251//1251
f 1260//1260 3105//3105 3104//3104 1262//1262
f 1260//1260 1261//1261 3106//3106 3105//3105
f 1262//1262 3104//3104 3107//3107 1267//1267
f 1266//1266 1267//1267 3107//3107 3108//3108
f 1266//1266 3108//3108 3109//3109 1272//1272
f 3108//3108 3111//3111 3110//3110 3109//3109
f 3108//3108 3107//3107 3112//3112 3111//3111
f 3109//3109 3110//3110 3114//3114 3113//3113
f 3109//3109 3113//3113 1271//1271 1272//1272
f 3111//3111 3116//3116 3115//3115 3110//3110
f 3111//3111 3112//3112 3117//3117 3116//3116
f 3110//3110 3115//3115 3118//3118 3114//3114
f 3113//3113 3119//3119 2431//2431 1271//1271
f 3113//3113 3114//3114 3120//3120 3119//3119
f 2569//2569 2570//2570 3121//3121 3082//3082
f 2568//2568 3079//3079 3122//3122 2574//2574
f 3082//3082 3121//3121 3123//3123 3084//3084
f 2570//2570 2571//2571 3124//3124 3121//3121
f 3121//3121 3124//3124 3125//3125 3123//3123
f 3126//3126 3123//3123 3125//3125 3127//3127
f 3126//3126 3128//3128 3088//3088 3086//3086
f 3126//3126 3086//3086 3084//3084 3123//3123
f 3126//3126 3127//3127 3129//3129 3128//3128
f 3089//3089 3090//3090 3131//3131 3130//3130
f 3089//3089 3130//3130 3095//3095 3091//3091
f 3130//3130 3132//3132 3098//3098 3095//3095
f 3130//3130 3131//3131 3133//3133 3132//3132
f 3098//3098 3132//3132 3135//3135 3134//3134
f 3098//3098 3134//3134 3136//3136 3097//3097
f 3137//3137 3136//3136 3139//3139 3138//3138
f 3137//3137 3138//3138 3141//3141 3140//3140
f 3137//3137 3096//3096 3097//3097 3136//3136
f 3137//3137 3140//3140 3142//3142 3096//3096
f 3143//3143 3144//3144 3103//3103 3101//3101
f 3143//3143 3101//3101 3102//3102 3142//3142
f 3143//3143 3146//3146 3145//3145 3144//3144
f 3143//3143 3142//3142 3140//3140 3146//3146
f 3147//3147 3146//3146 3140//3140 3141//3141
f 3147//3147 3150//3150 3149//3149 3148//3148
f 3147//3147 3141//3141 3151//3151 3150//3150
f 3147//3147 3148//3148 3145//3145 3146//3146
f 3152//3152 3155//3155 3154//3154 3153//3153
f 3152//3152 3153//3153 3105//3105 3106//3106
f 3152//3152 3106//3106 3103//3103 3144//3144
f 3152//3152 3144//3144 3145//3145 3155//3155
f 3153//3153 3154//3154 3157//3157 3156//3156
f 3153//3153 3156//3156 3104//3104 3105//3105
f 3156//3156 3112//3112 3107//3107 3104//3104
f 3156//3156 3157//3157 3117//3117 3112//3112
f 3115//3115 3116//3116 3159//3159 3158//3158
f 3115//3115 3158//3158 3160//3160 3118//3118
f 3160//3160 3158//3158 3162//3162 3161//3161
f 3160//3160 3164//3164 3163//3163 3118//3118
f 3160//3160 3161//3161 3165//3165 3164//3164
f 3166//3166 3169//3169 3168//3168 3167//3167
f 3166//3166 3171//3171 3170//3170 3169//3169
f 3166//3166 3167//3167 3125//3125 3124//3124
f 3166//3166 3124//3124 2571//2571 3171//3171
f 2640//2640 3171//3171 2571//2571 2572//2572
f 2640//2640 2641//2641 3170//3170 3171//3171
f 3127//3127 3125//3125 3167//3167 3172//3172
f 3127//3127 3172//3172 3173//3173 3129//3129
f 3167//3167 3168//3168 3174//3174 3172//3172
f 3172//3172 3174//3174 3175//3175 3173//3173
f 3132//3132 3133//3133 3176//3176 3135//3135
f 3177//3177 3180//3180 3179//3179 3178//3178
f 3177//3177 3135//3135 3176//3176 3181//3181
f 3177//3177 3181//3181 3182//3182 3180//3180
f 3177//3177 3178//3178 3134//3134 3135//3135
f 3178//3178 3179//3179 3183//3183 3139//3139
f 3178//3178 3139//3139 3136//3136 3134//3134
f 3139//3139 3183//3183 3184//3184 3138//3138
f 3141//3141 3138//3138 3184//3184 3151//3151
f 3148//3148 3185//3185 3155//3155 3145//3145
f 3148//3148 3149//3149 3186//3186 3185//3185
f 3150//3150 3188//3188 3187//3187 3149//3149
f 3150//3150 3151//3151 3189//3189 3188//3188
f 3187//3187 3188//3188 3191//3191 3190//3190
f 3187//3187 3192//3192 3186//3186 3149//3149
f 3187//3187 3190//3190 3193//3193 3192//3192
f 3159//3159 3196//3196 3195//3195 3194//3194
f 3159//3159 3194//3194 3162//3162 3158//3158
f 3159//3159 3116//3116 3117//3117 3196//3196
f 3162//3162 3198//3198 3197//3197 3161//3161
f 3162//3162 3194//3194 3199//3199 3198//3198
f 3194//3194 3195//3195 3200//3200 3199//3199
f 3199//3199 3202//3202 3201//3201 3198//3198
f 3199//3199 3200//3200 3203//3203 3202//3202
f 3165//3165 3206//3206 3205//3205 3204//3204
f 3165//3165 3161//3161 3197//3197 3206//3206
f 3165//3165 3204//3204 3207//3207 3164//3164
f 3208//3208 3211//3211 3210//3210 3209//3209
f 3208//3208 3212//3212 3168//3168 3169//3169
f 3208//3208 3169//3169 3170//3170 3211//3211
f 3208//3208 3209//3209 3213//3213 3212//3212
f 3209//3209 3210//3210 3215//3215 3214//3214
f 3209//3209 3214//3214 3216//3216 3213//3213
f 3214//3214 3218//3218 3217//3217 3216//3216
f 3214//3214 3215//3215 3219//3219 3218//3218
f 3220//3220 3221//3221 3213//3213 3216//3216
f 3220//3220 3216//3216 3217//3217 3222//3222
f 3220//3220 3222//3222 3224//3224 3223//3223
f 3220//3220 3223//3223 3225//3225 3221//3221
f 3226//3226 3227//3227 3181//3181 3176//3176
f 3226//3226 3229//3229 3228//3228 3227//3227
f 3226//3226 3176//3176 3133//3133 3230//3230
f 3226//3226 3230//3230 3231//3231 3229//3229
f 3181//3181 3227//3227 3232//3232 3182//3182
f 3180//3180 3234//3234 3233//3233 3179//3179
f 3180//3180 3182//3182 3235//3235 3234//3234
f 3182//3182 3232//3232 3236//3236 3235//3235
f 3189//3189 3239//3239 3238//3238 3237//3237
f 3189//3189 3237//3237 3191//3191 3188//3188
f 3189//3189 3151//3151 3184//3184 3239//3239
f 3237//3237 3241//3241 3240//3240 3191//3191
f 3237//3237 3238//3238 3242//3242 3241//3241
f 3243//3243 3239//3239 3184//3184 3183//3183
f 3243//3243 3183//3183 3179//3179 3233//3233
f 3243//3243 3244//3244 3238//3238 3239//3239
f 3243//3243 3233//3233 3245//3245 3244//3244
f 3238//3238 3244//3244 3246//3246 3242//3242
f 3242//3242 3248//3248 3247//3247 3241//3241
f 3242//3242 3246//3246 3249//3249 3248//3248
f 3191//3191 3240//3240 3250//3250 3190//3190
f 3190//3190 3250//3250 3251//3251 3193//3193
f 3250//3250 3240//3240 3253//3253 3252//3252
f 3250//3250 3252//3252 3254//3254 3251//3251
f 3255//3255 3256//3256 3202//3202 3203//3203
f 3255//3255 3258//3258 3257//3257 3256//3256
f 3255//3255 3260//3260 3259//3259 3258//3258
f 3255//3255 3203//3203 3261//3261 3260//3260
f 3197//3197 3263//3263 3262//3262 3206//3206
f 3197//3197 3198//3198 3201//3201 3263//3263
f 3201//3201 3202//3202 3256//3256 3264//3264
f 3201//3201 3264//3264 3265//3265 3263//3263
f 3265//3265 3268//3268 3267//3267 3266//3266
f 3265//3265 3266//3266 3262//3262 3263//3263
f 3265//3265 3264//3264 3269//3269 3268//3268
f 3217//3217 3218//3218 3271//3271 3270//3270
f 3217//3217 3270//3270 3272//3272 3222//3222
f 3270//3270 3271//3271 3274//3274 3273//3273
f 3270//3270 3273//3273 3275//3275 3272//3272
f 3276//3276 3279//3279 3278//3278 3277//3277
f 3276//3276 3277//3277 3272//3272 3275//3275
f 3276//3276 3281//3281 3280//3280 3279//3279
f 3276//3276 3275//3275 3282//3282 3281//3281
f 3232//3232 3278//3278 3279//3279 3236//3236
f 3232//3232 3227//3227 3228//3228 3278//3278
f 3236//3236 3279//3279 3280//3280 3283//3283
f 3236//3236 3283//3283 3284//3284 3235//3235
f 3285//3285 3287//3287 3245//3245 3286//3286
f 3285//3285 3289//3289 3288//3288 3287//3287
f 3285//3285 3286//3286 3284//3284 3290//3290
f 3285//3285 3290//3290 3291//3291 3289//3289
f 3288//3288 3293//3293 3292//3292 3249//3249
f 3288//3288 3289//3289 3294//3294 3293//3293
f 3288//3288 3249//3249 3246//3246 3287//3287
f 3246//3246 3244//3244 3245//3245 3287//3287
f 3249//3249 3292//3292 3295//3295 3248//3248
f 3292//3292 3293//3293 3297//3297 3296//3296
f 3292//3292 3296//3296 3298//3298 3295//3295
f 3253//3253 3240//3240 3241//3241 3247//3247
f 3253//3253 3247//3247 3300//3300 3299//3299
f 3253//3253 3299//3299 3301//3301 3252//3252
f 3247//3247 3248//3248 3295//3295 3300//3300
f 3299//3299 3303//3303 3302//3302 3301//3301
f 3299//3299 3300//3300 3304//3304 3303//3303
f 3301//3301 3305//3305 3254//3254 3252//3252
f 3301//3301 3302//3302 3306//3306 3305//3305
f 3257//3257 3258//3258 3306//3306 3307//3307
f 3257//3257 3307//3307 3308//3308 3269//3269
f 3257//3257 3269//3269 3264//3264 3256//3256
f 3306//3306 3302//3302 3309//3309 3307//3307
f 3306//3306 3258//3258 3259//3259 3305//3305
f 3307//3307 3309//3309 3310//3310 3308//3308
f 3269//3269 3308//3308 3311//3311 3268//3268
f 2753//2753 2754//2754 2792//2792 3312//3312
f 2753//2753 3312//3312 3313//3313 2755//2755
f 3312//3312 2792//2792 2837//2837 3314//3314
f 3312//3312 3314//3314 3274//3274 3313//3313
f 3273//3273 3274//3274 3314//3314 3315//3315
f 3273//3273 3315//3315 3282//3282 3275//3275
f 3274//3274 3271//3271 3316//3316 3313//3313
f 3315//3315 3318//3318 3317//3317 3282//3282
f 3315//3315 3314//3314 2837//2837 3318//3318
f 3282//3282 3317//3317 3319//3319 3281//3281
f 3280//3280 3321//3321 3320//3320 3283//3283
f 3280//3280 3281//3281 3319//3319 3321//3321
f 3319//3319 3317//3317 3323//3323 3322//3322
f 3319//3319 3322//3322 3324//3324 3321//3321
f 3317//3317 3318//3318 3325//3325 3323//3323
f 3322//3322 3327//3327 3326//3326 3324//3324
f 3322//3322 3323//3323 3328//3328 3327//3327
f 3320//3320 3321//3321 3324//3324 3329//3329
f 3320//3320 3290//3290 3284//3284 3283//3283
f 3320//3320 3329//3329 3291//3291 3290//3290
f 3324//3324 3326//3326 3330//3330 3329//3329
f 3329//3329 3330//3330 3331//3331 3291//3291
f 3291//3291 3331//3331 3294//3294 3289//3289
f 3331//3331 3333//3333 3332//3332 3294//3294
f 3331//3331 3330//3330 3334//3334 3333//3333
f 3293//3293 3294//3294 3332//3332 3297//3297
f 3332//3332 3336//3336 3335//3335 3297//3297
f 3332//3332 3333//3333 3337//3337 3336//3336
f 3296//3296 3297//3297 3335//3335 3338//3338
f 3296//3296 3338//3338 3339//3339 3298//3298
f 3338//3338 3335//3335 3341//3341 3340//3340
f 3338//3338 3340//3340 3342//3342 3339//3339
f 3342//3342 3340//3340 3344//3344 3343//3343
f 3342//3342 3346//3346 3345//3345 3339//3339
f 3342//3342 3343//3343 3347//3347 3346//3346
f 3348//3348 3310//3310 3309//3309 3349//3349
f 3348//3348 3351//3351 3350//3350 3310//3310
f 3348//3348 3349//3349 3345//3345 3346//3346
f 3348//3348 3346//3346 3347//3347 3351//3351
f 3347//3347 3343//3343 3353//3353 3352//3352
f 3347//3347 3352//3352 3354//3354 3351//3351
f 3352//3352 3356//3356 3355//3355 3354//3354
f 3352//3352 3353//3353 3357//3357 3356//3356
f 3343//3343 3344//3344 3358//3358 3353//3353
f 3357//3357 3361//3361 3360//3360 3359//3359
f 3357//3357 3353//3353 3358//3358 3361//3361
f 3357//3357 3359//3359 3362//3362 3356//3356
f 3325//3325 3318//3318 2837//2837 3363//3363
f 3325//3325 3364//3364 3328//3328 3323//3323
f 3325//3325 3363//3363 3365//3365 3364//3364
f 3327//3327 3367//3367 3366//3366 3326//3326
f 3327//3327 3328//3328 3368//3368 3367//3367
f 3366//3366 3334//3334 3330//3330 3326//3326
f 3366//3366 3370//3370 3369//3369 3334//3334
f 3366//3366 3367//3367 3371//3371 3370//3370
f 3337//3337 3373//3373 3372//3372 3336//3336
f 3337//3337 3333//3333 3334//3334 3369//3369
f 3337//3337 3369//3369 3374//3374 3373//3373
f 3375//3375 3372//3372 3373//3373 3376//3376
f 3375//3375 3377//3377 3341//3341 3372//3372
f 3375//3375 3376//3376 3379//3379 3378//3378
f 3375//3375 3378//3378 3380//3380 3377//3377
f 3376//3376 3382//3382 3381//3381 3379//3379
f 3376//3376 3373//3373 3374//3374 3382//3382
f 3340//3340 3341//3341 3377//3377 3344//3344
f 3344//3344 3377//3377 3380//3380 3358//3358
f 3341//3341 3335//3335 3336//3336 3372//3372
f 3358//3358 3380//3380 3383//3383 3361//3361
f 3383//3383 3380//3380 3378//3378 3384//3384
f 3383//3383 3385//3385 3360//3360 3361//3361
f 3383//3383 3384//3384 3386//3386 3385//3385
f 3384//3384 3388//3388 3387//3387 3386//3386
f 3384//3384 3378//3378 3379//3379 3388//3388
f 3389//3389 3390//3390 2890//2890 2891//2891
f 3389//3389 3392//3392 3391//3391 3365//3365
f 3389//3389 3365//3365 3363//3363 3390//3390
f 3389//3389 2891//2891 3393//3393 3392//3392
f 2891//2891 2892//2892 3394//3394 3393//3393
f 3395//3395 3368//3368 3328//3328 3364//3364
f 3395//3395 3364//3364 3365//3365 3391//3391
f 3395//3395 3397//3397 3396//3396 3368//3368
f 3395//3395 3391//3391 3398//3398 3397//3397
f 3396//3396 3397//3397 3400//3400 3399//3399
f 3396//3396 3399//3399 3401//3401 3371//3371
f 3396//3396 3371//3371 3367//3367 3368//3368
f 3402//3402 3370//3370 3371//3371 3401//3401
f 3402//3402 3401//3401 3404//3404 3403//3403
f 3402//3402 3374//3374 3369//3369 3370//3370
f 3402//3402 3403//3403 3382//3382 3374//3374
f 3401//3401 3399//3399 3405//3405 3404//3404
f 3403//3403 3406//3406 3381//3381 3382//3382
f 3403//3403 3404//3404 3407//3407 3406//3406
f 3404//3404 3405//3405 3408//3408 3407//3407
f 3407//3407 3408//3408 3410//3410 3409//3409
f 3407//3407 3409//3409 3411//3411 3406//3406
f 3405//3405 3399//3399 3400//3400 3412//3412
f 3405//3405 3412//3412 3413//3413 3408//3408
f 3411//3411 3409//3409 3415//3415 3414//3414
f 3411//3411 3414//3414 3417//3417 3416//3416
f 3411//3411 3416//3416 3381//3381 3406//3406
f 3417//3417 3420//3420 3419//3419 3418//3418
f 3417//3417 3414//3414 3421//3421 3420//3420
f 3417//3417 3418//3418 3422//3422 3416//3416
f 3414//3414 3415//3415 3423//3423 3421//3421
f 3422//3422 3418//3418 3425//3425 3424//3424
f 3422//3422 3424//3424 3427//3427 3426//3426
f 3422//3422 3426//3426 3381//3381 3416//3416
f 3424//3424 3429//3429 3428//3428 3427//3427
f 3424//3424 3425//3425 3430//3430 3429//3429
f 3427//3427 3387//3387 3388//3388 3426//3426
f 3427//3427 3428//3428 3431//3431 3387//3387
f 3418//3418 3419//3419 3432//3432 3425//3425
f 3433//3433 2893//2893 2917//2917 2929//2929
f 3433//3433 3394//3394 2892//2892 2893//2893
f 3433//3433 3435//3435 3434//3434 3394//3394
f 3433//3433 2929//2929 2930//2930 3435//3435
f 3436//3436 3434//3434 3438//3438 3437//3437
f 3436//3436 3439//3439 3392//3392 3393//3393
f 3436//3436 3393//3393 3394//3394 3434//3434
f 3436//3436 3437//3437 3440//3440 3439//3439
f 3437//3437 3442//3442 3441//3441 3440//3440
f 3437//3437 3438//3438 3443//3443 3442//3442
f 3444//3444 3445//3445 3413//3413 3412//3412
f 3444//3444 3412//3412 3400//3400 3446//3446
f 3444//3444 3446//3446 3440//3440 3441//3441
f 3444//3444 3441//3441 3447//3447 3445//3445
f 3410//3410 3448//3448 3415//3415 3409//3409
f 3410//3410 3408//3408 3413//3413 3449//3449
f 3410//3410 3449//3449 3450//3450 3448//3448
f 3423//3423 3453//3453 3452//3452 3451//3451
f 3423//3423 3415//3415 3448//3448 3453//3453
f 3423//3423 3451//3451 3454//3454 3421//3421
f 3455//3455 3458//3458 3457//3457 3456//3456
f 3455//3455 3456//3456 3460//3460 3459//3459
f 3455//3455 3462//3462 3461//3461 3458//3458
f 3455//3455 3459//3459 3463//3463 3462//3462
f 3456//3456 3457//3457 3465//3465 3464//3464
f 3456//3456 3464//3464 3466//3466 3460//3460
f 2931//2931 2974//2974 3467//3467 2930//2930
f 3467//3467 3470//3470 3469//3469 3468//3468
f 3467//3467 3468//3468 3435//3435 2930//2930
f 3467//3467 2974//2974 3471//3471 3470//3470
f 2974//2974 2975//2975 3013//3013 3471//3471
f 3471//3471 3473//3473 3472//3472 3470//3470
f 3471//3471 3013//3013 3474//3474 3473//3473
f 3469//3469 3443//3443 3438//3438 3468//3468
f 3469//3469 3470//3470 3472//3472 3475//3475
f 3469//3469 3475//3475 3476//3476 3443//3443
f 3468//3468 3438//3438 3434//3434 3435//3435
f 3476//3476 3475//3475 3478//3478 3477//3477
f 3476//3476 3479//3479 3442//3442 3443//3443
f 3476//3476 3477//3477 3480//3480 3479//3479
f 3472//3472 3481//3481 3478//3478 3475//3475
f 3472//3472 3473//3473 3482//3482 3481//3481
f 3481//3481 3482//3482 3484//3484 3483//3483
f 3481//3481 3483//3483 3485//3485 3478//3478
f 3447//3447 3479//3479 3480//3480 3486//3486
f 3447//3447 3486//3486 3487//3487 3445//3445
f 3447//3447 3441//3441 3442//3442 3479//3479
f 3486//3486 3480//3480 3489//3489 3488//3488
f 3486//3486 3488//3488 3490//3490 3487//3487
f 3480//3480 3477//3477 3491//3491 3489//3489
f 3492//3492 3493//3493 3450//3450 3490//3490
f 3492//3492 3495//3495 3494//3494 3493//3493
f 3492//3492 3490//3490 3488//3488 3496//3496
f 3492//3492 3496//3496 3497//3497 3495//3495
f 3488//3488 3489//3489 3498//3498 3496//3496
f 3451//3451 3452//3452 3500//3500 3499//3499
f 3451//3451 3499//3499 3501//3501 3454//3454
f 3500//3500 3452//3452 3494//3494 3502//3502
f 3500//3500 3502//3502 3504//3504 3503//3503
f 3500//3500 3503//3503 3461//3461 3499//3499
f 3502//3502 3506//3506 3505//3505 3504//3504
f 3502//3502 3494//3494 3495//3495 3506//3506
f 3507//3507 3510//3510 3509//3509 3508//3508
f 3507//3507 3511//3511 3465//3465 3457//3457
f 3507//3507 3508//3508 3512//3512 3511//3511
f 3507//3507 3457//3457 3458//3458 3510//3510
f 3508//3508 3509//3509 3514//3514 3513//3513
f 3508//3508 3513//3513 3515//3515 3512//3512
f 3474//3474 3016//3016 3017//3017 3516//3516
f 3474//3474 3013//3013 3011//3011 3016//3016
f 3474//3474 3516//3516 3482//3482 3473//3473
f 3482//3482 3516//3516 3517//3517 3484//3484
f 3516//3516 3017//3017 3518//3518 3517//3517
f 3483//3483 3520//3520 3519//3519 3485//3485
f 3483//3483 3484//3484 3521//3521 3520//3520
f 3477//3477 3478//3478 3485//3485 3491//3491
f 3491//3491 3522//3522 3498//3498 3489//3489
f 3491//3491 3485//3485 3519//3519 3522//3522
f 3519//3519 3520//3520 3524//3524 3523//3523
f 3519//3519 3523//3523 3525//3525 3522//3522
f 3525//3525 3526//3526 3498//3498 3522//3522
f 3525//3525 3528//3528 3527//3527 3526//3526
f 3525//3525 3523//3523 3529//3529 3528//3528
f 3484//3484 3517//3517 3530//3530 3521//3521
f 3517//3517 3518//3518 3531//3531 3530//3530
f 3523//3523 3524//3524 3532//3532 3529//3529
f 3533//3533 3497//3497 3526//3526 3527//3527
f 3533//3533 3527//3527 3535//3535 3534//3534
f 3533//3533 3506//3506 3495//3495 3497//3497
f 3533//3533 3534//3534 3505//3505 3506//3506
f 3527//3527 3528//3528 3536//3536 3535//3535
f 3504//3504 3505//3505 3514//3514 3509//3509
f 3504//3504 3509//3509 3510//3510 3503//3503
f 3534//3534 3535//3535 3538//3538 3537//3537
f 3534//3534 3537//3537 3514//3514 3505//3505
f 3537//3537 3539//3539 3513//3513 3514//3514
f 3537//3537 3538//3538 3540//3540 3539//3539
f 3513//3513 3539//3539 3541//3541 3515//3515
f 3518//3518 3017//3017 3018//3018 3055//3055
f 3518//3518 3055//3055 3056//3056 3531//3531
f 3053//3053 3067//3067 3542//3542 3056//3056
f 3530//3530 3531//3531 3544//3544 3543//3543
f 3530//3530 3543//3543 3545//3545 3521//3521
f 3545//3545 3546//3546 3532//3532 3524//3524
f 3545//3545 3524//3524 3520//3520 3521//3521
f 3545//3545 3543//3543 3547//3547 3546//3546
f 3543//3543 3544//3544 3548//3548 3547//3547
f 3529//3529 3532//3532 3550//3550 3549//3549
f 3529//3529 3549//3549 3536//3536 3528//3528
f 3549//3549 3552//3552 3551//3551 3536//3536
f 3549//3549 3550//3550 3553//3553 3552//3552
f 3536//3536 3551//3551 3538//3538 3535//3535
f 3547//3547 3555//3555 3554//3554 3546//3546
f 3547//3547 3548//3548 3556//3556 3555//3555
f 3556//3556 3559//3559 3558//3558 3557//3557
f 3556//3556 3548//3548 3560//3560 3559//3559
f 3556//3556 3557//3557 3561//3561 3555//3555
f 3550//3550 3532//3532 3546//3546 3554//3554
f 3550//3550 3554//3554 3562//3562 3553//3553
f 3554//3554 3555//3555 3561//3561 3562//3562
f 3553//3553 3562//3562 3564//3564 3563//3563
f 3553//3553 3563//3563 3565//3565 3552//3552
f 3562//3562 3561//3561 3566//3566 3564//3564
f 3067//3067 3567//3567 3560//3560 3542//3542
f 3067//3067 3068//3068 3075//3075 3567//3567
f 3568//3568 3569//3569 3558//3558 3559//3559
f 3568//3568 3559//3559 3560//3560 3567//3567
f 3568//3568 3567//3567 3075//3075 3570//3570
f 3568//3568 3570//3570 3571//3571 3569//3569
f 3075//3075 3076//3076 3572//3572 3570//3570
f 3548//3548 3544//3544 3542//3542 3560//3560
f 3557//3557 3558//3558 3574//3574 3573//3573
f 3557//3557 3573//3573 3566//3566 3561//3561
f 3558//3558 3569//3569 3575//3575 3574//3574
f 3576//3576 3578//3578 3577//3577 2561//2561
f 3576//3576 2553//2553 1727//1727 1728//1728
f 3576//3576 1728//1728 1730//1730 3578//3578
f 3576//3576 2561//2561 2554//2554 2553//2553
f 2561//2561 3577//3577 3579//3579 2560//2560
f 3580//3580 3583//3583 3582//3582 3581//3581
f 3580//3580 3578//3578 1730//1730 3583//3583
f 3580//3580 3584//3584 3577//3577 3578//3578
f 3580//3580 3581//3581 3585//3585 3584//3584
f 3577//3577 3584//3584 3586//3586 3579//3579
f 3587//3587 3585//3585 3581//3581 1795//1795
f 3587//3587 3589//3589 3588//3588 3585//3585
f 3587//3587 1795//1795 1796//1796 3590//3590
f 3587//3587 3590//3590 3591//3591 3589//3589
f 1795//1795 3581//3581 3582//3582 1794//1794
f 3588//3588 3593//3593 3592//3592 3586//3586
f 3588//3588 3586//3586 3584//3584 3585//3585
f 3588//3588 3589//3589 3594//3594 3593//3593
f 1801//1801 3596//3596 3595//3595 1798//1798
f 1801//1801 1802//1802 3597//3597 3596//3596
f 1798//1798 3595//3595 3590//3590 1796//1796
f 3595//3595 3598//3598 3591//3591 3590//3590
f 3595//3595 3596//3596 3599//3599 3598//3598
f 3596//3596 3597//3597 3600//3600 3599//3599
f 1802//1802 1804//1804 3601//3601 3597//3597
f 1805//1805 1807//1807 3601//3601 1804//1804
f 3601//3601 3602//3602 3600//3600 3597//3597
f 3601//3601 1807//1807 3603//3603 3602//3602
f 1807//1807 1808//1808 3604//3604 3603//3603
f 1809//1809 1811//1811 1817//1817 1810//1810
f 1810//1810 3605//3605 3604//3604 1808//1808
f 1810//1810 1817//1817 3606//3606 3605//3605
f 1817//1817 1818//1818 3607//3607 3606//3606
f 1816//1816 1823//1823 3608//3608 1819//1819
f 1823//1823 1824//1824 3609//3609 3608//3608
f 1819//1819 3608//3608 3611//3611 3610//3610
f 1819//1819 3610//3610 3607//3607 1818//1818
f 3610//3610 3613//3613 3612//3612 3607//3607
f 3610//3610 3611//3611 3614//3614 3613//3613
f 3611//3611 3616//3616 3615//3615 3614//3614
f 3611//3611 3608//3608 3609//3609 3616//3616
f 1828//1828 3617//3617 1831//1831 1827//1827
f 1828//1828 1829//1829 3618//3618 3617//3617
f 1847//1847 1829//1829 1830//1830 1832//1832
f 1847//1847 3619//3619 3618//3618 1829//1829
f 1847//1847 1845//1845 3620//3620 3619//3619
f 3620//3620 3622//3622 3621//3621 3619//3619
f 3620//3620 1845//1845 1846//1846 3623//3623
f 3620//3620 3623//3623 3624//3624 3622//3622
f 3625//3625 3627//3627 3626//3626 3621//3621
f 3625//3625 3621//3621 3622//3622 3628//3628
f 3625//3625 3630//3630 3629//3629 3627//3627
f 3625//3625 3628//3628 3631//3631 3630//3630
f 3632//3632 3635//3635 3634//3634 3633//3633
f 3632//3632 3636//3636 1855//1855 1856//1856
f 3632//3632 1856//1856 1857//1857 3635//3635
f 3632//3632 3633//3633 3637//3637 3636//3636
f 3637//3637 3640//3640 3639//3639 3638//3638
f 3637//3637 3633//3633 3641//3641 3640//3640
f 3637//3637 3638//3638 3642//3642 3636//3636
f 3579//3579 3586//3586 3592//3592 3643//3643
f 3579//3579 3643//3643 2559//2559 2560//2560
f 3643//3643 3644//3644 2619//2619 2559//2559
f 3643//3643 3592//3592 3645//3645 3644//3644
f 2619//2619 3644//3644 2628//2628 2621//2621
f 2628//2628 3644//3644 3645//3645 3646//3646
f 2628//2628 3646//3646 2678//2678 2625//2625
f 3647//3647 3650//3650 3649//3649 3648//3648
f 3647//3647 3651//3651 2678//2678 3646//3646
f 3647//3647 3648//3648 3652//3652 3651//3651
f 3647//3647 3654//3654 3653//3653 3650//3650
f 3647//3647 3646//3646 3645//3645 3654//3654
f 2678//2678 3651//3651 3655//3655 2677//2677
f 3656//3656 3657//3657 3653//3653 3594//3594
f 3656//3656 3659//3659 3658//3658 3657//3657
f 3656//3656 3591//3591 3598//3598 3659//3659
f 3656//3656 3594//3594 3589//3589 3591//3591
f 3594//3594 3653//3653 3654//3654 3593//3593
f 3657//3657 3658//3658 3661//3661 3660//3660
f 3657//3657 3660//3660 3650//3650 3653//3653
f 3662//3662 3663//3663 3658//3658 3659//3659
f 3662//3662 3665//3665 3664//3664 3663//3663
f 3662//3662 3659//3659 3598//3598 3599//3599
f 3662//3662 3599//3599 3600//3600 3665//3665
f 3600//3600 3602//3602 3666//3666 3665//3665
f 3666//3666 3602//3602 3603//3603 3667//3667
f 3666//3666 3668//3668 3664//3664 3665//3665
f 3666//3666 3667//3667 3669//3669 3668//3668
f 3604//3604 3670//3670 3667//3667 3603//3603
f 3604//3604 3605//3605 3671//3671 3670//3670
f 3670//3670 3672//3672 3669//3669 3667//3667
f 3670//3670 3671//3671 3673//3673 3672//3672
f 3606//3606 3674//3674 3671//3671 3605//3605
f 3606//3606 3607//3607 3612//3612 3674//3674
f 3671//3671 3674//3674 3675//3675 3673//3673
f 3673//3673 3677//3677 3676//3676 3672//3672
f 3673//3673 3675//3675 3678//3678 3677//3677
f 3615//3615 3680//3680 3679//3679 3614//3614
f 3615//3615 3616//3616 3682//3682 3681//3681
f 3615//3615 3681//3681 3683//3683 3680//3680
f 3631//3631 3628//3628 3685//3685 3684//3684
f 3631//3631 3684//3684 3687//3687 3686//3686
f 3631//3631 3686//3686 3688//3688 3630//3630
f 3685//3685 3624//3624 3690//3690 3689//3689
f 3685//3685 3689//3689 3691//3691 3684//3684
f 3685//3685 3628//3628 3622//3622 3624//3624
f 3691//3691 3692//3692 3687//3687 3684//3684
f 3691//3691 3694//3694 3693//3693 3692//3692
f 3691//3691 3689//3689 3695//3695 3694//3694
f 3689//3689 3690//3690 3696//3696 3695//3695
f 3687//3687 3698//3698 3697//3697 3686//3686
f 3687//3687 3692//3692 3699//3699 3698//3698
f 3692//3692 3693//3693 3700//3700 3699//3699
f 3696//3696 3702//3702 3701//3701 3695//3695
f 3696//3696 3703//3703 1852//1852 3702//3702
f 3696//3696 3690//3690 3704//3704 3703//3703
f 3694//3694 3695//3695 3701//3701 3705//3705
f 3694//3694 3705//3705 3706//3706 3693//3693
f 3638//3638 3639//3639 3708//3708 3707//3707
f 3638//3638 3707//3707 3701//3701 3642//3642
f 3707//3707 3708//3708 3710//3710 3709//3709
f 3707//3707 3709//3709 3705//3705 3701//3701
f 3709//3709 3710//3710 3712//3712 3711//3711
f 3709//3709 3711//3711 3706//3706 3705//3705
f 3639//3639 3714//3714 3713//3713 3708//3708
f 3639//3639 3640//3640 3715//3715 3714//3714
f 3640//3640 3641//3641 3716//3716 3715//3715
f 3652//3652 3648//3648 3718//3718 3717//3717
f 3652//3652 3719//3719 3655//3655 3651//3651
f 3652//3652 3717//3717 3720//3720 3719//3719
f 3721//3721 3722//3722 3720//3720 3717//3717
f 3721//3721 3725//3725 3724//3724 3723//3723
f 3721//3721 3717//3717 3718//3718 3725//3725
f 3721//3721 3723//3723 3726//3726 3722//3722
f 2730//2730 3728//3728 3727//3727 2727//2727
f 2730//2730 2728//2728 3723//3723 3724//3724
f 2730//2730 3724//3724 3729//3729 3728//3728
f 2728//2728 2729//2729 3726//3726 3723//3723
f 2727//2727 3727//3727 3730//3730 2725//2725
f 3731//3731 3726//3726 2729//2729 2731//2731
f 3731//3731 3732//3732 3722//3722 3726//3726
f 3731//3731 3734//3734 3733//3733 3732//3732
f 3731//3731 2731//2731 2745//2745 3734//3734
f 3735//3735 3738//3738 3737//3737 3736//3736
f 3735//3735 3729//3729 3739//3739 3738//3738
f 3735//3735 3740//3740 3728//3728 3729//3729
f 3735//3735 3736//3736 3741//3741 3740//3740
f 3648//3648 3649//3649 3742//3742 3718//3718
f 3661//3661 3744//3744 3743//3743 3660//3660
f 3661//3661 3658//3658 3663//3663 3745//3745
f 3661//3661 3745//3745 3746//3746 3744//3744
f 3739//3739 3725//3725 3718//3718 3742//3742
f 3739//3739 3742//3742 3747//3747 3738//3738
f 3739//3739 3729//3729 3724//3724 3725//3725
f 3742//3742 3649//3649 3743//3743 3747//3747
f 3743//3743 3744//3744 3748//3748 3747//3747
f 3743//3743 3649//3649 3650//3650 3660//3660
f 3736//3736 3737//3737 3750//3750 3749//3749
f 3736//3736 3749//3749 3751//3751 3741//3741
f 3738//3738 3747//3747 3748//3748 3737//3737
f 3663//3663 3664//3664 3752//3752 3745//3745
f 3669//3669 3754//3754 3753//3753 3668//3668
f 3669//3669 3672//3672 3676//3676 3754//3754
f 3676//3676 3756//3756 3755//3755 3754//3754
f 3676//3676 3677//3677 3757//3757 3756//3756
f 3755//3755 3756//3756 3759//3759 3758//3758
f 3755//3755 3758//3758 3761//3761 3760//3760
f 3755//3755 3760//3760 3753//3753 3754//3754
f 3757//3757 3677//3677 3678//3678 3762//3762
f 3757//3757 3763//3763 3759//3759 3756//3756
f 3757//3757 3762//3762 3764//3764 3763//3763
f 3678//3678 3766//3766 3765//3765 3762//3762
f 3678//3678 3675//3675 3767//3767 3766//3766
f 3762//3762 3765//3765 3768//3768 3764//3764
f 3769//3769 3772//3772 3771//3771 3770//3770
f 3769//3769 3768//3768 3765//3765 3773//3773
f 3769//3769 3770//3770 3774//3774 3768//3768
f 3769//3769 3773//3773 3775//3775 3772//3772
f 3776//3776 3778//3778 3777//3777 3697//3697
f 3776//3776 3781//3781 3780//3780 3779//3779
f 3776//3776 3697//3697 3698//3698 3781//3781
f 3776//3776 3779//3779 3782//3782 3778//3778
f 3783//3783 3786//3786 3785//3785 3784//3784
f 3783//3783 3784//3784 3772//3772 3775//3775
f 3783//3783 3782//3782 3779//3779 3786//3786
f 3783//3783 3775//3775 3787//3787 3782//3782
f 3788//3788 3781//3781 3698//3698 3699//3699
f 3788//3788 3791//3791 3790//3790 3789//3789
f 3788//3788 3789//3789 3780//3780 3781//3781
f 3788//3788 3699//3699 3700//3700 3791//3791
f 3780//3780 3792//3792 3786//3786 3779//3779
f 3780//3780 3789//3789 3793//3793 3792//3792
f 3789//3789 3790//3790 3794//3794 3793//3793
f 3700//3700 3693//3693 3706//3706 3795//3795
f 3700//3700 3795//3795 3796//3796 3791//3791
f 3797//3797 3795//3795 3706//3706 3711//3711
f 3797//3797 3711//3711 3712//3712 3798//3798
f 3797//3797 3799//3799 3796//3796 3795//3795
f 3797//3797 3798//3798 3800//3800 3799//3799
f 3801//3801 3804//3804 3803//3803 3802//3802
f 3801//3801 3805//3805 3798//3798 3712//3712
f 3801//3801 3712//3712 3710//3710 3804//3804
f 3801//3801 3802//3802 3806//3806 3805//3805
f 3798//3798 3805//3805 3807//3807 3800//3800
f 2724//2724 3808//3808 2737//2737 2723//2723
f 2724//2724 2725//2725 3730//3730 3809//3809
f 2724//2724 3809//3809 3810//3810 3808//3808
f 3811//3811 3814//3814 3813//3813 3812//3812
f 3811//3811 3816//3816 3815//3815 3814//3814
f 3811//3811 3812//3812 3818//3818 3817//3817
f 3811//3811 3817//3817 3819//3819 3816//3816
f 3820//3820 3761//3761 3758//3758 3821//3821
f 3820//3820 3821//3821 3823//3823 3822//3822
f 3820//3820 3822//3822 3825//3825 3824//3824
f 3820//3820 3824//3824 3826//3826 3761//3761
f 3758//3758 3759//3759 3827//3827 3821//3821
f 3821//3821 3827//3827 3828//3828 3823//3823
f 3759//3759 3763//3763 3829//3829 3827//3827
f 3829//3829 3763//3763 3764//3764 3830//3830
f 3829//3829 3831//3831 3828//3828 3827//3827
f 3829//3829 3830//3830 3832//3832 3831//3831
f 3830//3830 3764//3764 3768//3768 3774//3774
f 3830//3830 3774//3774 3833//3833 3832//3832
f 3774//3774 3770//3770 3834//3834 3833//3833
f 3770//3770 3771//3771 3835//3835 3834//3834
f 3836//3836 3839//3839 3838//3838 3837//3837
f 3836//3836 3837//3837 3841//3841 3840//3840
f 3836//3836 3840//3840 3843//3843 3842//3842
f 3836//3836 3842//3842 3844//3844 3839//3839
f 3841//3841 3846//3846 3845//3845 3840//3840
f 3841//3841 3848//3848 3847//3847 3846//3846
f 3841//3841 3837//3837 3849//3849 3848//3848
f 3837//3837 3838//3838 3850//3850 3849//3849
f 3849//3849 3850//3850 3852//3852 3851//3851
f 3849//3849 3851//3851 3853//3853 3848//3848
f 3851//3851 3852//3852 3855//3855 3854//3854
f 3851//3851 3854//3854 3856//3856 3853//3853
f 3854//3854 3858//3858 3857//3857 3856//3856
f 3854//3854 3855//3855 3859//3859 3858//3858
f 3784//3784 3785//3785 3844//3844 3860//3860
f 3784//3784 3860//3860 3771//3771 3772//3772
f 3771//3771 3860//3860 3861//3861 3835//3835
f 3860//3860 3844//3844 3842//3842 3861//3861
f 3793//3793 3863//3863 3862//3862 3792//3792
f 3793//3793 3794//3794 3864//3864 3863//3863
f 3862//3862 3785//3785 3786//3786 3792//3792
f 3862//3862 3839//3839 3844//3844 3785//3785
f 3862//3862 3863//3863 3838//3838 3839//3839
f 3838//3838 3863//3863 3864//3864 3850//3850
f 3855//3855 3866//3866 3865//3865 3859//3859
f 3855//3855 3852//3852 3867//3867 3866//3866
f 3859//3859 3869//3869 3868//3868 3858//3858
f 3859//3859 3865//3865 3870//3870 3869//3869
f 3802//3802 3803//3803 3872//3872 3871//3871
f 3802//3802 3871//3871 3873//3873 3806//3806
f 3871//3871 3875//3875 3874//3874 3873//3873
f 3871//3871 3872//3872 3876//3876 3875//3875
f 3877//3877 3878//3878 3869//3869 3870//3870
f 3877//3877 3879//3879 3806//3806 3873//3873
f 3877//3877 3873//3873 3874//3874 3878//3878
f 3877//3877 3870//3870 3880//3880 3879//3879
f 3819//3819 3882//3882 3881//3881 3816//3816
f 3819//3819 3884//3884 3883//3883 3882//3882
f 3819//3819 3817//3817 3885//3885 3884//3884
f 3881//3881 3886//3886 3815//3815 3816//3816
f 3881//3881 3888//3888 3887//3887 3886//3886
f 3881//3881 3882//3882 3889//3889 3888//3888
f 3890//3890 3884//3884 3885//3885 3825//3825
f 3890//3890 3891//3891 3883//3883 3884//3884
f 3890//3890 3893//3893 3892//3892 3891//3891
f 3890//3890 3825//3825 3822//3822 3893//3893
f 3822//3822 3823//3823 3894//3894 3893//3893
f 3894//3894 3895//3895 3892//3892 3893//3893
f 3894//3894 3823//3823 3828//3828 3896//3896
f 3894//3894 3896//3896 3897//3897 3895//3895
f 3898//3898 3901//3901 3900//3900 3899//3899
f 3898//3898 3902//3902 3831//3831 3832//3832
f 3898//3898 3899//3899 3903//3903 3902//3902
f 3898//3898 3832//3832 3833//3833 3901//3901
f 3903//3903 3899//3899 3905//3905 3904//3904
f 3903//3903 3897//3897 3896//3896 3902//3902
f 3903//3903 3904//3904 3906//3906 3897//3897
f 3899//3899 3900//3900 3907//3907 3905//3905
f 3908//3908 3911//3911 3910//3910 3909//3909
f 3908//3908 3909//3909 3834//3834 3835//3835
f 3908//3908 3835//3835 3861//3861 3912//3912
f 3908//3908 3912//3912 3913//3913 3911//3911
f 3909//3909 3910//3910 3900//3900 3901//3901
f 3909//3909 3901//3901 3833//3833 3834//3834
f 3840//3840 3845//3845 3914//3914 3843//3843
f 3913//3913 3912//3912 3843//3843 3914//3914
f 3913//3913 3914//3914 3916//3916 3915//3915
f 3913//3913 3915//3915 3917//3917 3911//3911
f 3916//3916 3919//3919 3918//3918 3915//3915
f 3916//3916 3914//3914 3845//3845 3920//3920
f 3916//3916 3920//3920 3921//3921 3919//3919
f 3922//3922 3923//3923 3921//3921 3920//3920
f 3922//3922 3920//3920 3845//3845 3846//3846
f 3922//3922 3925//3925 3924//3924 3923//3923
f 3922//3922 3846//3846 3847//3847 3925//3925
f 3856//3856 3924//3924 3925//3925 3853//3853
f 3856//3856 3857//3857 3926//3926 3924//3924
f 3927//3927 3929//3929 3928//3928 3868//3868
f 3927//3927 3931//3931 3930//3930 3929//3929
f 3927//3927 3868//3868 3869//3869 3878//3878
f 3927//3927 3878//3878 3874//3874 3931//3931
f 3857//3857 3858//3858 3868//3868 3928//3928
f 3857//3857 3928//3928 3932//3932 3926//3926
f 2833//2833 3934//3934 3933//3933 2834//2834
f 2833//2833 2826//2826 2827//2827 3934//3934
f 3935//3935 3937//3937 3936//3936 3933//3933
f 3935//3935 3939//3939 3938//3938 3937//3937
f 3935//3935 3941//3941 3940//3940 3939//3939
f 3935//3935 3933//3933 3934//3934 3941//3941
f 3938//3938 3944//3944 3943//3943 3942//3942
f 3938//3938 3939//3939 3889//3889 3944//3944
f 3938//3938 3942//3942 3945//3945 3937//3937
f 3942//3942 3943//3943 3947//3947 3946//3946
f 3942//3942 3946//3946 3948//3948 3945//3945
f 3936//3936 3949//3949 2834//2834 3933//3933
f 3936//3936 3951//3951 3950//3950 3949//3949
f 3936//3936 3937//3937 3945//3945 3951//3951
f 3947//3947 3943//3943 3891//3891 3892//3892
f 3947//3947 3892//3892 3895//3895 3952//3952
f 3947//3947 3952//3952 3953//3953 3946//3946
f 3952//3952 3895//3895 3897//3897 3906//3906
f 3952//3952 3906//3906 3954//3954 3953//3953
f 3904//3904 3905//3905 3956//3956 3955//3955
f 3904//3904 3955//3955 3954//3954 3906//3906
f 3957//3957 3907//3907 3900//3900 3910//3910
f 3957//3957 3959//3959 3958//3958 3907//3907
f 3957//3957 3910//3910 3911//3911 3917//3917
f 3957//3957 3917//3917 3960//3960 3959//3959
f 3956//3956 3962//3962 3961//3961 3955//3955
f 3956//3956 3958//3958 3963//3963 3962//3962
f 3956//3956 3905//3905 3907//3907 3958//3958
f 3963//3963 3958//3958 3959//3959 3964//3964
f 3963//3963 3966//3966 3965//3965 3962//3962
f 3963//3963 3964//3964 3967//3967 3966//3966
f 3964//3964 3959//3959 3960//3960 3968//3968
f 3964//3964 3968//3968 3969//3969 3967//3967
f 3915//3915 3918//3918 3960//3960 3917//3917
f 3970//3970 3973//3973 3972//3972 3971//3971
f 3970//3970 3974//3974 3918//3918 3919//3919
f 3970//3970 3971//3971 3975//3975 3974//3974
f 3970//3970 3919//3919 3921//3921 3973//3973
f 3972//3972 3977//3977 3976//3976 3971//3971
f 3972//3972 3979//3979 3978//3978 3977//3977
f 3972//3972 3973//3973 3980//3980 3979//3979
f 3971//3971 3976//3976 3981//3981 3975//3975
f 3975//3975 3981//3981 3982//3982 3969//3969
f 3975//3975 3969//3969 3968//3968 3974//3974
f 3976//3976 3984//3984 3983//3983 3981//3981
f 3976//3976 3977//3977 3985//3985 3984//3984
f 3986//3986 3985//3985 3977//3977 3978//3978
f 3986//3986 3989//3989 3988//3988 3987//3987
f 3986//3986 3978//3978 3990//3990 3989//3989
f 3986//3986 3987//3987 3991//3991 3985//3985
f 3978//3978 3979//3979 3992//3992 3990//3990
f 3987//3987 3994//3994 3993//3993 3991//3991
f 3987//3987 3988//3988 3995//3995 3994//3994
f 3996//3996 3999//3999 3998//3998 3997//3997
f 3996//3996 3949//3949 3950//3950 3999//3999
f 3996//3996 3997//3997 2831//2831 2832//2832
f 3996//3996 2832//2832 2834//2834 3949//3949
f 3948//3948 3946//3946 3953//3953 4000//4000
f 3948//3948 4001//4001 3951//3951 3945//3945
f 3948//3948 4000//4000 4002//4002 4001//4001
f 4000//4000 3953//3953 3954//3954 4003//4003
f 4000//4000 4003//4003 4004//4004 4002//4002
f 3955//3955 3961//3961 4003//4003 3954//3954
f 4003//4003 3961//3961 4005//4005 4004//4004
f 3962//3962 3965//3965 4005//4005 3961//3961
f 3966//3966 3967//3967 4007//4007 4006//4006
f 3966//3966 4006//4006 4008//4008 3965//3965
f 4006//4006 4010//4010 4009//4009 4008//4008
f 4006//4006 4007//4007 4011//4011 4010//4010
f 4012//4012 4015//4015 4014//4014 4013//4013
f 4012//4012 4013//4013 4017//4017 4016//4016
f 4012//4012 4019//4019 4018//4018 4015//4015
f 4012//4012 4016//4016 4020//4020 4019//4019
f 4013//4013 4014//4014 4021//4021 3983//3983
f 4013//4013 3983//3983 3984//3984 4017//4017
f 4020//4020 4023//4023 4022//4022 4019//4019
f 4020//4020 4025//4025 4024//4024 4023//4023
f 4020//4020 4016//4016 3993//3993 4025//4025
f 3983//3983 4021//4021 3982//3982 3981//3981
f 4016//4016 4017//4017 3991//3991 3993//3993
f 3997//3997 3998//3998 2944//2944 2945//2945
f 3997//3997 2945//2945 2873//2873 2831//2831
f 3998//3998 4027//4027 4026//4026 2944//2944
f 3998//3998 3999//3999 4028//4028 4027//4027
f 3999//3999 3950//3950 4029//4029 4028//4028
f 4029//4029 4031//4031 4030//4030 4028//4028
f 4029//4029 4001//4001 4032//4032 4031//4031
f 4029//4029 3950//3950 3951//3951 4001//4001
f 4033//4033 4032//4032 4035//4035 4034//4034
f 4033//4033 4038//4038 4037//4037 4036//4036
f 4033//4033 4036//4036 4031//4031 4032//4032
f 4033//4033 4034//4034 4039//4039 4038//4038
f 4034//4034 4035//4035 4041//4041 4040//4040
f 4034//4034 4040//4040 4042//4042 4039//4039
f 4043//4043 4005//4005 3965//3965 4008//4008
f 4043//4043 4041//4041 4004//4004 4005//4005
f 4043//4043 4044//4044 4040//4040 4041//4041
f 4043//4043 4008//4008 4009//4009 4044//4044
f 4042//4042 4040//4040 4044//4044 4045//4045
f 4042//4042 4047//4047 4046//4046 4039//4039
f 4042//4042 4045//4045 4048//4048 4047//4047
f 4049//4049 4048//4048 4045//4045 4050//4050
f 4049//4049 4050//4050 4052//4052 4051//4051
f 4049//4049 4051//4051 4054//4054 4053//4053
f 4049//4049 4053//4053 4055//4055 4048//4048
f 4050//4050 4045//4045 4044//4044 4009//4009
f 4050//4050 4009//4009 4010//4010 4052//4052
f 4056//4056 4057//4057 4054//4054 4051//4051
f 4056//4056 4051//4051 4052//4052 4058//4058
f 4056//4056 4058//4058 4014//4014 4015//4015
f 4056//4056 4015//4015 4018//4018 4057//4057
f 4059//4059 4054//4054 4057//4057 4060//4060
f 4059//4059 4061//4061 4053//4053 4054//4054
f 4059//4059 4063//4063 4062//4062 4061//4061
f 4059//4059 4060//4060 4064//4064 4063//4063
f 4060//4060 4066//4066 4065//4065 4064//4064
f 4060//4060 4057//4057 4018//4018 4066//4066
f 4058//4058 4052//4052 4010//4010 4011//4011
f 4058//4058 4011//4011 4021//4021 4014//4014
f 4019//4019 4022//4022 4066//4066 4018//4018
f 4067//4067 4069//4069 4068//4068 4065//4065
f 4067//4067 4022//4022 4023//4023 4070//4070
f 4067//4067 4065//4065 4066//4066 4022//4022
f 4067//4067 4070//4070 4071//4071 4069//4069
f 4065//4065 4068//4068 4072//4072 4064//4064
f 2943//2943 2944//2944 4026//4026 2946//2946
f 4026//4026 4027//4027 4074//4074 4073//4073
f 4026//4026 4073//4073 2982//2982 2946//2946
f 4073//4073 4075//4075 2981//2981 2982//2982
f 4073//4073 4074//4074 4076//4076 4075//4075
f 4077//4077 4079//4079 4078//4078 4076//4076
f 4077//4077 4030//4030 4031//4031 4036//4036
f 4077//4077 4076//4076 4074//4074 4030//4030
f 4077//4077 4036//4036 4037//4037 4079//4079
f 4076//4076 4078//4078 4080//4080 4075//4075
f 4037//4037 4038//4038 4082//4082 4081//4081
f 4037//4037 4081//4081 4083//4083 4079//4079
f 4082//4082 4038//4038 4039//4039 4046//4046
f 4082//4082 4046//4046 4085//4085 4084//4084
f 4082//4082 4084//4084 4086//4086 4081//4081
f 4046//4046 4047//4047 4087//4087 4085//4085
f 4084//4084 4089//4089 4088//4088 4086//4086
f 4084//4084 4085//4085 4090//4090 4089//4089
f 4091//4091 4094//4094 4093//4093 4092//4092
f 4091//4091 4092//4092 4095//4095 4090//4090
f 4091//4091 4090//4090 4085//4085 4087//4087
f 4091//4091 4087//4087 4055//4055 4094//4094
f 4053//4053 4061//4061 4094//4094 4055//4055
f 4093//4093 4094//4094 4061//4061 4062//4062
f 4093//4093 4097//4097 4096//4096 4092//4092
f 4093//4093 4062//4062 4098//4098 4097//4097
f 4062//4062 4063//4063 4099//4099 4098//4098
f 4098//4098 4101//4101 4100//4100 4097//4097
f 4098//4098 4099//4099 4102//4102 4101//4101
f 4072//4072 4068//4068 4104//4104 4103//4103
f 4072//4072 4099//4099 4063//4063 4064//4064
f 4072//4072 4103//4103 4102//4102 4099//4099
f 4068//4068 4069//4069 4105//4105 4104//4104
f 4103//4103 4107//4107 4106//4106 4102//4102
f 4103//4103 4104//4104 4108//4108 4107//4107
f 2982//2982 2983//2983 2942//2942 2946//2946
f 2981//2981 4075//4075 4080//4080 2980//2980
f 4083//4083 4111//4111 4110//4110 4109//4109
f 4083//4083 4081//4081 4086//4086 4111//4111
f 4083//4083 4109//4109 4078//4078 4079//4079
f 4109//4109 4112//4112 4080//4080 4078//4078
f 4109//4109 4110//4110 4113//4113 4112//4112
f 4111//4111 4086//4086 4088//4088 4114//4114
f 4111//4111 4114//4114 4115//4115 4110//4110
f 4114//4114 4117//4117 4116//4116 4115//4115
f 4114//4114 4088//4088 4118//4118 4117//4117
f 4110//4110 4115//4115 4119//4119 4113//4113
f 4120//4120 4089//4089 4090//4090 4095//4095
f 4120//4120 4118//4118 4088//4088 4089//4089
f 4120//4120 4122//4122 4121//4121 4118//4118
f 4120//4120 4095//4095 4123//4123 4122//4122
f 4095//4095 4092//4092 4096//4096 4123//4123
f 4123//4123 4096//4096 4125//4125 4124//4124
f 4123//4123 4124//4124 4126//4126 4122//4122
f 4096//4096 4097//4097 4100//4100 4125//4125
f 4124//4124 4128//4128 4127//4127 4126//4126
f 4124//4124 4125//4125 4129//4129 4128//4128
f 4101//4101 4131//4131 4130//4130 4100//4100
f 4101//4101 4102//4102 4106//4106 4131//4131
f 4130//4130 4129//4129 4125//4125 4100//4100
f 4130//4130 4133//4133 4132//4132 4129//4129
f 4130//4130 4131//4131 4134//4134 4133//4133
f 4131//4131 4106//4106 4135//4135 4134//4134
f 4135//4135 4137//4137 4136//4136 4134//4134
f 4135//4135 4139//4139 4138//4138 4137//4137
f 4135//4135 4106//4106 4107//4107 4139//4139
f 3024//3024 4112//4112 4113//4113 4140//4140
f 3024//3024 4140//4140 3031//3031 3023//3023
f 3024//3024 2980//2980 4080//4080 4112//4112
f 4140//4140 4141//4141 3030//3030 3031//3031
f 4140//4140 4113//4113 4119//4119 4141//4141
f 4142//4142 4145//4145 4144//4144 4143//4143
f 4142//4142 4143//4143 4116//4116 4146//4146
f 4142//4142 4146//4146 4148//4148 4147//4147
f 4142//4142 4147//4147 4149//4149 4145//4145
f 4150//4150 4121//4121 4152//4152 4151//4151
f 4150//4150 4146//4146 4116//4116 4117//4117
f 4150//4150 4151//4151 4148//4148 4146//4146
f 4150//4150 4117//4117 4118//4118 4121//4121
f 4148//4148 4151//4151 4154//4154 4153//4153
f 4148//4148 4153//4153 4155//4155 4147//4147
f 4126//4126 4152//4152 4121//4121 4122//4122
f 4126//4126 4127//4127 4156//4156 4152//4152
f 4127//4127 4128//4128 4158//4158 4157//4157
f 4127//4127 4157//4157 4159//4159 4156//4156
f 4158//4158 4128//4128 4129//4129 4132//4132
f 4158//4158 4161//4161 4160//4160 4157//4157
f 4158//4158 4132//4132 4162//4162 4161//4161
f 4134//4134 4136//4136 4163//4163 4133//4133
f 4136//4136 4165//4165 4164//4164 4163//4163
f 4136//4136 4137//4137 4166//4166 4165//4165
f 4132//4132 4133//4133 4163//4163 4162//4162
f 4163//4163 4164//4164 4167//4167 4162//4162
f 4168//4168 4169//4169 3061//3061 3059//3059
f 4168//4168 4145//4145 4149//4149 4169//4169
f 4168//4168 3059//3059 3057//3057 4170//4170
f 4168//4168 4170//4170 4144//4144 4145//4145
f 4169//4169 4171//4171 3063//3063 3061//3061
f 4169//4169 4149//4149 4172//4172 4171//4171
f 3063//3063 4174//4174 4173//4173 3062//3062
f 3063//3063 4171//4171 4175//4175 4174//4174
f 4151//4151 4152//4152 4156//4156 4154//4154
f 4153//4153 4177//4177 4176//4176 4155//4155
f 4153//4153 4154//4154 4178//4178 4177//4177
f 4178//4178 4154//4154 4156//4156 4159//4159
f 4178//4178 4159//4159 4180//4180 4179//4179
f 4178//4178 4179//4179 4181//4181 4177//4177
f 4159//4159 4157//4157 4160//4160 4180//4180
f 4182//4182 4185//4185 4184//4184 4183//4183
f 4182//4182 4183//4183 4160//4160 4161//4161
f 4182//4182 4161//4161 4162//4162 4167//4167
f 4182//4182 4167//4167 4186//4186 4185//4185
f 4184//4184 4188//4188 4187//4187 4183//4183
f 4184//4184 4190//4190 4189//4189 4188//4188
f 4184//4184 4185//4185 4191//4191 4190//4190
f 4171//4171 4172//4172 4192//4192 4175//4175
f 3074//3074 3073//3073 4173//4173 4193//4193
f 3074//3074 4194//4194 3072//3072 3071//3071
f 3074//3074 4193//4193 4195//4195 4194//4194
f 4196//4196 4199//4199 4198//4198 4197//4197
f 4196//4196 4174//4174 4175//4175 4199//4199
f 4196//4196 4193//4193 4173//4173 4174//4174
f 4196//4196 4197//4197 4195//4195 4193//4193
f 4197//4197 4201//4201 4200//4200 4195//4195
f 4197//4197 4198//4198 4202//4202 4201//4201
f 4192//4192 4176//4176 4204//4204 4203//4203
f 4192//4192 4203//4203 4199//4199 4175//4175
f 4192//4192 4172//4172 4155//4155 4176//4176
f 4203//4203 4205//4205 4198//4198 4199//4199
f 4203//4203 4204//4204 4206//4206 4205//4205
f 4179//4179 4208//4208 4207//4207 4181//4181
f 4179//4179 4180//4180 4187//4187 4208//4208
f 4181//4181 4204//4204 4176//4176 4177//4177
f 4181//4181 4207//4207 4206//4206 4204//4204
f 4207//4207 4210//4210 4209//4209 4206//4206
f 4207//4207 4208//4208 4211//4211 4210//4210
f 4209//4209 4210//4210 4213//4213 4212//4212
f 4209//4209 4214//4214 4205//4205 4206//4206
f 4209//4209 4212//4212 4215//4215 4214//4214
f 4212//4212 4213//4213 4217//4217 4216//4216
f 4212//4212 4216//4216 4218//4218 4215//4215
f 4183//4183 4187//4187 4180//4180 4160//4160
f 4188//4188 4211//4211 4208//4208 4187//4187
f 4188//4188 4189//4189 4219//4219 4211//4211
f 4220//4220 4201//4201 4202//4202 4221//4221
f 4220//4220 4221//4221 4223//4223 4222//4222
f 4220//4220 4224//4224 4200//4200 4201//4201
f 4220//4220 4222//4222 4225//4225 4224//4224
f 4202//4202 4214//4214 4215//4215 4221//4221
f 4202//4202 4198//4198 4205//4205 4214//4214
f 4221//4221 4215//4215 4218//4218 4223//4223
f 4218//4218 4216//4216 4227//4227 4226//4226
f 4218//4218 4226//4226 4228//4228 4223//4223
f 2429//2429 4230//4230 4229//4229 2436//2436
f 2429//2429 2430//2430 4231//4231 4230//4230
f 2436//2436 4229//4229 4232//4232 2437//2437
f 4229//4229 4234//4234 4233//4233 4232//4232
f 4229//4229 4230//4230 4235//4235 4234//4234
f 4236//4236 4238//4238 2444//2444 4237//4237
f 4236//4236 4237//4237 2437//2437 4232//4232
f 4236//4236 4240//4240 4239//4239 4238//4238
f 4236//4236 4232//4232 4233//4233 4240//4240
f 4237//4237 2444//2444 2432//2432 2433//2433
f 4237//4237 2433//2433 2434//2434 2437//2437
f 4241//4241 4242//4242 2442//2442 2443//2443
f 4241//4241 2443//2443 2444//2444 4238//4238
f 4241//4241 4244//4244 4243//4243 4242//4242
f 4241//4241 4238//4238 4239//4239 4244//4244
f 4245//4245 4248//4248 4247//4247 4246//4246
f 4245//4245 4242//4242 4243//4243 4248//4248
f 4245//4245 4246//4246 2449//2449 2441//2441
f 4245//4245 2441//2441 2442//2442 4242//4242
f 2465//2465 2448//2448 4250//4250 4249//4249
f 2465//2465 4249//4249 4251//4251 2463//2463
f 4249//4249 4250//4250 4253//4253 4252//4252
f 4249//4249 4252//4252 4254//4254 4251//4251
f 4246//4246 4250//4250 2448//2448 2449//2449
f 4246//4246 4247//4247 4253//4253 4250//4250
f 2475//2475 2484//2484 4255//4255 2478//2478
f 4256//4256 4259//4259 4258//4258 4257//4257
f 4256//4256 2485//2485 4260//4260 4259//4259
f 4256//4256 4255//4255 2484//2484 2485//2485
f 4256//4256 4257//4257 4261//4261 4255//4255
f 4257//4257 4263//4263 4262//4262 4261//4261
f 4257//4257 4258//4258 4264//4264 4263//4263
f 2477//2477 4266//4266 4265//4265 2476//2476
f 2477//2477 2478//2478 4267//4267 4266//4266
f 2476//2476 4265//4265 4268//4268 2501//2501
f 4261//4261 4267//4267 2478//2478 4255//4255
f 4261//4261 4262//4262 4269//4269 4267//4267
f 2502//2502 4270//4270 3634//3634 2492//2492
f 2502//2502 2503//2503 4271//4271 4270//4270
f 3633//3633 3634//3634 4270//4270 3641//3641
f 3641//3641 4270//4270 4271//4271 3716//3716
f 2503//2503 4273//4273 4272//4272 4271//4271
f 2503//2503 2498//2498 4274//4274 4273//4273
f 2495//2495 2496//2496 2499//2499 4275//4275
f 2495//2495 4275//4275 4274//4274 2498//2498
f 4275//4275 2499//2499 4277//4277 4276//4276
f 4275//4275 4276//4276 4278//4278 4274//4274
f 4276//4276 4280//4280 4279//4279 4278//4278
f 4276//4276 4277//4277 4268//4268 4280//4280
f 4278//4278 4281//4281 4273//4273 4274//4274
f 4278//4278 4279//4279 4282//4282 4281//4281
f 4265//4265 4266//4266 4284//4284 4283//4283
f 4265//4265 4283//4283 4280//4280 4268//4268
f 4283//4283 4285//4285 4279//4279 4280//4280
f 4283//4283 4284//4284 4286//4286 4285//4285
f 4287//4287 3207//3207 4289//4289 4288//4288
f 4287//4287 4288//4288 4235//4235 4290//4290
f 4287//4287 4290//4290 3120//3120 3163//3163
f 4287//4287 3163//3163 3164//3164 3207//3207
f 4288//4288 4289//4289 4292//4292 4291//4291
f 4288//4288 4291//4291 4234//4234 4235//4235
f 4291//4291 4292//4292 4294//4294 4293//4293
f 4291//4291 4293//4293 4233//4233 4234//4234
f 4233//4233 4293//4293 4295//4295 4240//4240
f 4293//4293 4294//4294 4296//4296 4295//4295
f 4239//4239 4240//4240 4295//4295 4297//4297
f 4239//4239 4297//4297 4298//4298 4244//4244
f 4297//4297 4300//4300 4299//4299 4298//4298
f 4297//4297 4295//4295 4296//4296 4300//4300
f 4298//4298 4301//4301 4243//4243 4244//4244
f 4298//4298 4299//4299 4302//4302 4301//4301
f 4248//4248 4243//4243 4301//4301 4303//4303
f 4248//4248 4303//4303 4304//4304 4247//4247
f 4303//4303 4306//4306 4305//4305 4304//4304
f 4303//4303 4301//4301 4302//4302 4306//4306
f 4253//4253 4247//4247 4304//4304 4307//4307
f 4253//4253 4307//4307 4308//4308 4252//4252
f 4307//4307 4304//4304 4305//4305 4309//4309
f 4307//4307 4309//4309 4310//4310 4308//4308
f 4259//4259 4260//4260 4312//4312 4311//4311
f 4259//4259 4311//4311 4313//4313 4258//4258
f 4263//4263 4315//4315 4314//4314 4262//4262
f 4263//4263 4264//4264 4316//4316 4315//4315
f 4264//4264 4318//4318 4317//4317 4316//4316
f 4264//4264 4258//4258 4313//4313 4318//4318
f 4313//4313 4320//4320 4319//4319 4318//4318
f 4313//4313 4311//4311 4321//4321 4320//4320
f 4319//4319 4324//4324 4323//4323 4322//4322
f 4319//4319 4320//4320 4325//4325 4324//4324
f 4319//4319 4322//4322 4317//4317 4318//4318
f 4269//4269 4284//4284 4266//4266 4267//4267
f 4269//4269 4326//4326 4286//4286 4284//4284
f 4269//4269 4262//4262 4314//4314 4326//4326
f 4271//4271 4272//4272 4327//4327 3716//3716
f 4279//4279 4285//4285 4328//4328 4282//4282
f 4286//4286 4329//4329 4328//4328 4285//4285
f 4286//4286 4326//4326 4330//4330 4329//4329
f 4328//4328 4329//4329 4332//4332 4331//4331
f 4328//4328 4331//4331 4333//4333 4282//4282
f 4272//4272 4335//4335 4334//4334 4327//4327
f 4272//4272 4273//4273 4281//4281 4335//4335
f 4336//4336 4289//4289 3207//3207 3204//3204
f 4336//4336 4339//4339 4338//4338 4337//4337
f 4336//4336 4337//4337 4292//4292 4289//4289
f 4336//4336 3204//3204 3205//3205 4339//4339
f 4337//4337 4340//4340 4294//4294 4292//4292
f 4337//4337 4338//4338 4341//4341 4340//4340
f 4342//4342 4343//4343 4299//4299 4300//4300
f 4342//4342 4300//4300 4296//4296 4344//4344
f 4342//4342 4344//4344 4346//4346 4345//4345
f 4342//4342 4345//4345 4347//4347 4343//4343
f 4302//4302 4299//4299 4343//4343 4348//4348
f 4302//4302 4348//4348 4349//4349 4306//4306
f 4350//4350 4310//4310 4309//4309 4351//4351
f 4350//4350 4353//4353 4352//4352 4323//4323
f 4350//4350 4323//4323 4324//4324 4310//4310
f 4350//4350 4351//4351 4354//4354 4353//4353
f 4351//4351 4309//4309 4305//4305 4355//4355
f 4351//4351 4355//4355 4356//4356 4354//4354
f 4355//4355 4349//4349 4357//4357 4356//4356
f 4355//4355 4305//4305 4306//4306 4349//4349
f 4358//4358 4315//4315 4316//4316 4359//4359
f 4358//4358 4359//4359 4361//4361 4360//4360
f 4358//4358 4362//4362 4314//4314 4315//4315
f 4358//4358 4360//4360 4363//4363 4362//4362
f 4359//4359 4365//4365 4364//4364 4361//4361
f 4359//4359 4316//4316 4317//4317 4365//4365
f 4361//4361 4367//4367 4366//4366 4360//4360
f 4361//4361 4364//4364 4368//4368 4367//4367
f 4322//4322 4323//4323 4352//4352 4369//4369
f 4322//4322 4369//4369 4365//4365 4317//4317
f 4369//4369 4370//4370 4364//4364 4365//4365
f 4369//4369 4352//4352 4371//4371 4370//4370
f 4310//4310 4324//4324 4325//4325 4308//4308
f 4330//4330 4362//4362 4363//4363 4372//4372
f 4330//4330 4326//4326 4314//4314 4362//4362
f 4330//4330 4372//4372 4332//4332 4329//4329
f 4363//4363 4374//4374 4373//4373 4372//4372
f 4363//4363 4360//4360 4366//4366 4374//4374
f 4372//4372 4373//4373 4375//4375 4332//4332
f 4376//4376 4377//4377 3713//3713 3714//3714
f 4376//4376 3714//3714 3715//3715 4378//4378
f 4376//4376 4380//4380 4379//4379 4377//4377
f 4376//4376 4378//4378 4381//4381 4380//4380
f 4334//4334 4335//4335 4333//4333 4382//4382
f 4334//4334 4381//4381 4378//4378 4327//4327
f 4334//4334 4382//4382 4383//4383 4381//4381
f 4331//4331 4384//4384 4382//4382 4333//4333
f 4331//4331 4332//4332 4375//4375 4384//4384
f 4333//4333 4335//4335 4281//4281 4282//4282
f 4382//4382 4384//4384 4385//4385 4383//4383
f 4384//4384 4375//4375 4386//4386 4385//4385
f 4327//4327 4378//4378 3715//3715 3716//3716
f 4387//4387 4339//4339 3205//3205 4388//4388
f 4387//4387 4389//4389 4338//4338 4339//4339
f 4387//4387 4388//4388 4391//4391 4390//4390
f 4387//4387 4390//4390 4392//4392 4389//4389
f 3262//3262 3266//3266 4391//4391 4388//4388
f 3262//3262 4388//4388 3205//3205 3206//3206
f 3266//3266 3267//3267 4393//4393 4391//4391
f 4392//4392 4390//4390 4395//4395 4394//4394
f 4392//4392 4397//4397 4396//4396 4389//4389
f 4392//4392 4394//4394 4398//4398 4397//4397
f 4396//4396 4397//4397 4400//4400 4399//4399
f 4396//4396 4399//4399 4346//4346 4341//4341
f 4396//4396 4341//4341 4338//4338 4389//4389
f 4346//4346 4344//4344 4340//4340 4341//4341
f 4346//4346 4399//4399 4401//4401 4345//4345
f 4399//4399 4400//4400 4402//4402 4401//4401
f 4403//4403 4357//4357 4349//4349 4348//4348
f 4403//4403 4405//4405 4404//4404 4357//4357
f 4403//4403 4348//4348 4343//4343 4347//4347
f 4403//4403 4347//4347 4406//4406 4405//4405
f 4406//4406 4347//4347 4345//4345 4401//4401
f 4406//4406 4408//4408 4407//4407 4405//4405
f 4406//4406 4401//4401 4402//4402 4408//4408
f 4357//4357 4404//4404 4409//4409 4356//4356
f 4356//4356 4409//4409 4410//4410 4354//4354
f 4411//4411 4414//4414 4413//4413 4412//4412
f 4411//4411 4412//4412 4416//4416 4415//4415
f 4411//4411 4418//4418 4417//4417 4414//4414
f 4411//4411 4415//4415 4419//4419 4418//4418
f 4412//4412 4413//4413 4421//4421 4420//4420
f 4412//4412 4420//4420 4422//4422 4416//4416
f 4421//4421 4413//4413 4424//4424 4423//4423
f 4421//4421 3932//3932 4425//4425 4420//4420
f 4421//4421 4423//4423 4426//4426 3932//3932
f 4427//4427 4430//4430 4429//4429 4428//4428
f 4427//4427 4431//4431 4367//4367 4368//4368
f 4427//4427 4368//4368 4432//4432 4430//4430
f 4427//4427 4428//4428 4433//4433 4431//4431
f 4428//4428 4435//4435 4434//4434 4433//4433
f 4428//4428 4429//4429 4436//4436 4435//4435
f 4429//4429 4438//4438 4437//4437 4436//4436
f 4429//4429 4430//4430 4439//4439 4438//4438
f 4368//4368 4364//4364 4370//4370 4432//4432
f 4430//4430 4432//4432 4440//4440 4439//4439
f 4439//4439 4442//4442 4441//4441 4438//4438
f 4439//4439 4440//4440 4443//4443 4442//4442
f 4371//4371 4444//4444 4443//4443 4440//4440
f 4371//4371 4352//4352 4353//4353 4444//4444
f 4371//4371 4440//4440 4432//4432 4370//4370
f 4443//4443 4446//4446 4445//4445 4442//4442
f 4443//4443 4444//4444 4410//4410 4446//4446
f 4354//4354 4410//4410 4444//4444 4353//4353
f 4374//4374 4366//4366 4448//4448 4447//4447
f 4374//4374 4447//4447 4449//4449 4373//4373
f 4447//4447 4451//4451 4450//4450 4449//4449
f 4447//4447 4448//4448 4452//4452 4451//4451
f 4452//4452 4448//4448 4431//4431 4433//4433
f 4452//4452 4454//4454 4453//4453 4451//4451
f 4452//4452 4433//4433 4434//4434 4454//4454
f 3874//3874 3875//3875 4455//4455 3931//3931
f 4456//4456 4459//4459 4458//4458 4457//4457
f 4456//4456 4461//4461 3876//3876 4460//4460
f 4456//4456 4460//4460 4462//4462 4459//4459
f 4456//4456 4457//4457 4463//4463 4461//4461
f 4386//4386 4375//4375 4373//4373 4449//4449
f 4386//4386 4458//4458 4459//4459 4385//4385
f 4386//4386 4449//4449 4450//4450 4458//4458
f 3803//3803 4377//4377 4379//4379 3872//3872
f 3803//3803 3804//3804 3713//3713 4377//4377
f 3872//3872 4379//4379 4460//4460 3876//3876
f 4385//4385 4459//4459 4462//4462 4383//4383
f 4383//4383 4462//4462 4380//4380 4381//4381
f 4395//4395 4465//4465 4464//4464 4394//4394
f 4395//4395 4390//4390 4391//4391 4393//4393
f 4395//4395 4393//4393 4466//4466 4465//4465
f 4467//4467 4469//4469 3355//3355 4468//4468
f 4467//4467 4470//4470 4464//4464 4465//4465
f 4467//4467 4465//4465 4466//4466 4469//4469
f 4467//4467 4468//4468 4471//4471 4470//4470
f 4472//4472 4473//4473 3311//3311 3350//3350
f 4472//4472 3350//3350 3351//3351 3354//3354
f 4472//4472 4469//4469 4466//4466 4473//4473
f 4472//4472 3354//3354 3355//3355 4469//4469
f 4394//4394 4464//4464 4474//4474 4398//4398
f 4474//4474 4464//4464 4470//4470 4475//4475
f 4474//4474 4477//4477 4476//4476 4398//4398
f 4474//4474 4475//4475 4478//4478 4477//4477
f 4476//4476 4479//4479 4402//4402 4400//4400
f 4476//4476 4400//4400 4397//4397 4398//4398
f 4476//4476 4477//4477 4480//4480 4479//4479
f 4475//4475 4470//4470 4471//4471 4481//4481
f 4475//4475 4481//4481 4482//4482 4478//4478
f 4402//4402 4479//4479 4483//4483 4408//4408
f 4484//4484 4487//4487 4486//4486 4485//4485
f 4484//4484 4485//4485 4489//4489 4488//4488
f 4484//4484 4488//4488 4491//4491 4490//4490
f 4484//4484 4490//4490 4492//4492 4487//4487
f 4485//4485 4494//4494 4493//4493 4489//4489
f 4485//4485 4486//4486 4495//4495 4494//4494
f 4483//4483 4479//4479 4480//4480 4496//4496
f 4483//4483 4496//4496 4487//4487 4492//4492
f 4483//4483 4492//4492 4407//4407 4408//4408
f 4497//4497 4441//4441 4499//4499 4498//4498
f 4497//4497 4437//4437 4438//4438 4441//4441
f 4497//4497 4498//4498 4501//4501 4500//4500
f 4497//4497 4500//4500 4502//4502 4437//4437
f 4491//4491 4445//4445 4446//4446 4503//4503
f 4491//4491 4503//4503 4504//4504 4490//4490
f 4491//4491 4488//4488 4499//4499 4445//4445
f 4489//4489 4498//4498 4499//4499 4488//4488
f 4489//4489 4493//4493 4501//4501 4498//4498
f 4503//4503 4446//4446 4410//4410 4409//4409
f 4503//4503 4409//4409 4404//4404 4504//4504
f 4490//4490 4504//4504 4407//4407 4492//4492
f 4425//4425 3929//3929 3930//3930 4505//4505
f 4425//4425 3932//3932 3928//3928 3929//3929
f 4425//4425 4505//4505 4422//4422 4420//4420
f 4423//4423 4424//4424 4507//4507 4506//4506
f 4423//4423 4506//4506 3992//3992 4426//4426
f 4508//4508 4415//4415 4416//4416 4509//4509
f 4508//4508 4512//4512 4511//4511 4510//4510
f 4508//4508 4510//4510 4419//4419 4415//4415
f 4508//4508 4509//4509 4513//4513 4512//4512
f 4509//4509 4416//4416 4422//4422 4514//4514
f 4509//4509 4514//4514 4515//4515 4513//4513
f 4422//4422 4505//4505 4516//4516 4514//4514
f 4510//4510 4511//4511 4518//4518 4517//4517
f 4510//4510 4517//4517 4519//4519 4419//4419
f 4517//4517 4518//4518 4521//4521 4520//4520
f 4517//4517 4520//4520 4522//4522 4519//4519
f 4436//4436 4523//4523 4511//4511 4435//4435
f 4436//4436 4437//4437 4502//4502 4523//4523
f 4499//4499 4441//4441 4442//4442 4445//4445
f 4505//4505 3930//3930 4524//4524 4516//4516
f 4514//4514 4516//4516 4525//4525 4515//4515
f 4453//4453 4526//4526 4450//4450 4451//4451
f 4453//4453 4515//4515 4525//4525 4526//4526
f 4453//4453 4454//4454 4513//4513 4515//4515
f 4455//4455 4524//4524 3930//3930 3931//3931
f 4455//4455 4461//4461 4463//4463 4524//4524
f 4455//4455 3875//3875 3876//3876 4461//4461
f 4457//4457 4458//4458 4450//4450 4526//4526
f 4457//4457 4526//4526 4525//4525 4463//4463
f 4468//4468 3362//3362 4527//4527 4471//4471
f 4468//4468 3355//3355 3356//3356 3362//3362
f 3359//3359 4528//4528 4527//4527 3362//3362
f 3359//3359 3360//3360 4529//4529 4528//4528
f 4530//4530 4533//4533 4532//4532 4531//4531
f 4530//4530 4531//4531 4482//4482 4481//4481
f 4530//4530 4481//4481 4471//4471 4527//4527
f 4530//4530 4527//4527 4528//4528 4533//4533
f 4531//4531 4532//4532 4535//4535 4534//4534
f 4531//4531 4534//4534 4536//4536 4482//4482
f 4534//4534 4538//4538 4537//4537 4536//4536
f 4534//4534 4535//4535 4539//4539 4538//4538
f 4478//4478 4482//4482 4536//4536 4540//4540
f 4478//4478 4540//4540 4480//4480 4477//4477
f 4536//4536 4537//4537 4541//4541 4540//4540
f 4540//4540 4541//4541 4496//4496 4480//4480
f 4541//4541 4486//4486 4487//4487 4496//4496
f 4541//4541 4537//4537 4495//4495 4486//4486
f 4495//4495 4537//4537 4538//4538 4542//4542
f 4495//4495 4542//4542 4543//4543 4494//4494
f 4542//4542 4545//4545 4544//4544 4543//4543
f 4542//4542 4538//4538 4539//4539 4545//4545
f 4546//4546 4549//4549 4548//4548 4547//4547
f 4546//4546 4547//4547 4551//4551 4550//4550
f 4546//4546 4522//4522 4520//4520 4549//4549
f 4546//4546 4550//4550 4552//4552 4522//4522
f 4547//4547 4548//4548 4554//4554 4553//4553
f 4547//4547 4553//4553 4555//4555 4551//4551
f 4553//4553 4557//4557 4556//4556 4555//4555
f 4553//4553 4554//4554 4558//4558 4557//4557
f 4559//4559 4562//4562 4561//4561 4560//4560
f 4559//4559 4565//4565 4564//4564 4563//4563
f 4559//4559 4563//4563 4566//4566 4562//4562
f 4559//4559 4560//4560 4567//4567 4565//4565
f 4493//4493 4494//4494 4543//4543 4561//4561
f 4493//4493 4561//4561 4562//4562 4501//4501
f 4543//4543 4544//4544 4560//4560 4561//4561
f 4550//4550 4551//4551 3995//3995 3988//3988
f 4550//4550 3988//3988 3989//3989 4552//4552
f 3989//3989 3990//3990 4568//4568 4552//4552
f 4551//4551 4555//4555 4569//4569 3995//3995
f 4570//4570 4521//4521 4572//4572 4571//4571
f 4570//4570 4571//4571 4574//4574 4573//4573
f 4570//4570 4573//4573 4548//4548 4549//4549
f 4570//4570 4549//4549 4520//4520 4521//4521
f 4571//4571 4576//4576 4575//4575 4574//4574
f 4571//4571 4572//4572 4577//4577 4576//4576
f 4577//4577 4578//4578 4566//4566 4563//4563
f 4577//4577 4572//4572 4579//4579 4578//4578
f 4577//4577 4563//4563 4564//4564 4576//4576
f 3360//3360 3385//3385 4580//4580 4529//4529
f 3386//3386 3387//3387 3431//3431 4581//4581
f 3386//3386 4581//4581 4580//4580 3385//3385
f 4582//4582 4585//4585 4584//4584 4583//4583
f 4582//4582 4532//4532 4533//4533 4586//4586
f 4582//4582 4583//4583 4535//4535 4532//4532
f 4582//4582 4586//4586 4587//4587 4585//4585
f 4539//4539 4535//4535 4583//4583 4588//4588
f 4539//4539 4588//4588 4589//4589 4545//4545
f 4583//4583 4584//4584 4590//4590 4588//4588
f 4591//4591 4593//4593 4567//4567 4592//4592
f 4591//4591 4596//4596 4595//4595 4594//4594
f 4591//4591 4594//4594 4597//4597 4593//4593
f 4591//4591 4592//4592 4589//4589 4596//4596
f 4592//4592 4544//4544 4545//4545 4589//4589
f 4592//4592 4567//4567 4560//4560 4544//4544
f 4589//4589 4588//4588 4590//4590 4596//4596
f 4598//4598 4601//4601 4600//4600 4599//4599
f 4598//4598 4603//4603 4602//4602 4601//4601
f 4598//4598 4599//4599 4605//4605 4604//4604
f 4598//4598 4604//4604 4606//4606 4603//4603
f 4573//4573 4607//4607 4554//4554 4548//4548
f 4573//4573 4574//4574 4608//4608 4607//4607
f 4554//4554 4607//4607 4609//4609 4558//4558
f 4602//4602 4558//4558 4609//4609 4610//4610
f 4602//4602 4610//4610 4611//4611 4601//4601
f 4602//4602 4603//4603 4557//4557 4558//4558
f 4610//4610 4613//4613 4612//4612 4611//4611
f 4610//4610 4609//4609 4614//4614 4613//4613
f 4574//4574 4575//4575 4615//4615 4608//4608
f 4615//4615 4618//4618 4617//4617 4616//4616
f 4615//4615 4616//4616 4614//4614 4608//4608
f 4615//4615 4575//4575 4619//4619 4618//4618
f 4564//4564 4619//4619 4575//4575 4576//4576
f 4564//4564 4565//4565 4620//4620 4619//4619
f 4581//4581 4621//4621 4587//4587 4580//4580
f 4581//4581 3431//3431 4622//4622 4621//4621
f 4587//4587 4586//4586 4529//4529 4580//4580
f 4587//4587 4621//4621 4623//4623 4585//4585
f 4623//4623 4621//4621 4622//4622 4624//4624
f 4623//4623 4625//4625 4584//4584 4585//4585
f 4623//4623 4624//4624 4626//4626 4625//4625
f 4624//4624 4628//4628 4627//4627 4626//4626
f 4624//4624 4622//4622 4629//4629 4628//4628
f 4627//4627 4631//4631 4630//4630 4626//4626
f 4627//4627 4633//4633 4632//4632 4631//4631
f 4627//4627 4628//4628 4634//4634 4633//4633
f 4597//4597 4594//4594 4636//4636 4635//4635
f 4597//4597 4637//4637 4620//4620 4593//4593
f 4597//4597 4635//4635 4638//4638 4637//4637
f 4635//4635 4636//4636 4640//4640 4639//4639
f 4635//4635 4639//4639 4641//4641 4638//4638
f 4640//4640 4643//4643 4642//4642 4639//4639
f 4640//4640 4636//4636 4645//4645 4644//4644
f 4640//4640 4644//4644 4646//4646 4643//4643
f 4639//4639 4642//4642 4647//4647 4641//4641
f 4594//4594 4595//4595 4645//4645 4636//4636
f 4648//4648 4649//4649 4071//4071 4070//4070
f 4648//4648 4070//4070 4023//4023 4024//4024
f 4648//4648 4605//4605 4599//4599 4649//4649
f 4648//4648 4024//4024 4650//4650 4605//4605
f 4599//4599 4600//4600 4651//4651 4649//4649
f 4071//4071 4652//4652 4105//4105 4069//4069
f 4071//4071 4649//4649 4651//4651 4652//4652
f 4651//4651 4654//4654 4653//4653 4652//4652
f 4651//4651 4600//4600 4655//4655 4654//4654
f 4653//4653 4658//4658 4657//4657 4656//4656
f 4653//4653 4656//4656 4105//4105 4652//4652
f 4653//4653 4654//4654 4659//4659 4658//4658
f 4611//4611 4655//4655 4600//4600 4601//4601
f 4611//4611 4612//4612 4660//4660 4655//4655
f 4655//4655 4660//4660 4659//4659 4654//4654
f 4616//4616 4661//4661 4613//4613 4614//4614
f 4616//4616 4617//4617 4662//4662 4661//4661
f 4617//4617 4638//4638 4641//4641 4662//4662
f 4617//4617 4618//4618 4637//4637 4638//4638
f 4612//4612 4613//4613 4661//4661 4663//4663
f 4612//4612 4663//4663 4664//4664 4660//4660
f 4665//4665 4666//4666 3464//3464 3465//3465
f 4665//4665 3465//3465 3511//3511 4667//4667
f 4665//4665 4667//4667 4669//4669 4668//4668
f 4665//4665 4668//4668 4670//4670 4666//4666
f 4671//4671 4674//4674 4673//4673 4672//4672
f 4671//4671 4672//4672 4633//4633 4634//4634
f 4671//4671 4634//4634 4676//4676 4675//4675
f 4671//4671 4675//4675 4677//4677 4674//4674
f 4644//4644 4631//4631 4632//4632 4646//4646
f 4644//4644 4645//4645 4630//4630 4631//4631
f 4672//4672 4678//4678 4632//4632 4633//4633
f 4672//4672 4673//4673 4679//4679 4678//4678
f 4646//4646 4632//4632 4678//4678 4680//4680
f 4646//4646 4680//4680 4681//4681 4643//4643
f 4105//4105 4656//4656 4108//4108 4104//4104
f 4656//4656 4657//4657 4682//4682 4108//4108
f 4657//4657 4684//4684 4683//4683 4682//4682
f 4657//4657 4658//4658 4685//4685 4684//4684
f 4686//4686 4688//4688 4687//4687 4647//4647
f 4686//4686 4647//4647 4642//4642 4689//4689
f 4686//4686 4691//4691 4690//4690 4688//4688
f 4686//4686 4689//4689 4692//4692 4691//4691
f 4667//4667 3511//3511 3512//3512 4693//4693
f 4667//4667 4693//4693 4694//4694 4669//4669
f 4693//4693 4696//4696 4695//4695 4694//4694
f 4693//4693 3512//3512 3515//3515 4696//4696
f 4697//4697 4700//4700 4699//4699 4698//4698
f 4697//4697 4701//4701 4673//4673 4674//4674
f 4697//4697 4674//4674 4677//4677 4700//4700
f 4697//4697 4698//4698 4702//4702 4701//4701
f 4694//4694 4700//4700 4677//4677 4669//4669
f 4694//4694 4695//4695 4699//4699 4700//4700
f 4679//4679 4673//4673 4701//4701 4703//4703
f 4679//4679 4704//4704 4680//4680 4678//4678
f 4679//4679 4703//4703 4705//4705 4704//4704
f 4706//4706 4704//4704 4705//4705 4707//4707
f 4706//4706 4707//4707 4708//4708 4692//4692
f 4706//4706 4692//4692 4689//4689 4681//4681
f 4706//4706 4681//4681 4680//4680 4704//4704
f 4707//4707 4710//4710 4709//4709 4708//4708
f 4707//4707 4705//4705 4711//4711 4710//4710
f 4703//4703 4712//4712 4711//4711 4705//4705
f 4703//4703 4701//4701 4702//4702 4712//4712
f 4682//4682 4139//4139 4107//4107 4108//4108
f 4682//4682 4683//4683 4138//4138 4139//4139
f 4684//4684 4685//4685 4714//4714 4713//4713
f 4684//4684 4713//4713 4715//4715 4683//4683
f 4713//4713 4714//4714 4717//4717 4716//4716
f 4713//4713 4716//4716 4718//4718 4715//4715
f 4714//4714 4685//4685 4719//4719 4690//4690
f 4714//4714 4690//4690 4691//4691 4717//4717
f 4716//4716 4709//4709 4720//4720 4718//4718
f 4716//4716 4717//4717 4708//4708 4709//4709
f 4692//4692 4708//4708 4717//4717 4691//4691
f 4721//4721 4699//4699 4695//4695 4722//4722
f 4721//4721 4723//4723 4698//4698 4699//4699
f 4721//4721 4725//4725 4724//4724 4723//4723
f 4721//4721 4722//4722 4726//4726 4725//4725
f 4722//4722 4695//4695 4696//4696 4727//4727
f 4722//4722 4727//4727 4728//4728 4726//4726
f 3515//3515 3541//3541 4727//4727 4696//4696
f 4724//4724 4731//4731 4730//4730 4729//4729
f 4724//4724 4729//4729 4732//4732 4723//4723
f 4724//4724 4725//4725 4733//4733 4731//4731
f 4734//4734 4712//4712 4702//4702 4732//4732
f 4734//4734 4737//4737 4736//4736 4735//4735
f 4734//4734 4732//4732 4729//4729 4737//4737
f 4734//4734 4735//4735 4711//4711 4712//4712
f 4732//4732 4702//4702 4698//4698 4723//4723
f 4735//4735 4736//4736 4739//4739 4738//4738
f 4735//4735 4738//4738 4710//4710 4711//4711
f 4729//4729 4730//4730 4740//4740 4737//4737
f 4737//4737 4740//4740 4741//4741 4736//4736
f 4742//4742 4744//4744 4743//4743 4186//4186
f 4742//4742 4746//4746 4745//4745 4744//4744
f 4742//4742 4164//4164 4165//4165 4746//4746
f 4742//4742 4186//4186 4167//4167 4164//4164
f 4738//4738 4720//4720 4709//4709 4710//4710
f 4738//4738 4739//4739 4747//4747 4720//4720
f 4736//4736 4741//4741 4748//4748 4739//4739
f 4739//4739 4748//4748 4749//4749 4747//4747
f 4137//4137 4138//4138 4750//4750 4166//4166
f 4138//4138 4683//4683 4715//4715 4750//4750
f 4750//4750 4752//4752 4751//4751 4166//4166
f 4750//4750 4715//4715 4718//4718 4752//4752
f 4718//4718 4720//4720 4747//4747 4752//4752
f 4753//4753 4754//4754 3565//3565 3563//3563
f 4753//4753 4755//4755 4731//4731 4733//4733
f 4753//4753 4733//4733 4756//4756 4754//4754
f 4753//4753 3563//3563 3564//3564 4755//4755
f 4748//4748 4757//4757 4745//4745 4749//4749
f 4748//4748 4741//4741 4758//4758 4757//4757
f 4186//4186 4743//4743 4191//4191 4185//4185
f 4743//4743 4744//4744 4760//4760 4759//4759
f 4743//4743 4759//4759 4761//4761 4191//4191
f 4744//4744 4745//4745 4757//4757 4760//4760
f 4745//4745 4746//4746 4751//4751 4749//4749
f 4760//4760 4763//4763 4762//4762 4759//4759
f 4760//4760 4757//4757 4758//4758 4763//4763
f 4759//4759 4762//4762 4764//4764 4761//4761
f 3573//3573 3574//3574 4766//4766 4765//4765
f 3573//3573 4765//4765 4767//4767 3566//3566
f 4768//4768 4228//4228 4226//4226 4769//4769
f 4768//4768 3575//3575 4770//4770 4228//4228
f 4768//4768 4766//4766 3574//3574 3575//3575
f 4768//4768 4769//4769 4771//4771 4766//4766
f 4769//4769 4773//4773 4772//4772 4771//4771
f 4769//4769 4226//4226 4227//4227 4773//4773
f 4774//4774 4775//4775 4761//4761 4764//4764
f 4774//4774 4764//4764 4772//4772 4773//4773
f 4774//4774 4777//4777 4776//4776 4775//4775
f 4774//4774 4773//4773 4227//4227 4777//4777
f 4764//4764 4762//4762 4778//4778 4772//4772
f 4779//4779 4782//4782 4781//4781 4780//4780
f 4779//4779 4763//4763 4758//4758 4782//4782
f 4779//4779 4778//4778 4762//4762 4763//4763
f 4779//4779 4780//4780 4783//4783 4778//4778
f 4772//4772 4778//4778 4783//4783 4771//4771
f 4770//4770 3575//3575 3569//3569 3571//3571
f 4770//4770 3571//3571 4225//4225 4222//4222
f 4770//4770 4222//4222 4223//4223 4228//4228
f 3571//3571 3570//3570 3572//3572 4225//4225
f 4225//4225 3572//3572 4784//4784 4224//4224
f 55//55 19//19 20//20 4785//4785
f 55//55 4785//4785 9//9 5//5
f 55//55 5//5 6//6 54//54
f 9//9 4787//4787 4786//4786 4//4
f 9//9 4785//4785 4788//4788 4787//4787
f 4785//4785 20//20 21//21 4788//4788
f 7//7 12//12 46//46 6//6
f 4//4 4786//4786 1859//1859 3//3
f 54//54 6//6 46//46 47//47
f 33//33 35//35 58//58 91//91
f 73//73 122//122 4789//4789 79//79
f 79//79 4789//4789 112//112 25//25
f 25//25 112//112 113//113 24//24
f 112//112 4789//4789 127//127 111//111
f 82//82 89//89 202//202 86//86
f 85//85 56//56 92//92 134//134
f 111//111 127//127 128//128 117//117
f 101//101 65//65 203//203 121//121
f 122//122 123//123 127//127 4789//4789
f 202//202 203//203 4790//4790 86//86
f 155//155 156//156 192//192 157//157
f 148//148 149//149 224//224 220//220
f 147//147 189//189 249//249 142//142
f 146//146 157//157 4791//4791 169//169
f 169//169 4791//4791 4792//4792 188//188
f 157//157 192//192 193//193 4791//4791
f 156//156 160//160 191//191 192//192
f 106//106 107//107 126//126 105//105
f 119//119 208//208 214//214 171//171
f 215//215 266//266 213//213 210//210
f 215//215 216//216 135//135 1387//1387
f 249//249 250//250 141//141 142//142
f 250//250 234//234 235//235 278//278
f 250//250 278//278 150//150 141//141
f 246//246 241//241 4793//4793 301//301
f 248//248 4793//4793 241//241 242//242
f 248//248 182//182 251//251 4793//4793
f 4793//4793 251//251 257//257 301//301
f 257//257 258//258 300//300 301//301
f 254//254 255//255 314//314 313//313
f 256//256 263//263 314//314 255//255
f 229//229 230//230 281//281 913//913
f 245//245 298//298 299//299 244//244
f 270//270 271//271 331//331 337//337
f 285//285 338//338 380//380 283//283
f 341//341 387//387 4794//4794 342//342
f 334//334 426//426 368//368 333//333
f 334//334 365//365 408//408 426//426
f 372//372 373//373 427//427 439//439
f 350//350 447//447 448//448 389//389
f 402//402 1550//1550 1553//1553 404//404
f 412//412 413//413 4795//4795 420//420
f 390//390 389//389 448//448 451//451
f 390//390 451//451 413//413 414//414
f 390//390 414//414 415//415 388//388
f 451//451 452//452 4795//4795 413//413
f 432//432 493//493 491//491 443//443
f 432//432 433//433 434//434 493//493
f 454//454 501//501 497//497 450//450
f 454//454 455//455 462//462 501//501
f 460//460 463//463 4796//4796 461//461
f 461//461 1653//1653 509//509 459//459
f 461//461 4796//4796 1652//1652 1653//1653
f 467//467 470//470 533//533 478//478
f 467//467 478//478 425//425 464//464
f 468//468 469//469 528//528 473//473
f 496//496 497//497 504//504 563//563
f 452//452 453//453 556//556 4795//4795
f 453//453 498//498 551//551 556//556
f 4796//4796 4797//4797 1651//1651 1652//1652
f 4796//4796 463//463 4798//4798 4797//4797
f 1653//1653 517//517 508//508 509//509
f 538//538 539//539 624//624 544//544
f 528//528 469//469 556//556 554//554
f 583//583 1727//1727 646//646 582//582
f 526//526 537//537 4799//4799 525//525
f 539//539 596//596 611//611 624//624
f 628//628 629//629 2541//2541 635//635
f 570//570 636//636 2530//2530 638//638
f 4788//4788 21//21 655//655 651//651
f 4788//4788 651//651 652//652 4787//4787
f 21//21 22//22 672//672 655//655
f 4787//4787 652//652 658//658 4786//4786
f 4786//4786 658//658 659//659 1859//1859
f 673//673 674//674 4800//4800 678//678
f 675//675 693//693 729//729 674//674
f 716//716 4801//4801 1865//1865 689//689
f 716//716 717//717 721//721 4801//4801
f 718//718 705//705 706//706 720//720
f 725//725 726//726 4802//4802 724//724
f 4802//4802 1902//1902 723//723 724//724
f 4802//4802 761//761 1920//1920 1902//1902
f 4802//4802 726//726 760//760 761//761
f 711//711 753//753 760//760 726//726
f 118//118 809//809 727//727 115//115
f 737//737 730//730 732//732 813//813
f 780//780 858//858 4803//4803 869//869
f 867//867 882//882 782//782 783//783
f 867//867 868//868 879//879 875//875
f 867//867 875//875 876//876 882//882
f 930//930 4805//4805 4804//4804 929//929
f 930//930 932//932 940//940 4805//4805
f 874//874 877//877 4805//4805 940//940
f 877//877 878//878 4807//4807 4806//4806
f 877//877 4806//4806 4804//4804 4805//4805
f 889//889 890//890 4808//4808 896//896
f 4808//4808 4810//4810 4809//4809 896//896
f 4808//4808 890//890 891//891 986//986
f 4808//4808 986//986 987//987 4810//4810
f 946//946 895//895 4811//4811 948//948
f 946//946 947//947 894//894 895//895
f 945//945 948//948 1006//1006 952//952
f 916//916 957//957 383//383 384//384
f 933//933 965//965 943//943 932//932
f 993//993 1003//1003 1052//1052 996//996
f 1006//1006 948//948 4811//4811 1005//1005
f 991//991 1004//1004 4812//4812 988//988
f 1010//1010 1011//1011 1065//1065 1015//1015
f 1015//1015 1065//1065 1066//1066 1018//1018
f 1024//1024 1025//1025 2116//2116 1028//1028
f 968//968 969//969 1086//1086 1091//1091
f 1037//1037 977//977 965//965 967//967
f 1026//1026 4813//4813 2157//2157 1025//1025
f 1026//1026 1027//1027 1080//1080 4813//4813
f 1091//1091 1086//1086 1087//1087 1092//1092
f 1089//1089 1129//1129 1134//1134 1093//1093
f 1093//1093 1134//1134 1135//1135 1096//1096
f 1043//1043 1095//1095 4814//4814 1045//1045
f 1050//1050 1148//1148 1140//1140 1051//1051
f 1050//1050 1045//1045 4814//4814 1148//1148
f 1051//1051 1140//1140 1141//1141 1100//1100
f 1147//1147 4815//4815 1200//1200 1149//1149
f 1147//1147 1148//1148 4814//4814 4815//4815
f 1107//1107 1156//1156 1166//1166 1162//1162
f 1167//1167 1168//1168 1215//1215 1172//1172
f 1187//1187 1192//1192 1230//1230 1233//1233
f 1149//1149 1241//1241 4816//4816 1145//1145
f 1200//1200 4815//4815 4817//4817 1199//1199
f 1145//1145 4816//4816 4818//4818 1144//1144
f 4816//4816 1256//1256 1250//1250 4818//4818
f 4816//4816 1241//1241 1242//1242 1256//1256
f 1188//1188 1189//1189 1198//1198 4819//4819
f 1188//1188 4819//4819 4820//4820 1190//1190
f 1198//1198 1199//1199 4817//4817 4819//4819
f 1144//1144 4818//4818 1203//1203 1146//1146
f 1213//1213 1263//1263 1268//1268 1212//1212
f 1195//1195 4822//4822 4821//4821 1242//1242
f 1195//1195 1196//1196 1247//1247 4822//4822
f 4818//4818 1250//1250 1207//1207 1203//1203
f 1256//1256 1242//1242 4821//4821 1254//1254
f 1270//1270 1271//1271 2431//2431 1273//1273
f 1280//1280 1297//1297 1288//1288 1279//1279
f 14//14 1284//1284 1309//1309 1305//1305
f 58//58 60//60 1299//1299 91//91
f 1284//1284 1285//1285 4823//4823 1309//1309
f 1285//1285 1286//1286 1318//1318 4823//4823
f 1294//1294 1295//1295 1927//1927 1324//1324
f 1308//1308 4824//4824 1344//1344 1307//1307
f 1308//1308 1309//1309 4823//4823 4824//4824
f 4823//4823 1318//1318 1316//1316 4824//4824
f 1344//1344 4824//4824 1316//1316 1317//1317
f 1318//1318 1286//1286 1291//1291 1315//1315
f 1360//1360 1366//1366 1403//1403 1359//1359
f 1376//1376 1377//1377 1419//1419 1378//1378
f 1373//1373 2022//2022 4825//4825 1377//1377
f 1377//1377 4825//4825 1414//1414 1419//1419
f 1378//1378 1419//1419 1415//1415 1410//1410
f 1436//1436 1439//1439 4826//4826 1482//1482
f 1439//1439 1440//1440 1523//1523 4826//4826
f 1415//1415 4827//4827 1407//1407 1410//1410
f 1415//1415 1416//1416 1456//1456 4827//4827
f 1405//1405 4828//4828 1448//1448 1409//1409
f 1405//1405 1406//1406 4829//4829 4828//4828
f 1448//1448 4830//4830 1494//1494 1447//1447
f 1448//1448 4828//4828 4831//4831 4830//4830
f 1456//1456 1457//1457 4829//4829 4827//4827
f 1481//1481 1482//1482 4826//4826 1521//1521
f 4826//4826 1523//1523 1524//1524 1521//1521
f 1521//1521 1524//1524 1529//1529 1520//1520
f 1459//1459 1464//1464 4832//4832 1460//1460
f 1464//1464 1499//1499 4833//4833 4832//4832
f 4833//4833 1499//1499 1549//1549 1543//1543
f 4833//4833 1543//1543 1544//1544 4834//4834
f 4833//4833 4834//4834 4835//4835 4832//4832
f 1499//1499 1500//1500 2177//2177 1549//1549
f 2177//2177 1500//1500 1501//1501 2149//2149
f 1469//1469 1470//1470 1478//1478 1508//1508
f 1520//1520 1529//1529 1530//1530 1522//1522
f 1522//1522 1572//1572 1517//1517 1518//1518
f 1528//1528 1533//1533 1538//1538 1527//1527
f 1547//1547 2178//2178 1597//1597 1593//1593
f 1496//1496 4834//4834 1544//1544 1537//1537
f 1496//1496 1497//1497 4835//4835 4834//4834
f 1590//1590 1592//1592 1603//1603 1591//1591
f 1610//1610 4836//4836 1606//1606 1604//1604
f 1610//1610 1611//1611 1657//1657 4836//4836
f 1626//1626 1627//1627 1636//1636 1704//1704
f 1602//1602 1598//1598 1599//1599 1645//1645
f 1602//1602 1645//1645 1649//1649 1630//1630
f 1629//1629 1630//1630 1649//1649 1633//1633
f 1651//1651 4797//4797 4836//4836 1657//1657
f 1660//1660 1666//1666 1669//1669 4837//4837
f 1660//1660 4837//4837 1611//1611 1612//1612
f 1664//1664 1671//1671 1678//1678 1663//1663
f 1635//1635 1637//1637 1778//1778 1708//1708
f 1733//1733 3583//3583 1730//1730 1729//1729
f 1733//1733 1734//1734 3582//3582 3583//3583
f 1656//1656 1657//1657 1611//1611 1740//1740
f 1668//1668 1738//1738 1739//1739 1667//1667
f 1782//1782 1849//1849 1842//1842 1781//1781
f 1782//1782 1792//1792 1788//1788 1849//1849
f 1782//1782 1776//1776 1777//1777 1792//1792
f 1725//1725 1726//1726 1858//1858 1791//1791
f 1858//1858 2489//2489 3635//3635 1857//1857
f 1734//1734 1741//1741 1794//1794 3582//3582
f 1852//1852 3703//3703 1844//1844 1839//1839
f 1852//1852 1853//1853 1854//1854 3702//3702
f 3635//3635 2489//2489 2492//2492 3634//3634
f 1282//1282 1860//1860 1868//1868 1281//1281
f 1861//1861 1873//1873 1868//1868 1860//1860
f 1874//1874 1879//1879 1893//1893 1878//1878
f 1879//1879 1880//1880 1897//1897 1893//1893
f 1880//1880 1865//1865 4801//4801 1909//1909
f 1883//1883 1926//1926 1927//1927 1295//1295
f 4801//4801 721//721 1910//1910 1909//1909
f 721//721 722//722 1903//1903 1910//1910
f 1910//1910 1903//1903 1904//1904 1908//1908
f 1935//1935 1941//1941 1937//1937 1934//1934
f 1929//1929 1930//1930 1977//1977 1938//1938
f 761//761 762//762 838//838 1920//1920
f 1920//1920 838//838 4838//4838 1919//1919
f 838//838 839//839 2014//2014 4838//4838
f 1919//1919 4838//4838 1955//1955 1918//1918
f 4838//4838 2014//2014 1954//1954 1955//1955
f 1970//1970 1998//1998 1967//1967 1962//1962
f 1967//1967 1998//1998 1999//1999 1992//1992
f 2004//2004 1983//1983 2010//2010 2002//2002
f 2004//2004 1974//1974 1980//1980 1983//1983
f 1992//1992 1999//1999 2003//2003 1994//1994
f 1993//1993 2053//2053 2046//2046 1995//1995
f 2014//2014 2015//2015 2021//2021 1954//1954
f 2021//2021 2015//2015 2016//2016 2074//2074
f 1988//1988 2029//2029 4839//4839 1987//1987
f 2029//2029 2063//2063 2008//2008 4839//4839
f 1995//1995 2049//2049 4840//4840 1991//1991
f 2053//2053 2054//2054 2045//2045 2046//2046
f 2045//2045 2054//2054 2110//2110 2103//2103
f 2054//2054 2055//2055 2058//2058 2110//2110
f 2065//2065 2075//2075 2074//2074 2016//2016
f 2124//2124 2125//2125 2158//2158 2164//2164
f 2148//2148 2150//2150 2154//2154 2192//2192
f 2153//2153 2195//2195 2202//2202 2152//2152
f 2159//2159 4842//4842 4841//4841 2160//2160
f 2159//2159 2156//2156 4843//4843 4842//4842
f 2156//2156 2157//2157 4813//4813 4843//4843
f 2167//2167 2162//2162 2164//2164 2209//2209
f 2164//2164 2158//2158 2160//2160 2209//2209
f 2160//2160 4841//4841 2207//2207 2209//2209
f 2154//2154 2155//2155 2193//2193 2192//2192
f 2152//2152 2202//2202 2225//2225 2155//2155
f 2155//2155 2225//2225 2226//2226 2193//2193
f 1080//1080 1081//1081 2244//2244 4844//4844
f 1080//1080 4844//4844 4843//4843 4813//4813
f 4844//4844 2244//2244 4846//4846 4845//4845
f 4844//4844 4845//4845 4847//4847 4843//4843
f 2214//2214 2210//2210 2267//2267 2272//2272
f 2214//2214 2272//2272 2275//2275 2220//2220
f 2219//2219 2220//2220 2275//2275 2286//2286
f 2234//2234 1596//1596 2180//2180 2191//2191
f 2244//2244 1112//1112 2247//2247 4846//4846
f 4845//4845 4849//4849 4848//4848 4847//4847
f 4845//4845 4846//4846 4850//4850 4849//4849
f 2275//2275 2276//2276 2279//2279 2286//2286
f 2280//2280 2281//2281 4851//4851 2285//2285
f 2326//2326 2329//2329 2273//2273 2274//2274
f 2326//2326 2366//2366 2332//2332 2329//2329
f 4851//4851 4852//4852 2284//2284 2285//2285
f 4851//4851 2281//2281 2328//2328 4853//4853
f 4851//4851 4853//4853 4854//4854 4852//4852
f 2328//2328 2330//2330 2389//2389 4853//4853
f 2333//2333 4856//4856 4855//4855 2334//2334
f 2333//2333 2284//2284 4852//4852 4856//4856
f 2334//2334 4855//4855 4857//4857 2338//2338
f 2311//2311 2335//2335 2411//2411 2350//2350
f 2349//2349 2407//2407 2307//2307 2308//2308
f 2349//2349 2350//2350 2408//2408 2407//2407
f 2350//2350 2411//2411 2415//2415 2408//2408
f 2324//2324 2360//2360 2365//2365 2323//2323
f 2332//2332 2375//2375 2377//2377 2331//2331
f 2332//2332 2366//2366 2367//2367 2375//2375
f 2331//2331 2377//2377 2388//2388 2330//2330
f 2378//2378 2386//2386 2388//2388 2377//2377
f 4853//4853 2389//2389 2390//2390 4854//4854
f 2412//2412 2337//2337 2338//2338 4857//4857
f 2412//2412 4857//4857 2464//2464 2413//2413
f 2395//2395 2470//2470 2425//2425 2414//2414
f 2416//2416 2342//2342 2343//2343 2491//2491
f 1221//1221 1222//1222 2359//2359 2354//2354
f 2482//2482 2483//2483 2487//2487 2488//2488
f 2482//2482 2488//2488 4260//4260 2485//2485
f 2463//2463 4251//4251 4858//4858 2462//2462
f 2488//2488 2461//2461 4312//4312 4260//4260
f 2461//2461 2462//2462 4858//4858 4312//4312
f 2500//2500 4277//4277 2499//2499 2424//2424
f 2500//2500 2501//2501 4268//4268 4277//4277
f 602//602 2507//2507 4859//4859 601//601
f 634//634 635//635 2525//2525 637//637
f 635//635 2541//2541 2524//2524 2525//2525
f 2526//2526 2529//2529 4860//4860 2535//2535
f 633//633 630//630 4861//4861 2540//2540
f 2580//2580 2581//2581 4862//4862 2584//2584
f 2615//2615 2620//2620 2626//2626 2617//2617
f 2646//2646 2757//2757 2691//2691 2645//2645
f 2646//2646 2647//2647 2652//2652 2702//2702
f 2646//2646 2702//2702 2703//2703 2757//2757
f 2598//2598 2652//2652 4862//4862 2597//2597
f 2661//2661 2669//2669 2670//2670 2662//2662
f 2668//2668 2665//2665 2674//2674 2680//2680
f 2674//2674 2675//2675 2684//2684 2680//2680
f 2675//2675 2676//2676 4863//4863 2684//2684
f 2757//2757 2758//2758 2692//2692 2691//2691
f 2704//2704 2705//2705 2775//2775 2759//2759
f 2672//2672 2673//2673 2681//2681 2715//2715
f 2715//2715 2681//2681 2786//2786 2714//2714
f 2745//2745 2746//2746 4864//4864 3734//3734
f 2697//2697 4865//4865 2805//2805 2748//2748
f 2697//2697 2689//2689 2690//2690 4865//4865
f 2688//2688 2752//2752 4866//4866 2687//2687
f 2752//2752 2755//2755 4867//4867 4866//4866
f 2765//2765 2760//2760 2797//2797 2764//2764
f 2765//2765 2692//2692 2758//2758 2760//2760
f 2765//2765 2766//2766 2690//2690 2692//2692
f 2775//2775 2776//2776 2762//2762 2759//2759
f 2773//2773 2781//2781 4868//4868 2778//2778
f 2751//2751 2748//2748 2805//2805 2789//2789
f 2794//2794 2777//2777 2778//2778 2801//2801
f 2794//2794 2795//2795 2776//2776 2777//2777
f 2801//2801 2778//2778 4868//4868 2800//2800
f 2800//2800 4868//4868 2861//2861 2818//2818
f 2821//2821 2861//2861 4868//4868 2781//2781
f 2860//2860 2868//2868 4869//4869 2863//2863
f 2875//2875 2862//2862 4870//4870 2879//2879
f 2884//2884 2908//2908 2887//2887 2856//2856
f 4869//4869 2868//2868 2894//2894 2922//2922
f 4869//4869 4870//4870 2862//2862 2863//2863
f 4869//4869 2922//2922 2923//2923 4870//4870
f 2877//2877 2878//2878 2960//2960 2950//2950
f 2937//2937 2942//2942 2983//2983 2972//2972
f 2965//2965 3002//3002 2989//2989 2964//2964
f 2989//2989 3002//3002 3003//3003 2990//2990
f 2988//2988 2990//2990 3007//3007 2992//2992
f 3038//3038 3045//3045 3050//3050 3010//3010
f 3009//3009 3010//3010 3050//3050 3020//3020
f 3029//3029 3030//3030 4170//4170 3057//3057
f 3044//3044 3062//3062 4173//4173 3073//3073
f 587//587 588//588 4871//4871 3080//3080
f 3079//3079 3080//3080 4871//4871 3122//3122
f 3088//3088 3128//3128 3131//3131 3090//3090
f 1253//1253 4872//4872 3102//3102 1252//1252
f 1253//1253 4873//4873 3094//3094 4872//4872
f 1253//1253 1254//1254 4821//4821 4873//4873
f 3102//3102 4872//4872 3096//3096 3142//3142
f 1261//1261 3100//3100 3103//3103 3106//3106
f 2431//2431 3119//3119 4231//4231 2430//2430
f 3128//3128 3129//3129 3133//3133 3131//3131
f 3154//3154 4875//4875 4874//4874 3157//3157
f 3154//3154 3155//3155 3185//3185 4875//4875
f 4874//4874 3196//3196 3117//3117 3157//3157
f 4874//4874 4875//4875 4877//4877 4876//4876
f 4874//4874 4876//4876 3195//3195 3196//3196
f 3114//3114 3118//3118 3163//3163 3120//3120
f 3170//3170 2641//2641 2644//2644 3211//3211
f 3211//3211 2644//2644 2686//2686 3210//3210
f 3168//3168 3212//3212 4878//4878 3174//3174
f 3185//3185 3186//3186 4877//4877 4875//4875
f 3186//3186 3192//3192 4879//4879 4877//4877
f 3192//3192 3193//3193 4880//4880 4879//4879
f 4877//4877 4879//4879 4881//4881 4876//4876
f 4879//4879 4880//4880 3261//3261 4881//4881
f 4876//4876 4881//4881 3200//3200 3195//3195
f 4881//4881 3261//3261 3203//3203 3200//3200
f 3210//3210 2686//2686 4882//4882 3215//3215
f 3228//3228 3229//3229 3223//3223 3224//3224
f 3228//3228 3224//3224 3277//3277 3278//3278
f 3245//3245 3233//3233 3234//3234 3286//3286
f 3234//3234 3235//3235 3284//3284 3286//3286
f 3261//3261 4880//4880 4883//4883 3260//3260
f 4866//4866 4882//4882 2686//2686 2687//2687
f 4866//4866 4867//4867 4884//4884 4882//4882
f 3218//3218 3219//3219 3316//3316 3271//3271
f 3316//3316 4867//4867 2755//2755 3313//3313
f 3316//3316 3219//3219 4884//4884 4867//4867
f 3222//3222 3272//3272 3277//3277 3224//3224
f 3300//3300 3295//3295 3298//3298 3304//3304
f 3298//3298 3339//3339 3345//3345 3304//3304
f 3309//3309 3302//3302 3303//3303 3349//3349
f 3303//3303 3304//3304 3345//3345 3349//3349
f 3310//3310 3350//3350 3311//3311 3308//3308
f 3268//3268 3311//3311 4473//4473 3267//3267
f 3363//3363 2837//2837 2838//2838 3390//3390
f 3379//3379 3381//3381 3426//3426 3388//3388
f 2839//2839 2890//2890 3390//3390 2838//2838
f 3391//3391 3392//3392 3439//3439 3398//3398
f 3398//3398 3446//3446 3400//3400 3397//3397
f 3398//3398 3439//3439 3440//3440 3446//3446
f 3445//3445 3487//3487 3449//3449 3413//3413
f 3449//3449 3487//3487 3490//3490 3450//3450
f 3448//3448 3450//3450 3493//3493 3453//3453
f 3420//3420 3463//3463 3459//3459 3419//3419
f 3420//3420 3421//3421 3454//3454 3463//3463
f 3453//3453 3493//3493 3494//3494 3452//3452
f 3496//3496 3498//3498 3526//3526 3497//3497
f 3539//3539 3540//3540 4885//4885 3541//3541
f 3531//3531 3056//3056 3542//3542 3544//3544
f 3538//3538 3551//3551 4886//4886 3540//3540
f 3552//3552 3565//3565 4886//4886 3551//3551
f 3572//3572 3076//3076 3077//3077 4784//4784
f 1831//1831 4887//4887 3609//3609 1824//1824
f 1831//1831 3617//3617 4888//4888 4887//4887
f 3617//3617 3618//3618 3626//3626 4888//4888
f 3609//3609 4887//4887 3682//3682 3616//3616
f 4887//4887 4888//4888 4889//4889 3682//3682
f 4888//4888 3626//3626 3627//3627 4889//4889
f 3618//3618 3619//3619 3621//3621 3626//3626
f 3623//3623 3704//3704 3690//3690 3624//3624
f 3623//3623 1846//1846 1843//1843 3704//3704
f 3636//3636 3642//3642 1854//1854 1855//1855
f 3592//3592 3593//3593 3654//3654 3645//3645
f 2677//2677 3655//3655 4890//4890 2676//2676
f 3668//3668 3753//3753 3752//3752 3664//3664
f 3674//3674 3612//3612 3767//3767 3675//3675
f 3767//3767 3612//3612 3613//3613 4891//4891
f 3767//3767 4891//4891 4892//4892 3766//3766
f 3613//3613 3614//3614 3679//3679 4891//4891
f 4891//4891 3679//3679 3787//3787 4892//4892
f 3679//3679 3680//3680 3782//3782 3787//3787
f 3697//3697 3777//3777 3688//3688 3686//3686
f 3710//3710 3708//3708 3713//3713 3804//3804
f 3720//3720 4894//4894 4893//4893 3719//3719
f 3720//3720 3722//3722 3732//3732 4894//4894
f 3655//3655 3719//3719 4893//4893 4890//4890
f 4890//4890 4895//4895 4863//4863 2676//2676
f 4890//4890 4893//4893 4896//4896 4895//4895
f 3732//3732 3733//3733 4897//4897 4894//4894
f 3737//3737 3748//3748 4898//4898 3750//3750
f 3749//3749 3812//3812 3813//3813 3751//3751
f 3749//3749 3750//3750 3818//3818 3812//3812
f 3750//3750 4898//4898 4899//4899 3818//3818
f 3745//3745 3752//3752 4900//4900 3746//3746
f 3752//3752 3753//3753 3760//3760 4900//4900
f 4900//4900 3760//3760 3761//3761 3826//3826
f 4900//4900 3826//3826 4898//4898 3746//3746
f 3766//3766 4892//4892 3773//3773 3765//3765
f 4892//4892 3787//3787 3775//3775 3773//3773
f 3751//3751 4902//4902 4901//4901 3741//3741
f 3751//3751 3813//3813 4903//4903 4902//4902
f 3813//3813 3814//3814 4904//4904 4903//4903
f 3818//3818 4899//4899 3885//3885 3817//3817
f 3814//3814 3815//3815 4905//4905 4904//4904
f 3815//3815 3886//3886 4906//4906 4905//4905
f 3885//3885 4899//4899 3824//3824 3825//3825
f 4899//4899 4898//4898 3826//3826 3824//3824
f 3842//3842 3843//3843 3912//3912 3861//3861
f 3864//3864 3867//3867 3852//3852 3850//3850
f 3864//3864 3794//3794 4907//4907 3867//3867
f 3870//3870 3865//3865 4908//4908 3880//3880
f 3806//3806 3879//3879 3807//3807 3805//3805
f 3886//3886 3887//3887 4909//4909 4906//4906
f 3882//3882 3883//3883 3944//3944 3889//3889
f 3889//3889 3939//3939 3940//3940 3888//3888
f 3883//3883 3891//3891 3943//3943 3944//3944
f 3828//3828 3831//3831 3902//3902 3896//3896
f 3921//3921 3923//3923 3980//3980 3973//3973
f 3990//3990 3992//3992 4506//4506 4568//4568
f 3918//3918 3974//3974 3968//3968 3960//3960
f 3969//3969 3982//3982 4007//4007 3967//3967
f 3985//3985 3991//3991 4017//4017 3984//3984
f 4004//4004 4041//4041 4035//4035 4002//4002
f 4007//4007 3982//3982 4021//4021 4011//4011
f 4025//4025 3993//3993 3994//3994 4910//4910
f 4025//4025 4910//4910 4650//4650 4024//4024
f 4028//4028 4030//4030 4074//4074 4027//4027
f 4035//4035 4032//4032 4001//4001 4002//4002
f 4047//4047 4048//4048 4055//4055 4087//4087
f 4115//4115 4116//4116 4143//4143 4119//4119
f 4141//4141 4144//4144 4170//4170 3030//3030
f 4141//4141 4119//4119 4143//4143 4144//4144
f 4147//4147 4155//4155 4172//4172 4149//4149
f 4210//4210 4211//4211 4219//4219 4213//4213
f 4216//4216 4217//4217 4777//4777 4227//4227
f 4231//4231 4290//4290 4235//4235 4230//4230
f 4231//4231 3119//3119 3120//3120 4290//4290
f 4252//4252 4308//4308 4325//4325 4254//4254
f 4312//4312 4858//4858 4321//4321 4311//4311
f 4858//4858 4251//4251 4254//4254 4321//4321
f 4321//4321 4254//4254 4325//4325 4320//4320
f 4294//4294 4340//4340 4344//4344 4296//4296
f 4405//4405 4407//4407 4504//4504 4404//4404
f 4367//4367 4431//4431 4448//4448 4366//4366
f 4380//4380 4462//4462 4460//4460 4379//4379
f 3267//3267 4473//4473 4466//4466 4393//4393
f 4500//4500 4566//4566 4578//4578 4502//4502
f 4500//4500 4501//4501 4562//4562 4566//4566
f 4568//4568 4911//4911 4522//4522 4552//4552
f 4568//4568 4506//4506 4507//4507 4911//4911
f 4512//4512 4513//4513 4454//4454 4434//4434
f 4512//4512 4434//4434 4435//4435 4511//4511
f 4502//4502 4578//4578 4579//4579 4523//4523
f 4524//4524 4463//4463 4525//4525 4516//4516
f 4533//4533 4528//4528 4529//4529 4586//4586
f 4521//4521 4518//4518 4579//4579 4572//4572
f 4650//4650 4912//4912 4604//4604 4605//4605
f 4650//4650 4910//4910 4569//4569 4912//4912
f 4910//4910 3994//3994 3995//3995 4569//4569
f 4607//4607 4608//4608 4614//4614 4609//4609
f 4619//4619 4620//4620 4637//4637 4618//4618
f 4620//4620 4565//4565 4567//4567 4593//4593
f 3431//3431 3428//3428 4629//4629 4622//4622
f 4625//4625 4913//4913 4590//4590 4584//4584
f 4625//4625 4626//4626 4630//4630 4913//4913
f 4590//4590 4913//4913 4595//4595 4596//4596
f 4913//4913 4630//4630 4645//4645 4595//4595
f 4641//4641 4647//4647 4687//4687 4662//4662
f 4661//4661 4662//4662 4687//4687 4663//4663
f 4663//4663 4687//4687 4688//4688 4664//4664
f 4670//4670 4668//4668 4675//4675 4676//4676
f 4670//4670 4915//4915 4914//4914 4666//4666
f 4670//4670 4676//4676 4629//4629 4915//4915
f 4676//4676 4634//4634 4628//4628 4629//4629
f 3464//3464 4666//4666 4914//4914 3466//3466
f 4668//4668 4669//4669 4677//4677 4675//4675
f 4643//4643 4681//4681 4689//4689 4642//4642
f 4659//4659 4719//4719 4685//4685 4658//4658
f 4659//4659 4660//4660 4664//4664 4719//4719
f 4719//4719 4664//4664 4688//4688 4690//4690
f 4725//4725 4726//4726 4756//4756 4733//4733
f 4740//4740 4782//4782 4758//4758 4741//4741
f 4740//4740 4730//4730 4781//4781 4782//4782
f 4165//4165 4166//4166 4751//4751 4746//4746
f 4751//4751 4752//4752 4747//4747 4749//4749
f 4781//4781 4755//4755 4767//4767 4780//4780
f 4781//4781 4730//4730 4731//4731 4755//4755
f 4780//4780 4767//4767 4765//4765 4783//4783
f 4783//4783 4765//4765 4766//4766 4771//4771
f 4761//4761 4775//4775 4190//4190 4191//4191
f 4190//4190 4775//4775 4776//4776 4189//4189
f 408//408 464//464 425//425 426//426
f 463//463 403//403 404//404 4798//4798
f 471//471 525//525 4799//4799 470//470
f 590//590 546//546 547//547 589//589
f 678//678 4800//4800 4916//4916 683//683
f 682//682 683//683 4916//4916 751//751
f 858//858 865//865 4917//4917 4803//4803
f 825//825 893//893 829//829 750//750
f 887//887 937//937 891//891 886//886
f 981//981 891//891 937//937 938//938
f 981//981 982//982 986//986 891//891
f 896//896 4809//4809 4811//4811 895//895
f 942//942 943//943 965//965 977//977
f 987//987 988//988 4812//4812 4810//4810
f 1005//1005 4811//4811 4809//4809 1004//1004
f 969//969 1031//1031 444//444 1086//1086
f 1137//1137 1190//1190 4918//4918 1136//1136
f 4819//4819 4817//4817 4919//4919 4820//4820
f 1497//1497 1498//1498 4920//4920 4835//4835
f 1575//1575 1582//1582 1627//1627 1574//1574
f 1596//1596 1597//1597 2178//2178 2180//2180
f 1639//1639 1719//1719 4921//4921 1638//1638
f 1639//1639 1633//1633 1649//1649 1718//1718
f 4836//4836 4797//4797 4798//4798 1606//1606
f 1974//1974 1975//1975 4922//4922 1980//1980
f 1965//1965 1991//1991 4840//4840 1964//1964
f 2602//2602 2540//2540 4861//4861 2550//2550
f 630//630 631//631 4923//4923 4861//4861
f 2529//2529 2533//2533 2596//2596 4860//4860
f 2827//2827 2743//2743 3941//3941 3934//3934
f 3092//3092 3096//3096 4872//4872 3094//3094
f 3213//3213 3221//3221 4878//4878 3212//3212
f 3193//3193 3251//3251 4883//4883 4880//4880
f 3419//3419 3459//3459 3460//3460 3432//3432
f 3458//3458 3461//3461 3503//3503 3510//3510
f 3565//3565 4754//4754 4924//4924 4886//4886
f 3627//3627 3629//3629 4925//4925 4889//4889
f 3777//3777 3778//3778 3683//3683 4926//4926
f 3777//3777 4926//4926 4927//4927 3688//3688
f 4894//4894 4897//4897 4896//4896 4893//4893
f 3741//3741 4901//4901 4928//4928 3740//3740
f 3748//3748 3744//3744 3746//3746 4898//4898
f 3799//3799 3800//3800 4930//4930 4929//4929
f 3799//3799 4929//4929 4931//4931 3796//3796
f 3853//3853 3925//3925 3847//3847 3848//3848
f 3887//3887 3888//3888 3940//3940 4932//4932
f 3887//3887 4932//4932 4933//4933 4909//4909
f 2739//2739 3940//3940 3941//3941 2743//2743
f 2739//2739 2735//2735 4932//4932 3940//3940
f 3924//3924 3926//3926 3980//3980 3923//3923
f 3992//3992 3979//3979 3980//3980 4426//4426
f 4195//4195 4200//4200 4934//4934 4194//4194
f 4424//4424 4413//4413 4414//4414 4935//4935
f 4424//4424 4935//4935 4936//4936 4507//4507
f 4754//4754 4756//4756 4937//4937 4924//4924
f 188//188 4792//4792 131//131 132//132
f 342//342 4794//4794 4938//4938 343//343
f 388//388 415//415 4794//4794 387//387
f 469//469 420//420 4795//4795 556//556
f 537//537 531//531 532//532 4799//4799
f 540//540 592//592 589//589 547//547
f 674//674 729//729 752//752 4800//4800
f 898//898 899//899 947//947 905//905
f 1029//1029 441//441 444//444 1031//1031
f 1096//1096 1135//1135 4939//4939 1097//1097
f 4828//4828 4829//4829 1457//1457 4831//4831
f 4832//4832 4835//4835 4920//4920 1460//1460
f 1792//1792 1777//1777 4940//4940 1720//1720
f 1720//1720 4940//4940 4921//4921 1719//1719
f 1888//1888 1889//1889 4941//4941 1930//1930
f 1975//1975 1976//1976 4942//4942 4922//4922
f 1983//1983 1981//1981 1986//1986 2010//2010
f 2049//2049 2050//2050 2051//2051 4840//4840
f 2260//2260 2212//2212 4848//4848 2262//2262
f 2398//2398 2451//2451 2480//2480 2397//2397
f 2487//2487 2483//2483 2486//2486 2455//2455
f 2597//2597 4862//4862 2581//2581 2599//2599
f 2746//2746 2682//2682 2685//2685 4864//4864
f 2746//2746 2747//2747 2681//2681 2682//2682
f 2741//2741 2786//2786 2681//2681 2747//2747
f 2878//2878 2879//2879 4943//4943 2960//2960
f 3223//3223 3229//3229 3231//3231 3225//3225
f 3682//3682 4889//4889 4925//4925 3681//3681
f 3681//3681 4925//4925 4926//4926 3683//3683
f 3728//3728 3740//3740 4928//4928 3727//3727
f 3727//3727 4928//4928 4944//4944 3730//3730
f 3734//3734 4864//4864 4945//4945 3733//3733
f 3867//3867 4907//4907 4946//4946 3866//3866
f 3866//3866 4946//4946 4908//4908 3865//3865
f 4906//4906 3808//3808 3810//3810 4905//4905
f 4906//4906 4909//4909 2737//2737 3808//3808
f 2735//2735 2736//2736 4933//4933 4932//4932
f 3566//3566 4767//4767 4755//4755 3564//3564
f 4790//4790 66//66 67//67 86//86
f 4790//4790 203//203 65//65 66//66
f 4792//4792 4791//4791 193//193 198//198
f 4792//4792 198//198 130//130 131//131
f 380//380 382//382 282//282 283//283
f 4947//4947 281//281 282//282 382//382
f 4947//4947 957//957 913//913 281//281
f 4947//4947 382//382 383//383 957//957
f 416//416 385//385 343//343 4938//4938
f 416//416 4938//4938 4794//4794 415//415
f 532//532 533//533 470//470 4799//4799
f 4916//4916 4800//4800 752//752 751//751
f 752//752 729//729 730//730 738//738
f 878//878 879//879 4948//4948 4807//4807
f 4948//4948 870//870 4949//4949 4807//4807
f 4948//4948 879//879 868//868 870//870
f 4807//4807 4949//4949 4950//4950 4806//4806
f 4806//4806 4950//4950 4951//4951 4804//4804
f 4951//4951 4950//4950 4917//4917 931//931
f 4951//4951 931//931 929//929 4804//4804
f 4950//4950 4949//4949 4803//4803 4917//4917
f 4917//4917 865//865 866//866 931//931
f 4949//4949 870//870 869//869 4803//4803
f 900//900 829//829 893//893 899//899
f 899//899 893//893 894//894 947//947
f 4812//4812 1004//1004 4809//4809 4810//4810
f 4918//4918 4939//4939 1135//1135 1136//1136
f 4918//4918 1190//1190 4820//4820 4939//4939
f 4939//4939 4820//4820 4919//4919 1097//1097
f 4814//4814 1095//1095 1097//1097 4919//4919
f 4814//4814 4919//4919 4817//4817 4815//4815
f 138//138 88//88 135//135 216//216
f 133//133 1338//1338 1387//1387 135//135
f 1407//1407 4827//4827 4829//4829 1406//1406
f 4952//4952 1413//1413 1414//1414 4825//4825
f 4952//4952 2023//2023 2051//2051 1413//1413
f 4952//4952 4825//4825 2022//2022 2023//2023
f 2051//2051 2023//2023 1964//1964 4840//4840
f 4953//4953 4954//4954 4920//4920 1498//1498
f 4953//4953 4830//4830 4831//4831 4954//4954
f 4953//4953 1498//1498 1494//1494 4830//4830
f 4920//4920 4954//4954 1458//1458 1460//1460
f 1458//1458 4954//4954 4831//4831 1457//1457
f 1593//1593 1600//1600 1603//1603 1592//1592
f 4798//4798 404//404 1553//1553 1606//1606
f 1583//1583 1636//1636 1627//1627 1582//1582
f 1669//1669 1667//1667 1739//1739 4837//4837
f 1739//1739 1740//1740 1611//1611 4837//4837
f 4921//4921 4940//4940 1637//1637 1638//1638
f 1637//1637 4940//4940 1777//1777 1778//1778
f 1937//1937 1980//1980 4922//4922 1936//1936
f 1936//1936 4922//4922 4942//4942 1932//1932
f 4941//4941 1889//1889 1891//1891 4955//4955
f 4941//4941 4955//4955 1977//1977 1930//1930
f 4942//4942 1976//1976 1977//1977 4955//4955
f 4942//4942 4955//4955 1891//1891 1932//1932
f 1986//1986 1987//1987 4839//4839 4956//4956
f 1986//1986 4956//4956 2009//2009 2010//2010
f 4956//4956 4839//4839 2008//2008 2009//2009
f 4843//4843 4847//4847 2206//2206 4842//4842
f 2206//2206 2207//2207 4841//4841 4842//4842
f 2206//2206 4847//4847 4848//4848 2212//2212
f 4848//4848 4849//4849 2253//2253 2262//2262
f 4850//4850 2250//2250 2253//2253 4849//4849
f 4850//4850 4846//4846 2247//2247 2250//2250
f 2262//2262 2253//2253 2251//2251 2257//2257
f 2464//2464 4857//4857 4855//4855 4957//4957
f 2464//2464 4957//4957 2390//2390 2382//2382
f 4855//4855 4856//4856 4958//4958 4957//4957
f 4958//4958 4854//4854 2390//2390 4957//4957
f 4958//4958 4856//4856 4852//4852 4854//4854
f 2480//2480 2451//2451 2455//2455 2486//2486
f 4959//4959 593//593 601//601 4859//4859
f 4959//4959 4871//4871 588//588 593//593
f 4959//4959 4859//4859 3122//3122 4871//4871
f 4859//4859 2507//2507 2574//2574 3122//3122
f 4960//4960 2546//2546 2547//2547 4923//4923
f 4960//4960 632//632 643//643 2546//2546
f 4960//4960 4923//4923 631//631 632//632
f 4861//4861 4923//4923 2547//2547 2550//2550
f 4961//4961 2599//2599 2581//2581 2578//2578
f 4961//4961 4860//4860 2596//2596 2599//2599
f 4961//4961 2578//2578 2535//2535 4860//4860
f 2652//2652 2647//2647 2584//2584 4862//4862
f 4962//4962 2683//2683 2684//2684 4863//4863
f 4962//4962 4963//4963 2685//2685 2683//2683
f 4962//4962 4863//4863 4895//4895 4963//4963
f 4895//4895 4896//4896 4945//4945 4963//4963
f 2685//2685 4963//4963 4945//4945 4864//4864
f 4945//4945 4896//4896 4897//4897 3733//3733
f 2761//2761 2762//2762 2797//2797 2760//2760
f 2797//2797 2762//2762 2776//2776 2795//2795
f 2769//2769 2770//2770 2805//2805 4865//4865
f 2769//2769 4865//4865 2690//2690 2766//2766
f 2924//2924 2960//2960 4943//4943 2923//2923
f 4943//4943 2879//2879 4870//4870 2923//2923
f 4964//4964 3072//3072 4194//4194 4934//4934
f 4964//4964 3077//3077 3070//3070 3072//3072
f 4964//4964 4934//4934 4784//4784 3077//3077
f 4784//4784 4934//4934 4200//4200 4224//4224
f 4965//4965 4822//4822 1247//1247 1248//1248
f 4965//4965 4873//4873 4821//4821 4822//4822
f 4965//4965 1248//1248 3094//3094 4873//4873
f 3133//3133 3129//3129 3173//3173 3230//3230
f 3230//3230 3173//3173 3175//3175 3231//3231
f 4966//4966 4878//4878 3221//3221 3225//3225
f 4966//4966 3175//3175 3174//3174 4878//4878
f 4966//4966 3225//3225 3231//3231 3175//3175
f 4967//4967 4883//4883 3251//3251 3254//3254
f 4967//4967 3259//3259 3260//3260 4883//4883
f 4967//4967 3254//3254 3305//3305 3259//3259
f 4884//4884 3219//3219 3215//3215 4882//4882
f 3460//3460 3466//3466 4968//4968 3432//3432
f 4968//4968 3430//3430 3425//3425 3432//3432
f 4968//4968 3466//3466 4914//4914 3430//3430
f 3430//3430 4914//4914 4915//4915 3429//3429
f 3429//3429 4915//4915 4629//4629 3428//3428
f 3501//3501 3462//3462 3463//3463 3454//3454
f 3501//3501 3499//3499 3461//3461 3462//3462
f 3701//3701 3702//3702 1854//1854 3642//3642
f 3704//3704 1843//1843 1844//1844 3703//3703
f 3782//3782 3680//3680 3683//3683 3778//3778
f 4927//4927 3629//3629 3630//3630 3688//3688
f 4927//4927 4926//4926 4925//4925 3629//3629
f 4969//4969 4901//4901 4902//4902 4970//4970
f 4969//4969 4944//4944 4928//4928 4901//4901
f 4969//4969 4970//4970 4971//4971 4944//4944
f 4970//4970 4902//4902 4903//4903 4972//4972
f 4970//4970 4972//4972 4973//4973 4971//4971
f 4972//4972 4903//4903 4904//4904 4973//4973
f 4944//4944 4971//4971 3809//3809 3730//3730
f 4971//4971 4973//4973 3810//3810 3809//3809
f 3790//3790 3791//3791 3796//3796 4931//4931
f 3790//3790 4931//4931 4907//4907 3794//3794
f 4905//4905 3810//3810 4973//4973 4904//4904
f 4931//4931 4929//4929 4946//4946 4907//4907
f 4929//4929 4930//4930 4908//4908 4946//4946
f 4974//4974 3880//3880 4908//4908 4930//4930
f 4974//4974 3807//3807 3879//3879 3880//3880
f 4974//4974 4930//4930 3800//3800 3807//3807
f 4933//4933 2736//2736 2737//2737 4909//4909
f 3932//3932 4426//4426 3980//3980 3926//3926
f 4417//4417 4936//4936 4935//4935 4414//4414
f 4417//4417 4418//4418 4975//4975 4936//4936
f 4936//4936 4975//4975 4911//4911 4507//4507
f 4418//4418 4419//4419 4519//4519 4975//4975
f 4911//4911 4975//4975 4519//4519 4522//4522
f 4511//4511 4523//4523 4579//4579 4518//4518
f 4606//4606 4604//4604 4912//4912 4556//4556
f 4606//4606 4556//4556 4557//4557 4603//4603
f 4556//4556 4912//4912 4569//4569 4555//4555
f 4937//4937 4756//4756 4726//4726 4728//4728
f 4937//4937 4728//4728 4885//4885 4924//4924
f 4728//4728 4727//4727 3541//3541 4885//4885
f 4924//4924 4885//4885 3540//3540 4886//4886
f 4976//4976 4219//4219 4189//4189 4776//4776
f 4976//4976 4217//4217 4213//4213 4219//4219
f 4976//4976 4776//4776 4777//4777 4217//4217
